event_id,latitude,longitude,start,end,end_exclusive,duration_hours,ptype_codes,ptype_labels,dominant_ptype_code,dominant_ptype_label,freezing_liquid_hours,wet_snow_hours,temperature_mean_c,temperature_min_c,temperature_max_c,gust_mean_ms,gust_max_ms,precip_rate_mean_mmh,precip_rate_max_mmh,precipitation_water_equivalent_mm,snowfall_rate_mean_mmh,snowfall_rate_max_mmh,snowfall_water_equivalent_mm,tcslw_mean_kgm2,tcslw_max_kgm2
E00789,40.25,22.75,2012-02-07T00:00:00,2012-02-09T17:00:00,2012-02-09T18:00:00,66,6,wet_snow,6,wet_snow,0,66,2.338067257,0.6607971191,3.740142822,11.22171479,22.84390831,0.4554033279,3.019523621,30.05661964,0.3315177831,2.387595177,21.88017273,0.1992543538,0.838470459
E00746,40.25,22.5,2012-02-07T00:00:00,2012-02-09T17:00:00,2012-02-09T18:00:00,66,6,wet_snow,6,wet_snow,0,66,-0.07717895508,-2.77255249,1.818267822,9.433680621,19.89828491,0.4886627197,3.417348862,32.2517395,0.4775177349,3.16683054,31.5161705,0.1592751705,0.5952453613
E01605,40,22.75,2014-12-30T02:00:00,2015-01-01T03:00:00,2015-01-01T04:00:00,50,6,wet_snow,6,wet_snow,0,50,1.761317139,0.9769592285,2.982818604,14.82383654,16.82694817,0.2383174896,0.6823539734,11.91587448,0.2318007946,0.6799399853,11.5900383,0.08468566895,0.1477966309
E01540,40,22.5,2014-12-30T02:00:00,2015-01-01T03:00:00,2015-01-01T04:00:00,50,6,wet_snow,6,wet_snow,0,50,-1.489190674,-2.729217529,0.2425842285,12.15741079,14.56255054,0.2146282196,0.6154060364,10.73141098,0.2146453857,0.6154596806,10.73226833,0.05964599609,0.1055297852
E01758,39.75,21.75,2017-12-20T15:00:00,2017-12-22T13:00:00,2017-12-22T14:00:00,47,6,wet_snow,6,wet_snow,0,47,1.241046662,0.2967834473,3.376495361,3.532895656,5.45649147,0.1780986786,0.621843338,8.370637894,0.1699949833,0.5883693695,7.989763737,0.1172537296,0.3444519043
E00797,40.25,22.75,2014-12-30T05:00:00,2015-01-01T01:00:00,2015-01-01T02:00:00,45,6,wet_snow,6,wet_snow,0,45,1.896414524,1.037872314,3.119171143,12.98663974,14.50763416,0.1105499268,0.4428863525,4.974746704,0.1065027714,0.4398822784,4.79262495,0.06355658637,0.1242980957
E00754,40.25,22.5,2014-12-30T05:00:00,2015-01-01T01:00:00,2015-01-01T02:00:00,45,6,wet_snow,6,wet_snow,0,45,-1.260269504,-2.303436279,0.1136779785,10.52199131,12.35934448,0.1382541656,0.4832267761,6.221437454,0.138283968,0.4832267761,6.22277832,0.05186564128,0.1015319824
E02163,39.75,22.75,2014-12-30T01:00:00,2014-12-31T14:00:00,2014-12-31T15:00:00,38,6,wet_snow,6,wet_snow,0,38,1.673547042,0.952545166,3.1222229,13.20339567,16.12407303,0.4744968916,0.9527206421,18.03088188,0.4624495381,0.9525597095,17.57308197,0.09091909308,0.1745910645
E02020,39.75,22.25,2017-12-20T16:00:00,2017-12-22T04:00:00,2017-12-22T05:00:00,37,6,wet_snow,6,wet_snow,0,37,1.723726015,0.7621154785,4.177154541,3.407624734,4.851835251,0.1177504256,0.4351615906,4.356765747,0.08023864514,0.3163933754,2.96882987,0.06351697767,0.2375793457
E01892,39.75,22,2017-12-20T16:00:00,2017-12-22T04:00:00,2017-12-22T05:00:00,37,6,wet_snow,6,wet_snow,0,37,1.527410559,0.7704162598,3.509185791,2.820156407,4.013430595,0.1424441466,0.4785060883,5.270433426,0.1359575504,0.4555463791,5.030429363,0.08938021273,0.2950439453
E02649,39.5,22.75,2019-02-23T08:00:00,2019-02-24T19:00:00,2019-02-24T20:00:00,36,6,wet_snow,6,wet_snow,0,36,2.056552463,1.152008057,2.897613525,14.45974204,19.69391823,0.6296515465,2.189540863,22.66745567,0.578546524,1.627188921,20.82767487,0.09701114231,0.2419433594
E00788,40.25,22.75,2012-02-01T04:00:00,2012-02-02T12:00:00,2012-02-02T13:00:00,33,6,wet_snow,6,wet_snow,0,33,3.175911643,1.994537354,3.830352783,12.32361666,15.41574383,0.5887985229,1.204204559,19.43035126,0.4812907089,0.998210907,15.88259315,0.1666167288,0.2256774902
E00745,40.25,22.5,2012-02-01T04:00:00,2012-02-02T12:00:00,2012-02-02T13:00:00,33,6,wet_snow,6,wet_snow,0,33,-0.121969512,-2.271575928,0.8952941895,10.14046681,13.65071869,0.756298412,1.523065567,24.9578476,0.7321552797,1.499676704,24.16112518,0.1654561361,0.2523803711
E02603,39.5,22.75,2014-12-31T09:00:00,2015-01-01T16:00:00,2015-01-01T17:00:00,32,6,wet_snow,6,wet_snow,0,32,2.05821991,0.3683166504,3.402862549,13.27696368,16.27261925,0.2477020025,0.7995128632,7.926464081,0.2464966848,0.7981181145,7.887893677,0.07075881958,0.165802002
E03331,39.25,22.75,2019-02-23T11:00:00,2019-02-24T17:00:00,2019-02-24T18:00:00,31,6,wet_snow,6,wet_snow,0,31,2.634158227,1.771148682,3.421539307,12.84521158,16.96448708,0.7222790872,1.622200012,22.3906517,0.6930897313,1.373720169,21.48578072,0.1076896421,0.2176818848
E01640,40,22.75,2019-01-04T09:00:00,2019-01-05T14:00:00,2019-01-05T15:00:00,30,6,wet_snow,6,wet_snow,0,30,2.091823324,1.625274658,3.090118408,14.6500439,17.53325462,1.43614769,2.573204041,43.08443451,1.239715219,2.217060328,37.19145966,0.2018900553,0.4271240234
E01575,40,22.5,2019-01-04T09:00:00,2019-01-05T14:00:00,2019-01-05T15:00:00,30,6,wet_snow,6,wet_snow,0,30,-0.9124735514,-1.791595459,0.5008850098,10.40639153,13.2866497,1.051754951,2.065944672,31.55264854,1.022955179,2.016484737,30.68865776,0.1236877441,0.2743835449
E02157,39.75,22.75,2012-02-08T08:00:00,2012-02-09T11:00:00,2012-02-09T12:00:00,28,6,wet_snow,6,wet_snow,0,28,2.410443987,1.488189697,3.184112549,11.49133216,13.79862118,0.3613318716,0.6789207458,10.1172924,0.3492236137,0.676882267,9.778260231,0.1089150565,0.1419372559
E01014,40,21.75,2018-12-31T07:00:00,2019-01-01T08:00:00,2019-01-01T09:00:00,26,6,wet_snow,6,wet_snow,0,26,3.05940364,0.9730529785,4.487945557,6.309223652,8.369274139,0.1712652353,0.4669189453,4.452896118,0.1351441328,0.4368782043,3.513747454,0.02406545786,0.0553894043
E02634,39.5,22.75,2016-12-29T21:00:00,2016-12-30T21:00:00,2016-12-30T22:00:00,25,6,wet_snow,6,wet_snow,0,25,3.008624268,1.0753479,4.847930908,10.75871872,14.36341,0.004943847656,0.02403259277,0.1235961914,0.003433227539,0.02210140228,0.08583068848,0.006771240234,0.02041625977
E03266,39.25,22.75,2014-12-30T00:00:00,2014-12-31T00:00:00,2014-12-31T01:00:00,25,6,wet_snow,6,wet_snow,0,25,1.597374268,0.3562316895,4.478424072,9.132800102,13.92752075,0.7923030853,1.409339905,19.80757713,0.7679679394,1.409286261,19.19919968,0.1404406738,0.2177124023
E02591,39.5,22.75,2012-02-09T14:00:00,2012-02-10T13:00:00,2012-02-10T14:00:00,24,6,wet_snow,6,wet_snow,0,24,2.143122355,1.299224854,3.515533447,9.154965599,13.41828728,0.1501500607,0.2982616425,3.603601456,0.1309633255,0.2736926079,3.143119812,0.05901845296,0.09939575195
E02152,39.75,22.75,2012-01-30T19:00:00,2012-01-31T18:00:00,2012-01-31T19:00:00,24,6,wet_snow,6,wet_snow,0,24,1.342158,0.360748291,2.100616455,9.403321226,12.10342598,0.01662969589,0.05836486816,0.3991127014,0.01581385732,0.05310773849,0.3795325756,0.1249599457,0.1797790527
E02425,39.5,22.25,2014-12-31T07:00:00,2015-01-01T05:00:00,2015-01-01T06:00:00,23,6,wet_snow,6,wet_snow,0,23,2.170780348,-0.8733825684,3.457550049,5.23844267,8.493386269,0.1426841902,0.3334522247,3.281736374,0.1426375431,0.3336668015,3.28066349,0.08011793054,0.1238708496
E02349,39.5,22,2014-12-31T07:00:00,2015-01-01T05:00:00,2015-01-01T06:00:00,23,6,wet_snow,6,wet_snow,0,23,1.095372739,-1.920257568,2.131744385,4.795805102,7.396706581,0.116281924,0.2265930176,2.674484253,0.1162586005,0.2269148827,2.673947811,0.1309615425,0.2168579102
E01662,39.75,21.75,2012-02-02T09:00:00,2012-02-03T07:00:00,2012-02-03T08:00:00,23,6,wet_snow,6,wet_snow,0,23,0.7241781484,-0.2105407715,1.318756104,5.049527293,5.53398037,0.6073267564,0.8244037628,13.9685154,0.5861582963,0.8120656013,13.48164082,0.09648596722,0.149810791
E02614,39.5,22.75,2015-02-10T07:00:00,2015-02-11T04:00:00,2015-02-11T05:00:00,22,6,wet_snow,6,wet_snow,0,22,2.892603094,0.2508850098,4.057769775,13.22568724,16.14513397,0.01223087311,0.03132820129,0.2690792084,0.002840703184,0.008368492126,0.06249547005,0.003909024325,0.01406860352
E00827,40,21.75,2012-01-06T19:00:00,2012-01-07T16:00:00,2012-01-07T17:00:00,22,6,wet_snow,6,wet_snow,0,22,2.678192139,1.279205322,4.47354126,13.60790153,14.93627834,0.3588307988,1.15442276,7.894277573,0.330679796,1.01172924,7.27495575,0.04736744274,0.1657714844
E02586,39.5,22.75,2012-02-01T08:00:00,2012-02-02T05:00:00,2012-02-02T06:00:00,22,6,wet_snow,6,wet_snow,0,22,1.195465088,0.4320373535,1.907012939,8.755525979,11.62395954,0.417917425,0.9226799011,9.19418335,0.3883741119,0.8648514748,8.544231415,0.0711850253,0.1424865723
E01436,40,22.25,2017-02-09T22:00:00,2017-02-10T19:00:00,2017-02-10T20:00:00,22,6,wet_snow,6,wet_snow,0,22,3.416695335,2.807037354,3.79006958,7.412136338,9.124576569,0.2619981766,0.4145622253,5.763959885,0.2325377681,0.349009037,5.115831375,0.2405478738,0.3350830078
E01635,40,22.75,2017-01-26T05:00:00,2017-01-27T02:00:00,2017-01-27T03:00:00,22,6,wet_snow,6,wet_snow,0,22,2.91893699,2.437896729,3.425811768,7.585747719,8.904577255,0.3136136315,0.4797935486,6.899499893,0.1735316081,0.2991199493,3.817695379,0.1987054998,0.2807617188
E01570,40,22.5,2017-01-26T05:00:00,2017-01-27T02:00:00,2017-01-27T03:00:00,22,6,wet_snow,6,wet_snow,0,22,0.4698070179,-1.538421631,1.739654541,5.957640474,6.974711418,0.2102656798,0.3527641296,4.625844955,0.1898589459,0.3176808357,4.176897049,0.165222168,0.2423095703
E02653,39.25,21.75,2012-01-06T20:00:00,2012-01-07T16:00:00,2012-01-07T17:00:00,21,6,wet_snow,6,wet_snow,0,21,3.091054281,1.68447876,5.162994385,12.04644694,14.21166897,0.2186025892,1.417922974,4.590654373,0.1655663763,0.7160425186,3.476893902,0.06685384115,0.2383422852
E00238,40.25,21.75,2018-12-31T10:00:00,2019-01-01T06:00:00,2019-01-01T07:00:00,21,6,wet_snow,6,wet_snow,0,21,2.89881679,2.060821533,4.419586182,8.553022112,10.00892258,0.1186507089,0.3064155579,2.491664886,0.1174194472,0.3066301346,2.465808392,0.008428664435,0.02282714844
E03011,39.25,22.25,2012-02-06T23:00:00,2012-02-07T18:00:00,2012-02-07T19:00:00,20,6,wet_snow,6,wet_snow,0,20,3.36239624,2.171051025,4.390289307,10.03833804,18.33976746,2.420597076,5.551958084,48.41194153,1.737443805,3.835773468,34.74887848,0.4737716675,0.8565673828
E02886,39.25,22,2012-02-06T23:00:00,2012-02-07T18:00:00,2012-02-07T19:00:00,20,6,wet_snow,6,wet_snow,0,20,2.291986084,1.26675415,3.095367432,9.393806744,14.97453213,2.258677483,5.593585968,45.17354584,2.100888491,4.873788357,42.01776505,0.4800422668,0.8739929199
E01593,40,22.75,2012-02-07T21:00:00,2012-02-08T16:00:00,2012-02-08T17:00:00,20,6,wet_snow,6,wet_snow,0,20,2.276708984,1.375640869,3.231231689,12.31907969,14.07226562,0.3239679337,0.8806228638,6.479358673,0.2412861586,0.4895567894,4.825723171,0.1787475586,0.4157714844
E02089,39.75,22.5,2015-02-09T06:00:00,2015-02-10T01:00:00,2015-02-10T02:00:00,20,6,wet_snow,6,wet_snow,0,20,2.378912354,1.271392822,3.467926025,11.72625008,13.59286594,0.2163147926,0.7827758789,4.326295853,0.2160009742,0.7826149464,4.320019722,0.03028411865,0.1278991699
E01633,40,22.75,2017-01-10T12:00:00,2017-01-11T07:00:00,2017-01-11T08:00:00,20,6,wet_snow,6,wet_snow,0,20,1.073583984,0.5317687988,1.368804932,8.441496658,12.99885178,0.3822255135,1.46727562,7.644510269,0.3714698553,1.459228992,7.429397106,0.04954223633,0.2086486816
E02812,39.25,21.75,2018-02-15T03:00:00,2018-02-15T22:00:00,2018-02-15T23:00:00,20,6,wet_snow,6,wet_snow,0,20,2.000726318,1.0440979,2.740264893,11.00490274,12.77824306,1.90520525,3.114366531,38.1041069,1.660571694,2.692991495,33.21143341,0.2168136597,0.3424987793
E01528,40,22.5,2012-02-07T21:00:00,2012-02-08T16:00:00,2012-02-08T17:00:00,20,6,wet_snow,6,wet_snow,0,20,0.2079589844,-0.3864440918,0.9441223145,10.50003672,12.24489689,0.2428793907,0.718832016,4.857587814,0.2349990606,0.6335377693,4.699981213,0.1020736694,0.2563476562
E02568,39.5,22.5,2019-02-24T07:00:00,2019-02-25T02:00:00,2019-02-25T03:00:00,20,6,wet_snow,6,wet_snow,0,20,1.727642822,0.1969299316,3.160064697,6.214298439,9.956767082,0.06291389465,0.1828193665,1.258277893,0.06261885166,0.1827120781,1.252377033,0.06533203125,0.1068725586
E01568,40,22.5,2017-01-10T12:00:00,2017-01-11T07:00:00,2017-01-11T08:00:00,20,6,wet_snow,6,wet_snow,0,20,-3.590380859,-5.492279053,-2.134124756,6.651213455,9.054515839,0.3196120262,1.551389694,6.392240524,0.3195261955,1.551818848,6.390523911,0.052003479,0.2239074707
E03108,39.25,22.25,2019-02-25T08:00:00,2019-02-26T03:00:00,2019-02-26T04:00:00,20,6,wet_snow,6,wet_snow,0,20,2.355133057,0.6854553223,3.296295166,5.410911322,8.415771484,0.0612616539,0.1793861389,1.225233078,0.05878329277,0.1793861389,1.175665855,0.2317138672,0.3490905762
E02983,39.25,22,2019-02-25T08:00:00,2019-02-26T03:00:00,2019-02-26T04:00:00,20,6,wet_snow,6,wet_snow,0,20,1.225152588,-1.000091553,1.969512939,5.55002265,7.836669922,0.06752729416,0.1922607422,1.350545883,0.06749242544,0.1920461655,1.349848509,0.2427230835,0.3669128418
E01499,40,22.25,2019-12-04T02:00:00,2019-12-04T21:00:00,2019-12-04T22:00:00,20,6,wet_snow,6,wet_snow,0,20,2.15836792,1.490142822,2.898834229,5.179205799,6.810754776,0.5932617188,2.000713348,11.86523438,0.4457643628,1.460248232,8.915287971,0.2097763062,0.3982849121
E02101,39.75,22.5,2016-01-17T22:00:00,2016-01-18T17:00:00,2016-01-18T18:00:00,20,6,wet_snow,6,wet_snow,0,20,2.761407471,1.406646729,4.394073486,4.868004799,5.854164124,0.1779699326,0.3677845001,3.559398651,0.1753360033,0.3676772118,3.506720066,0.03266448975,0.06881713867
E01592,40,22.75,2012-02-07T00:00:00,2012-02-07T18:00:00,2012-02-07T19:00:00,19,6,wet_snow,6,wet_snow,0,19,3.559530158,2.97354126,4.115142822,19.34567441,25.27816772,1.844862888,4.000997543,35.05239868,1.167300187,2.721047401,22.17870522,0.5014592221,1.020111084
E01527,40,22.5,2012-02-07T00:00:00,2012-02-07T18:00:00,2012-02-07T19:00:00,19,6,wet_snow,6,wet_snow,0,19,1.356713546,0.9491271973,2.081939697,18.07596312,25.24398804,1.602323432,4.381227493,30.4441452,1.521377187,3.933084011,28.90616798,0.3381580554,0.6647949219
E00819,40.25,22.75,2019-01-04T19:00:00,2019-01-05T13:00:00,2019-01-05T14:00:00,19,6,wet_snow,6,wet_snow,0,19,2.051955374,1.675201416,2.959869385,13.88318955,15.51642323,1.076452356,1.989555359,20.45259476,0.9271888356,1.697838306,17.61658859,0.1321009586,0.3450317383
E03255,39.25,22.75,2012-02-08T10:00:00,2012-02-09T04:00:00,2012-02-09T05:00:00,19,6,wet_snow,6,wet_snow,0,19,2.54332693,1.4503479,3.405059814,9.56637774,14.25598145,0.9403881274,1.40247345,17.86737442,0.8555004471,1.296579838,16.25450897,0.04819046824,0.09854125977
E01591,40,22.75,2012-02-01T13:00:00,2012-02-02T07:00:00,2012-02-02T08:00:00,19,6,wet_snow,6,wet_snow,0,19,2.917369642,2.034454346,3.700592041,12.40445142,13.84543133,0.8451386502,1.502037048,16.05763435,0.6567967565,1.091015339,12.47913837,0.1535499974,0.2340698242
E02620,39.5,22.75,2015-12-30T21:00:00,2015-12-31T15:00:00,2015-12-31T16:00:00,19,6,wet_snow,6,wet_snow,0,19,2.269574617,1.194976807,4.077545166,11.35496566,13.74401093,0.1875400543,0.3235816956,3.563261032,0.1723164006,0.3125309944,3.274011612,0.02881341231,0.087890625
E01950,39.75,22.25,2012-02-10T08:00:00,2012-02-11T02:00:00,2012-02-11T03:00:00,19,6,wet_snow,6,wet_snow,0,19,1.892724288,1.305450439,2.845123291,8.438991245,11.91139317,0.3949341021,0.8244037628,7.50374794,0.3749728203,0.7420063019,7.124483585,0.1300386128,0.2261047363
E01526,40,22.5,2012-02-01T13:00:00,2012-02-02T07:00:00,2012-02-02T08:00:00,19,6,wet_snow,6,wet_snow,0,19,-0.3120711477,-0.9393005371,0.4034729004,10.3269432,11.64482307,0.9902602748,1.671552658,18.81494522,0.9489203754,1.563620567,18.0294857,0.1605256733,0.2724304199
E01822,39.75,22,2012-02-10T08:00:00,2012-02-11T02:00:00,2012-02-11T03:00:00,19,6,wet_snow,6,wet_snow,0,19,1.431786788,0.7331848145,2.552154541,8.354441492,11.42435646,0.4965305328,0.9304046631,9.434080124,0.4954068284,0.930082798,9.412729263,0.1143076043,0.2085571289
E00776,40.25,22.5,2019-01-04T19:00:00,2019-01-05T13:00:00,2019-01-05T14:00:00,19,6,wet_snow,6,wet_snow,0,19,-0.9843316329,-1.787689209,0.5770568848,9.586006165,10.85885429,0.8440318861,1.657390594,16.03660583,0.8199682361,1.577568054,15.5793972,0.0887981214,0.2247619629
E01594,40,22.75,2012-02-08T19:00:00,2012-02-09T13:00:00,2012-02-09T14:00:00,19,6,wet_snow,6,wet_snow,0,19,1.261858488,0.8844299316,2.146392822,9.380509979,10.66590118,0.2959803531,0.6505966187,5.623626709,0.2927362919,0.6488800049,5.561989784,0.1160149825,0.173248291
E02622,39.5,22.75,2016-01-18T02:00:00,2016-01-18T20:00:00,2016-01-18T21:00:00,19,6,wet_snow,6,wet_snow,0,19,2.155984979,0.958404541,3.172027588,8.887114224,10.3282423,0.2935635416,0.6772041321,5.577707291,0.2818239363,0.6592869759,5.354654789,0.03379098993,0.1321716309
E01008,40,21.75,2018-12-18T00:00:00,2018-12-18T18:00:00,2018-12-18T19:00:00,19,6,wet_snow,6,wet_snow,0,19,1.846568861,1.051300049,2.723419189,7.522013614,9.057594299,0.6440463819,1.407623291,12.23688126,0.5280958979,1.156246662,10.03382111,0.09447760331,0.2126464844
E01529,40,22.5,2012-02-08T19:00:00,2012-02-09T13:00:00,2012-02-09T14:00:00,19,6,wet_snow,6,wet_snow,0,19,-1.037997597,-2.20614624,-0.1329040527,7.49559016,8.734260559,0.2836930124,0.5759239197,5.390167236,0.2831057498,0.5741536617,5.379009724,0.08107396176,0.1253967285
E03257,39.25,22.75,2012-02-09T12:00:00,2012-02-10T06:00:00,2012-02-10T07:00:00,19,6,wet_snow,6,wet_snow,0,19,2.600802773,1.992584229,2.978912354,6.51700311,7.96928215,0.1790473336,0.2948284149,3.401899338,0.1688859965,0.2893030643,3.208833933,0.0959376285,0.1923828125
E03235,39.25,22.5,2019-12-30T09:00:00,2019-12-31T03:00:00,2019-12-31T04:00:00,19,6,wet_snow,6,wet_snow,0,19,2.737701416,1.79776001,3.250152588,5.380474291,7.397672653,0.2600443991,0.5681991577,4.940843582,0.2518904837,0.5670189857,4.785919189,0.04775037264,0.09478759766
E00979,40,21.75,2017-02-12T07:00:00,2017-02-13T01:00:00,2017-02-13T02:00:00,19,6,wet_snow,6,wet_snow,0,19,2.325097335,0.9651184082,3.471466064,5.105729254,6.988472939,0.03604888916,0.09398460388,0.684928894,0.03298834751,0.08990764618,0.6267786026,0.2441052889,0.3416748047
E02588,39.5,22.75,2012-02-08T03:00:00,2012-02-08T20:00:00,2012-02-08T21:00:00,18,6,wet_snow,6,wet_snow,0,18,2.712690565,2.180938721,3.115997314,14.26451932,16.87652588,0.6418943405,0.789642334,11.55409813,0.60788095,0.7356226444,10.94185638,0.08763292101,0.1422119141
E02200,39.75,22.75,2019-02-23T19:00:00,2019-02-24T12:00:00,2019-02-24T13:00:00,18,6,wet_snow,6,wet_snow,0,18,2.621029324,2.083648682,3.123443604,11.77617751,14.83240509,0.2691030502,0.5085468292,4.843854904,0.2541691065,0.4513084888,4.575043678,0.08559502496,0.1093139648
E00804,40.25,22.75,2016-01-17T21:00:00,2016-01-18T14:00:00,2016-01-18T15:00:00,18,6,wet_snow,6,wet_snow,0,18,2.954769558,2.287506104,4.324859619,13.96360429,14.34178543,0.147986412,0.2888202667,2.663755417,0.1226246357,0.2616763115,2.207243443,0.03931342231,0.09658813477
E01623,40,22.75,2016-01-17T21:00:00,2016-01-18T14:00:00,2016-01-18T15:00:00,18,6,wet_snow,6,wet_snow,0,18,2.69511244,2.043365479,4.188140869,13.82384735,14.31966496,0.1631259918,0.3604888916,2.936267853,0.1334905624,0.3284096718,2.402830124,0.03964063856,0.1036682129
E01644,40,22.75,2019-02-23T21:00:00,2019-02-24T14:00:00,2019-02-24T15:00:00,18,6,wet_snow,6,wet_snow,0,18,2.326989068,1.773345947,3.21194458,10.33145449,11.6053009,0.1474142075,0.4437446594,2.653455734,0.1295387745,0.3703594208,2.331697941,0.06474134657,0.1210021973
E00761,40.25,22.5,2016-01-17T21:00:00,2016-01-18T14:00:00,2016-01-18T15:00:00,18,6,wet_snow,6,wet_snow,0,18,0.4010586209,-0.6871032715,1.902984619,10.30545542,11.28385162,0.1597881317,0.2635002136,2.876186371,0.1587629318,0.2632856369,2.857732773,0.02005513509,0.05389404297
E02217,39.5,21.75,2012-02-06T22:00:00,2012-02-07T15:00:00,2012-02-07T16:00:00,18,6,wet_snow,6,wet_snow,0,18,2.382836236,1.697174072,2.896148682,8.699237347,10.45948029,1.826357841,4.688930511,32.87444305,1.678198576,4.105603695,30.20757294,0.4656643338,0.8103942871
E01558,40,22.5,2016-01-17T21:00:00,2016-01-18T14:00:00,2016-01-18T15:00:00,18,6,wet_snow,6,wet_snow,0,18,0.3410542806,-0.7769470215,1.863922119,9.748869048,10.34080887,0.1658201218,0.2969741821,2.984762192,0.1646876335,0.2970814705,2.964377403,0.02121480306,0.06033325195
E01579,40,22.5,2019-02-23T21:00:00,2019-02-24T14:00:00,2019-02-24T15:00:00,18,6,wet_snow,6,wet_snow,0,18,-0.6545647515,-1.758148193,0.5635070801,8.768086433,9.267410278,0.142621994,0.4291534424,2.567195892,0.1379311085,0.4176735878,2.482759953,0.0363667806,0.0783996582
E02411,39.5,22.25,2012-02-08T16:00:00,2012-02-09T09:00:00,2012-02-09T10:00:00,18,6,wet_snow,6,wet_snow,0,18,2.711571587,1.84072876,3.449737549,4.720122337,7.278622627,0.1345872879,0.4154205322,2.422571182,0.1294434071,0.3953039646,2.329981327,0.006958007812,0.02893066406
E00836,40,21.75,2012-01-28T08:00:00,2012-01-29T01:00:00,2012-01-29T02:00:00,18,6,wet_snow,6,wet_snow,0,18,1.950191922,1.047271729,3.28604126,4.639745235,6.726447105,0.06549358368,0.1647949219,1.178884506,0.05830824375,0.1595377922,1.049548388,0.2098965115,0.2814941406
E02424,39.5,22.25,2014-12-30T02:00:00,2014-12-30T19:00:00,2014-12-30T20:00:00,18,6,wet_snow,6,wet_snow,0,18,0.3717278375,-0.4157409668,1.352203369,3.896554894,5.671334267,0.3642082214,0.6660461426,6.555747986,0.3643035889,0.6663680077,6.5574646,0.04591030545,0.07418823242
E02335,39.5,22,2012-02-08T16:00:00,2012-02-09T09:00:00,2012-02-09T10:00:00,18,6,wet_snow,6,wet_snow,0,18,1.89364624,1.11807251,2.482940674,3.726090219,5.375302315,0.1686096191,0.4141330719,3.034973145,0.1646727324,0.398093462,2.964109182,0.04206000434,0.060546875
E02348,39.5,22,2014-12-30T02:00:00,2014-12-30T19:00:00,2014-12-30T20:00:00,18,6,wet_snow,6,wet_snow,0,18,-0.3002556695,-1.440643311,0.4674377441,4.007557498,4.817818642,0.3313779831,0.6308555603,5.964803696,0.3315508366,0.6309628487,5.967915058,0.04664950901,0.07418823242
E03252,39.25,22.75,2012-02-01T02:00:00,2012-02-01T18:00:00,2012-02-01T19:00:00,17,6,wet_snow,6,wet_snow,0,17,0.9147320916,-1.017669678,2.330841064,7.898276329,10.13665485,0.2006923451,0.424861908,3.411769867,0.1928697614,0.398683548,3.278785944,0.08955293543,0.1981506348
E02513,39.5,22.5,2015-02-09T07:00:00,2015-02-09T23:00:00,2015-02-10T00:00:00,17,6,wet_snow,6,wet_snow,0,17,2.121720258,1.158111572,3.772491455,7.226769167,10.06454563,0.3582673914,0.9475708008,6.090545654,0.3548436305,0.9363591671,6.032341957,0.0513197955,0.1225280762
E01702,39.75,21.75,2015-02-09T02:00:00,2015-02-09T18:00:00,2015-02-09T19:00:00,17,6,wet_snow,6,wet_snow,0,17,0.6954220043,-0.05087280273,2.124786377,6.95473441,8.179646492,0.2891231986,0.7033824921,4.915094376,0.2822851433,0.7013976574,4.798847675,0.06625366211,0.1260070801
E01377,40,22.25,2014-02-04T09:00:00,2014-02-05T01:00:00,2014-02-05T02:00:00,17,6,wet_snow,6,wet_snow,0,17,2.683186251,2.154083252,3.361236572,4.930472374,6.58081913,0.05808718064,0.1819610596,0.9874820709,0.05710896324,0.1782059669,0.970852375,0.1111934886,0.1632995605
E00188,40.25,21.75,2017-02-12T07:00:00,2017-02-12T23:00:00,2017-02-13T00:00:00,17,6,wet_snow,6,wet_snow,0,17,2.350408217,0.5591125488,3.533966064,4.451131484,6.029488564,0.02380539389,0.07123947144,0.4046916962,0.02369179445,0.07123947144,0.4027605057,0.2309713925,0.28515625
E00901,40,21.75,2014-02-01T18:00:00,2014-02-02T10:00:00,2014-02-02T11:00:00,17,6,wet_snow,6,wet_snow,0,17,2.765576531,2.23928833,3.723907471,4.811014175,5.962136269,0.09305056404,0.1605033875,1.581859589,0.06596025299,0.1255273819,1.121324301,0.1363489488,0.3641052246
E02315,39.5,21.75,2019-02-25T09:00:00,2019-02-26T01:00:00,2019-02-26T02:00:00,17,6,wet_snow,6,wet_snow,0,17,1.492225198,-0.5019226074,2.081695557,4.46425236,5.673583984,0.02466370078,0.05407333374,0.4192829132,0.02463845646,0.0541806221,0.4188537598,0.2937711828,0.4437561035
E00878,40,21.75,2013-01-26T17:00:00,2013-01-27T09:00:00,2013-01-27T10:00:00,17,6,wet_snow,6,wet_snow,0,17,2.587440042,2.030548096,3.367706299,3.71994156,5.492691994,0.02880376928,0.1047134399,0.4896640778,0.01518130302,0.05503892899,0.2580821514,0.143016142,0.2436523438
E00282,40.25,21.75,2020-02-05T09:00:00,2020-02-06T00:00:00,2020-02-06T01:00:00,16,6,wet_snow,6,wet_snow,0,16,2.04145813,0.5165100098,3.963043213,13.78608608,19.01285172,0.184777379,0.5501747131,2.956438065,0.1809418201,0.5506038666,2.895069122,0.0326385498,0.07696533203
E01425,40,22.25,2017-01-18T07:00:00,2017-01-18T22:00:00,2017-01-18T23:00:00,16,6,wet_snow,6,wet_snow,0,16,1.670425415,0.9527893066,2.222442627,12.51696086,18.97077179,1.922848821,4.880332947,30.76558113,1.587522402,4.17265892,25.4003582,0.3356895447,0.9401245117
E01460,40,22.25,2018-02-15T07:00:00,2018-02-15T22:00:00,2018-02-15T23:00:00,16,6,wet_snow,6,wet_snow,0,16,2.397674561,1.963165283,3.146514893,12.15578175,15.10910416,0.6745219231,0.8733272552,10.79235077,0.5330186337,0.6629347801,8.528298378,0.06455993652,0.09674072266
E01510,40,22.25,2020-02-05T06:00:00,2020-02-05T21:00:00,2020-02-05T22:00:00,16,6,wet_snow,6,wet_snow,0,16,2.683761597,1.297515869,3.806793213,12.41762221,14.94931602,0.5250960588,1.812744141,8.401536942,0.3162357956,1.261818409,5.059772491,0.04998397827,0.191192627
E02175,39.75,22.75,2015-02-17T20:00:00,2015-02-18T11:00:00,2015-02-18T12:00:00,16,6,wet_snow,6,wet_snow,0,16,2.325447083,1.521148682,3.494659424,9.456447721,12.57373238,0.1138597727,0.4059791565,1.821756363,0.09748488665,0.2631783485,1.559758186,0.1320171356,0.197845459
E00586,40.25,22.25,2012-02-27T05:00:00,2012-02-27T20:00:00,2012-02-27T21:00:00,16,6,wet_snow,6,wet_snow,0,16,1.926551819,-0.01156616211,2.767364502,9.965185463,10.94989204,0.5050331354,1.224803925,8.080530167,0.4871293902,1.177597046,7.794070244,0.06254768372,0.2160644531
E00710,40.25,22.25,2018-12-31T15:00:00,2019-01-01T06:00:00,2019-01-01T07:00:00,16,6,wet_snow,6,wet_snow,0,16,2.680534363,1.619415283,3.455352783,9.329409957,10.75943947,0.300809741,0.6291389465,4.812955856,0.291948393,0.6156206131,4.671174049,0.04103469849,0.1012268066
E02559,39.5,22.5,2019-01-09T15:00:00,2019-01-10T06:00:00,2019-01-10T07:00:00,16,3,freezing_rain,3,freezing_rain,16,0,-0.5878143311,-1.351654053,-0.05526733398,3.589011908,10.4175787,0.4710495472,1.174592972,7.536792755,0.004982203245,0.07681846619,0.07971525192,0.003463745117,0.008270263672
E02154,39.75,22.75,2012-01-31T23:00:00,2012-02-01T14:00:00,2012-02-01T15:00:00,16,6,wet_snow,6,wet_snow,0,16,1.418022156,0.5370178223,2.240997314,9.361000657,10.12149239,0.1234352589,0.2643585205,1.974964142,0.1146242023,0.2623200417,1.833987236,0.1429538727,0.2337646484
E00099,40.25,21.75,2014-02-01T19:00:00,2014-02-02T10:00:00,2014-02-02T11:00:00,16,6,wet_snow,6,wet_snow,0,16,2.418113708,1.811553955,3.262969971,5.745931685,6.442684174,0.05981326103,0.1025676727,0.9570121765,0.05930699408,0.102353096,0.9489119053,0.1491622925,0.3673706055
E01790,39.75,21.75,2019-02-25T08:00:00,2019-02-25T23:00:00,2019-02-26T00:00:00,16,6,wet_snow,6,wet_snow,0,16,2.126190186,0.5370178223,2.814361572,4.793524325,6.228145599,0.005954504013,0.01544952393,0.09527206421,0.00605173409,0.01587867737,0.09682774544,0.1450309753,0.2172851562
E03298,39.25,22.75,2015-12-31T19:00:00,2016-01-01T10:00:00,2016-01-01T11:00:00,16,6,wet_snow,6,wet_snow,0,16,-1.32636261,-3.728118896,3.687286377,5.238436878,6.134029388,0.003701448441,0.02145767212,0.05922317505,0.003825500607,0.02145767212,0.06120800972,0.002584457397,0.009124755859
E00574,40.25,22.25,2012-01-28T08:00:00,2012-01-28T23:00:00,2012-01-29T00:00:00,16,6,wet_snow,6,wet_snow,0,16,1.579078674,0.8850402832,2.614654541,4.927681386,5.578508377,0.1581162214,0.3536224365,2.529859543,0.1551691443,0.3519058228,2.482706308,0.2032871246,0.2842102051
E00385,40.25,22,2014-02-04T09:00:00,2014-02-05T00:00:00,2014-02-05T01:00:00,16,6,wet_snow,6,wet_snow,0,16,2.359657288,1.515533447,3.378814697,4.198111296,5.468528748,0.04578530788,0.1617908478,0.7325649261,0.04566460848,0.1620054245,0.7306337357,0.06226348877,0.1045227051
E01148,40,22,2014-02-04T15:00:00,2014-02-05T06:00:00,2014-02-05T07:00:00,16,6,wet_snow,6,wet_snow,0,16,2.706840515,2.238555908,4.079986572,3.665709674,5.315505028,0.004532933235,0.01244544983,0.07252693176,0.003929436207,0.01190900803,0.06287097931,0.07152366638,0.1149597168
E02207,39.5,21.75,2012-01-27T17:00:00,2012-01-28T08:00:00,2012-01-28T09:00:00,16,6,wet_snow,6,wet_snow,0,16,1.178977966,-0.3545837402,3.305938721,2.397521317,4.017262459,0.0006437301636,0.002574920654,0.01029968262,0.0007979571819,0.003004074097,0.01276731491,0.05130195618,0.1790466309
E01617,40,22.75,2015-02-17T20:00:00,2015-02-18T10:00:00,2015-02-18T11:00:00,15,6,wet_snow,6,wet_snow,0,15,1.99011027,1.525054932,3.225128174,9.398567708,12.739748,0.17578125,0.4446029663,2.63671875,0.1499140263,0.418639183,2.248710394,0.1221618652,0.1922607422
E00823,40.25,22.75,2019-02-23T21:00:00,2019-02-24T11:00:00,2019-02-24T12:00:00,15,6,wet_snow,6,wet_snow,0,15,2.632281494,1.985992432,3.791412354,9.543773588,10.79151154,0.05181312561,0.1313209534,0.7771968842,0.03416776657,0.1051425934,0.5125164986,0.05447998047,0.08828735352
E02142,39.75,22.5,2019-02-24T08:00:00,2019-02-24T22:00:00,2019-02-24T23:00:00,15,6,wet_snow,6,wet_snow,0,15,1.644032796,0.7230529785,2.697174072,8.474797503,10.51946354,0.0300693512,0.08969306946,0.4510402679,0.02999782562,0.08947849274,0.4499673843,0.04227701823,0.08947753906
E01552,40,22.5,2015-02-17T20:00:00,2015-02-18T10:00:00,2015-02-18T11:00:00,15,6,wet_snow,6,wet_snow,0,15,-0.5829366048,-1.762054443,1.037139893,7.312109375,10.18408394,0.2392101288,0.4446029663,3.588151932,0.2270650864,0.3990054131,3.405976295,0.1235941569,0.1709289551
E00780,40.25,22.5,2019-02-23T21:00:00,2019-02-24T11:00:00,2019-02-24T12:00:00,15,6,wet_snow,6,wet_snow,0,15,-0.7479268392,-2.033538818,0.7496643066,7.843317858,8.447236061,0.06932258606,0.1948356628,1.039838791,0.06860017776,0.1955866814,1.029002666,0.03013102214,0.05187988281
E02192,39.75,22.75,2017-01-11T02:00:00,2017-01-11T16:00:00,2017-01-11T17:00:00,15,6,wet_snow,6,wet_snow,0,15,1.116135661,0.8683166504,1.50479126,5.544472631,7.78977108,1.20054245,2.508401871,18.00813675,1.162229776,2.426862717,17.43344498,0.1182454427,0.3111572266
E02413,39.5,22.25,2012-02-09T15:00:00,2012-02-10T05:00:00,2012-02-10T06:00:00,15,6,wet_snow,6,wet_snow,0,15,1.986220296,1.500640869,3.552886963,3.617792002,7.743762016,0.0846862793,0.178527832,1.270294189,0.08254766464,0.1736998558,1.23821497,0.05428466797,0.09338378906
E00609,40.25,22.25,2014-01-26T02:00:00,2014-01-26T16:00:00,2014-01-26T17:00:00,15,6,wet_snow,6,wet_snow,0,15,1.003163656,0.2953186035,1.717071533,6.270310338,7.303824425,0.5029678345,0.8432865143,7.544517517,0.488755703,0.8425354958,7.331335545,0.1163065592,0.1761169434
E02337,39.5,22,2012-02-09T15:00:00,2012-02-10T05:00:00,2012-02-10T06:00:00,15,6,wet_snow,6,wet_snow,0,15,1.116558838,0.7503967285,2.330230713,3.366750336,6.063097954,0.1966953278,0.4407405853,2.950429916,0.1951789856,0.4369854927,2.927684784,0.08665161133,0.1394348145
E02141,39.75,22.5,2019-02-23T07:00:00,2019-02-23T20:00:00,2019-02-23T21:00:00,14,6,wet_snow,6,wet_snow,0,14,1.975040981,1.449737549,2.47354126,14.41073254,17.23346329,0.9429114205,1.728630066,13.20075989,0.8858071906,1.483905315,12.40130138,0.07807704381,0.1396789551
E00003,40.25,21.75,2012-01-07T02:00:00,2012-01-07T15:00:00,2012-01-07T16:00:00,14,6,wet_snow,6,wet_snow,0,14,2.304072789,1.292877197,3.436431885,13.82020147,14.97780609,0.1699141094,0.5385875702,2.378797531,0.1698681286,0.5385875702,2.378153801,0.04548427037,0.1026611328
E02751,39.25,21.75,2016-02-05T07:00:00,2016-02-05T20:00:00,2016-02-05T21:00:00,14,6,wet_snow,6,wet_snow,0,14,3.323569162,1.865875244,4.409088135,11.84170171,13.79843044,0.1334667206,0.4858016968,1.868534088,0.1131585666,0.410592556,1.584219933,0.04935346331,0.1157836914
E02651,39.5,22.75,2019-02-25T00:00:00,2019-02-25T13:00:00,2019-02-25T14:00:00,14,6,wet_snow,6,wet_snow,0,14,2.34311785,1.525543213,3.396392822,10.55065039,13.33098984,0.07157666343,0.1613616943,1.002073288,0.06805913789,0.1558899879,0.9528279305,0.1496691023,0.2755737305
E03246,39.25,22.75,2012-01-30T12:00:00,2012-01-31T01:00:00,2012-01-31T02:00:00,14,6,wet_snow,6,wet_snow,0,14,2.159707206,0.5137023926,3.119659424,11.86266954,12.53107357,0.07105554853,0.1128673553,0.9947776794,0.06927762713,0.107395649,0.9698867798,0.1955195836,0.2471008301
E02599,39.5,22.75,2013-01-07T23:00:00,2013-01-08T12:00:00,2013-01-08T13:00:00,14,6,wet_snow,6,wet_snow,0,14,1.749402727,-0.229095459,3.66494751,10.20932947,12.52328205,0.004230226789,0.01201629639,0.05922317505,0.001961844308,0.00364780426,0.02746582031,0.002661568778,0.004913330078
E03291,39.25,22.75,2015-02-17T23:00:00,2015-02-18T12:00:00,2015-02-18T13:00:00,14,6,wet_snow,6,wet_snow,0,14,2.442640032,0.9039611816,4.324249268,9.414677007,10.82867146,0.07712500436,0.2326011658,1.079750061,0.07442746844,0.1953184605,1.041984558,0.0894644601,0.1467895508
E03145,39.25,22.5,2012-02-09T23:00:00,2012-02-10T12:00:00,2012-02-10T13:00:00,14,6,wet_snow,6,wet_snow,0,14,1.932926723,1.033599854,3.662017822,6.062017441,10.71022129,0.3204550062,0.5184173584,4.486370087,0.3057450056,0.4766821861,4.280430317,0.09773472377,0.148223877
E02406,39.5,22.25,2012-01-30T12:00:00,2012-01-31T01:00:00,2012-01-31T02:00:00,14,6,wet_snow,6,wet_snow,0,14,2.457558768,0.5469055176,4.221221924,6.802959715,9.772284508,0.02510547638,0.04377365112,0.3514766693,0.02374521324,0.03481507301,0.3324329853,0.09649222238,0.1434326172
E02330,39.5,22,2012-01-30T12:00:00,2012-01-31T01:00:00,2012-01-31T02:00:00,14,6,wet_snow,6,wet_snow,0,14,1.466766357,-0.7382507324,3.475250244,5.968905585,9.616034508,0.04582745688,0.07038116455,0.6415843964,0.04508793354,0.07000565529,0.6312310696,0.0894644601,0.1167907715
E01372,40,22.25,2014-01-31T08:00:00,2014-01-31T21:00:00,2014-01-31T22:00:00,14,6,wet_snow,6,wet_snow,0,14,3.576594761,3.169708252,4.29385376,7.639528956,8.739212036,0.09107249124,0.1853942871,1.275014877,0.07986852101,0.136578083,1.118159294,0.2525264195,0.2890930176
E01210,40,22,2017-02-11T07:00:00,2017-02-11T20:00:00,2017-02-11T21:00:00,14,6,wet_snow,6,wet_snow,0,14,3.194793701,1.229644775,4.200592041,4.539436885,5.07981205,0.01845359802,0.07166862488,0.2583503723,0.01603194645,0.05761384964,0.2244472504,0.1821223668,0.292175293
E00469,40.25,22,2017-02-12T07:00:00,2017-02-12T20:00:00,2017-02-12T21:00:00,14,6,wet_snow,6,wet_snow,0,14,2.116668701,0.5298156738,3.026153564,3.866314207,4.781441689,0.0239099775,0.07553100586,0.3347396851,0.02383334296,0.07510185242,0.3336668015,0.200528826,0.2456054688
E00940,40,21.75,2016-02-04T23:00:00,2016-02-05T11:00:00,2016-02-05T12:00:00,13,6,wet_snow,6,wet_snow,0,13,2.642655593,1.66897583,4.042877197,11.50930977,15.33506966,0.07021610553,0.2377510071,0.9128093719,0.04871716866,0.1958012581,0.6333231926,0.02773813101,0.06600952148
E02583,39.5,22.75,2012-01-29T21:00:00,2012-01-30T09:00:00,2012-01-30T10:00:00,13,6,wet_snow,6,wet_snow,0,13,2.712263841,1.553741455,4.041778564,11.95957492,13.64112282,0.02291019146,0.06136894226,0.297832489,0.02086758614,0.05600452423,0.2712786198,0.1109689566,0.1894836426
E02073,39.75,22.5,2012-02-10T07:00:00,2012-02-10T19:00:00,2012-02-10T20:00:00,13,6,wet_snow,6,wet_snow,0,13,2.029195932,0.9784240723,2.6065979,11.15205405,13.61061192,0.3635920011,0.409412384,4.726696014,0.357905718,0.409090519,4.652774334,0.154472938,0.1944580078
E02146,39.75,22.5,2019-12-29T21:00:00,2019-12-30T09:00:00,2019-12-30T10:00:00,13,6,wet_snow,6,wet_snow,0,13,3.400477483,2.259185791,5.318145752,10.47035327,12.06012058,0.01653891343,0.08926391602,0.2150058746,0.01660906352,0.09001493454,0.2159178257,0.01947490986,0.08682250977
E00850,40,21.75,2012-02-27T04:00:00,2012-02-27T16:00:00,2012-02-27T17:00:00,13,6,wet_snow,6,wet_snow,0,13,2.009298471,1.682891846,2.498565674,10.23150173,11.3345499,0.6240881406,1.015377045,8.113145828,0.5573712862,0.947034359,7.245826244,0.05142681415,0.1536560059
E01410,40,22.25,2016-02-05T07:00:00,2016-02-05T19:00:00,2016-02-05T20:00:00,13,6,wet_snow,6,wet_snow,0,13,2.408656194,1.524078369,3.150299072,10.25917823,11.04833508,0.2214101645,0.6291389465,2.878332138,0.1862278351,0.5321502686,2.420961857,0.03526423528,0.1914978027
E02488,39.5,22.5,2012-01-30T08:00:00,2012-01-30T20:00:00,2012-01-30T21:00:00,13,6,wet_snow,6,wet_snow,0,13,2.240039532,1.18069458,3.143951416,8.663579207,10.0049963,0.03297879146,0.05664825439,0.4287242889,0.03019342056,0.04253983498,0.3925144672,0.120689979,0.200958252
E01224,40,22,2018-01-13T10:00:00,2018-01-13T22:00:00,2018-01-13T23:00:00,13,6,wet_snow,6,wet_snow,0,13,3.169764592,1.953277588,3.949371338,7.715124424,9.758502007,0.797532155,1.559114456,10.36791801,0.5292864946,0.9578168392,6.88072443,0.02355018029,0.04904174805
E01776,39.75,21.75,2019-01-03T03:00:00,2019-01-03T15:00:00,2019-01-03T16:00:00,13,6,wet_snow,6,wet_snow,0,13,0.9831096943,0.6976623535,1.540924072,6.7326589,8.608569145,1.203610347,1.66425705,15.64693451,1.198109755,1.657176018,15.57542801,0.106818566,0.1631774902
E01972,39.75,22.25,2015-02-09T07:00:00,2015-02-09T19:00:00,2015-02-09T20:00:00,13,6,wet_snow,6,wet_snow,0,13,1.71187885,1.124908447,2.576690674,6.657411795,7.740326881,0.2500644097,0.6196975708,3.250837326,0.249433059,0.6191074848,3.242629766,0.03952026367,0.1271362305
E02045,39.75,22.25,2019-02-25T07:00:00,2019-02-25T19:00:00,2019-02-25T20:00:00,13,6,wet_snow,6,wet_snow,0,13,2.746715839,0.2330627441,3.373443604,5.212028283,7.185482025,0.007295608521,0.0171661377,0.09484291077,0.00587610098,0.0171661377,0.07638931274,0.1603581355,0.2326049805
E01844,39.75,22,2015-02-09T07:00:00,2015-02-09T19:00:00,2015-02-09T20:00:00,13,6,wet_snow,6,wet_snow,0,13,1.303074763,0.7713928223,1.928253174,5.719123033,6.603660583,0.2547850976,0.5896568298,3.312206268,0.2540464585,0.5868673325,3.30260396,0.04215416541,0.1109008789
E00681,40.25,22.25,2017-02-12T23:00:00,2017-02-13T11:00:00,2017-02-13T12:00:00,13,6,wet_snow,6,wet_snow,0,13,1.645904541,1.069976807,1.958404541,4.285474997,5.308214188,0.1475297488,0.2025604248,1.917886734,0.1455407876,0.2019166946,1.892030239,0.1977398212,0.2325439453
E01917,39.75,22,2019-02-25T07:00:00,2019-02-25T19:00:00,2019-02-25T20:00:00,13,6,wet_snow,6,wet_snow,0,13,2.542388916,-0.6302185059,3.238677979,3.790303524,5.049380302,0.004588640653,0.0111579895,0.05965232849,0.004836229178,0.01083612442,0.06287097931,0.1500478891,0.2192993164
E00189,40.25,21.75,2017-02-13T07:00:00,2017-02-13T19:00:00,2017-02-13T20:00:00,13,6,wet_snow,6,wet_snow,0,13,2.15734159,0.1074523926,3.204620361,3.771424514,4.882432938,0.01871769245,0.04806518555,0.2433300018,0.01817299769,0.04849433899,0.23624897,0.1335144043,0.197265625
E01987,39.75,22.25,2016-01-20T08:00:00,2016-01-20T20:00:00,2016-01-20T21:00:00,13,6,wet_snow,6,wet_snow,0,13,1.471860445,0.6891174316,2.351593018,2.930875338,4.099184036,0.07322017963,0.145483017,0.9518623352,0.05909938079,0.1450538635,0.7682919502,0.2223581167,0.3227539062
E03220,39.25,22.5,2019-01-12T00:00:00,2019-01-12T12:00:00,2019-01-12T13:00:00,13,6,wet_snow,6,wet_snow,0,13,2.492800199,1.79788208,3.141265869,3.72482718,3.989315987,0.9719335116,1.689147949,12.63513565,0.8921316037,1.342177391,11.59771156,0.06683114859,0.1223144531
E02258,39.5,21.75,2016-01-22T16:00:00,2016-01-23T04:00:00,2016-01-23T05:00:00,13,6,wet_snow,6,wet_snow,0,13,1.632364126,0.05142211914,3.238067627,2.558806273,3.538992882,0.007823797373,0.01330375671,0.1017093658,0.007712382537,0.01271367073,0.100260973,0.05977924053,0.08990478516
E01715,39.75,21.75,2016-01-20T09:00:00,2016-01-20T21:00:00,2016-01-20T22:00:00,13,6,wet_snow,6,wet_snow,0,13,0.9545452411,-0.4017028809,1.677032471,2.211743648,3.125611305,0.05909112784,0.1004219055,0.7681846619,0.05907462193,0.1007437706,0.7679700851,0.1251032903,0.1779785156
E01859,39.75,22,2016-01-20T08:00:00,2016-01-20T20:00:00,2016-01-20T21:00:00,13,6,wet_snow,6,wet_snow,0,13,1.242293138,0.3053283691,2.085357666,2.278756949,3.101137161,0.06849949176,0.1304626465,0.8904933929,0.06800431472,0.1299262047,0.8840560913,0.1892207219,0.2789611816
E01046,40,21.75,2020-02-05T15:00:00,2020-02-06T02:00:00,2020-02-06T03:00:00,12,6,wet_snow,6,wet_snow,0,12,2.206593831,1.260650635,4.060577393,12.45676835,15.83736801,0.1436591148,0.4137039185,1.723909378,0.1364707947,0.3973960876,1.637649536,0.01749928792,0.04815673828
E01285,40,22,2020-02-05T06:00:00,2020-02-05T17:00:00,2020-02-05T18:00:00,12,6,wet_snow,6,wet_snow,0,12,2.753041585,1.412261963,3.785308838,13.1532108,15.77372742,0.6298184395,2.468061447,7.557821274,0.3321379423,1.100993156,3.985655308,0.04707590739,0.2627258301
E01465,40,22.25,2018-02-25T11:00:00,2018-02-25T22:00:00,2018-02-25T23:00:00,12,6,wet_snow,6,wet_snow,0,12,1.614054362,1.056915283,2.317169189,10.07357399,14.37487221,1.649808884,2.845287323,19.7977066,1.365789771,2.434051037,16.38947678,0.3004989624,0.4273376465
E00736,40.25,22.25,2020-02-05T17:00:00,2020-02-06T04:00:00,2020-02-06T05:00:00,12,6,wet_snow,6,wet_snow,0,12,1.625233968,0.5199279785,2.491363525,10.39113307,12.35218048,0.2997279167,0.6368637085,3.596735001,0.2957224846,0.6317138672,3.548669815,0.07533009847,0.1421508789
E02496,39.5,22.5,2012-02-08T07:00:00,2012-02-08T18:00:00,2012-02-08T19:00:00,12,6,wet_snow,6,wet_snow,0,12,2.588551839,2.099884033,3.213653564,8.986490806,11.72711182,0.4308700562,0.5518913269,5.170440674,0.4181206226,0.5516767502,5.017447472,0.03054555257,0.08575439453
E01590,40,22.75,2012-02-01T00:00:00,2012-02-01T11:00:00,2012-02-01T12:00:00,12,6,wet_snow,6,wet_snow,0,12,1.588287354,1.204986572,1.867828369,10.41199525,11.17422676,0.2362132072,0.3926753998,2.834558487,0.2202987671,0.3728270531,2.643585205,0.1496531169,0.202911377
E03160,39.25,22.5,2015-02-10T09:00:00,2015-02-10T20:00:00,2015-02-10T21:00:00,12,6,wet_snow,6,wet_snow,0,12,2.957702637,0.2613830566,4.496490479,7.798181454,10.86192989,0.002467632294,0.005149841309,0.02961158752,0.002472102642,0.004559755325,0.0296652317,0.008539835612,0.0334777832
E01525,40,22.5,2012-02-01T00:00:00,2012-02-01T11:00:00,2012-02-01T12:00:00,12,6,wet_snow,6,wet_snow,0,12,-2.506113688,-3.552825928,-0.8351745605,7.825894992,10.71621895,0.2680420876,0.3579139709,3.216505051,0.2608135343,0.3557682037,3.129762411,0.128674825,0.1871337891
E01002,40,21.75,2018-02-15T19:00:00,2018-02-16T06:00:00,2018-02-16T07:00:00,12,6,wet_snow,6,wet_snow,0,12,2.536519368,1.942779541,3.679718018,8.031238556,10.00390148,0.08093118668,0.1579284668,0.9711742401,0.06715804338,0.1343250275,0.8058965206,0.06389109294,0.10546875
E02409,39.5,22.25,2012-02-01T12:00:00,2012-02-01T23:00:00,2012-02-02T00:00:00,12,6,wet_snow,6,wet_snow,0,12,1.474609375,0.4475402832,3.215118408,5.922815005,9.515709877,0.4439592361,1.362991333,5.327510834,0.4297435284,1.343035698,5.15692234,0.02007293701,0.05166625977
E03159,39.25,22.5,2015-02-09T09:00:00,2015-02-09T20:00:00,2015-02-09T21:00:00,12,6,wet_snow,6,wet_snow,0,12,1.601898193,0.4469299316,4.026641846,7.293459574,9.385016441,0.8339524269,1.262569427,10.00742912,0.8018687367,1.184517145,9.622424126,0.1503702799,0.1979675293
E02333,39.5,22,2012-02-01T12:00:00,2012-02-01T23:00:00,2012-02-02T00:00:00,12,6,wet_snow,6,wet_snow,0,12,0.5110677083,-0.6288757324,2.269805908,6.31164964,9.338952065,0.644159317,1.537227631,7.729911804,0.6329387426,1.521241665,7.595264912,0.06046295166,0.1013793945
E03229,39.25,22.5,2019-02-24T15:00:00,2019-02-25T02:00:00,2019-02-25T03:00:00,12,6,wet_snow,6,wet_snow,0,12,1.499532064,0.7113342285,2.540313721,4.647338152,8.74723053,0.1519560814,0.2712249756,1.823472977,0.1509457827,0.2718687057,1.811349392,0.1438293457,0.2230834961
E02771,39.25,21.75,2017-01-18T08:00:00,2017-01-18T19:00:00,2017-01-18T20:00:00,12,6,wet_snow,6,wet_snow,0,12,1.297658285,0.7663879395,2.152130127,6.382380565,7.813181877,2.025139332,3.610467911,24.30167198,1.45188421,2.720940113,17.42261124,0.3862965902,0.8045959473
E02309,39.5,21.75,2019-02-13T19:00:00,2019-02-14T06:00:00,2019-02-14T07:00:00,12,6,wet_snow,6,wet_snow,0,12,2.985911051,1.906402588,3.587432861,6.407335043,7.188131332,0.00661611557,0.01373291016,0.07939338684,0.006839632988,0.0141620636,0.08207559586,0.1497217814,0.2648925781
E01034,40,21.75,2019-02-25T10:00:00,2019-02-25T21:00:00,2019-02-25T22:00:00,12,6,wet_snow,6,wet_snow,0,12,1.371683757,0.7854309082,1.878326416,6.081819614,6.790043831,0.00307559967,0.006866455078,0.03690719604,0.003173947334,0.006866455078,0.03808736801,0.1125437419,0.1908569336
E02243,39.5,21.75,2015-02-09T04:00:00,2015-02-09T15:00:00,2015-02-09T16:00:00,12,6,wet_snow,6,wet_snow,0,12,0.7329406738,-0.4473571777,1.916412354,5.542001009,6.512840271,0.504219532,1.015806198,6.050634384,0.4766061902,0.979167223,5.719274521,0.08317311605,0.1159973145
E02960,39.25,22,2017-12-21T07:00:00,2017-12-21T18:00:00,2017-12-21T19:00:00,12,6,wet_snow,6,wet_snow,0,12,-0.2622070312,-0.8081970215,0.1929016113,4.437996705,4.969485283,1.062512398,1.459121704,12.75014877,0.9643524885,1.356339455,11.57222939,0.143099467,0.2043457031
E03085,39.25,22.25,2017-12-21T07:00:00,2017-12-21T18:00:00,2017-12-21T19:00:00,12,6,wet_snow,6,wet_snow,0,12,0.3305664062,-0.2593688965,0.9376525879,3.780444622,4.372950554,1.112401485,1.511478424,13.34881783,0.9418576956,1.31803751,11.30229187,0.1272099813,0.1810302734
E02069,39.75,22.5,2012-02-07T08:00:00,2012-02-07T18:00:00,2012-02-07T19:00:00,11,6,wet_snow,6,wet_snow,0,11,3.330963135,2.894439697,3.90322876,16.77198557,21.03336143,0.9952068329,1.470708847,10.94727516,0.9018757127,1.178455353,9.920633316,0.1195567738,0.1636657715
E00552,40.25,22,2020-02-05T07:00:00,2020-02-05T17:00:00,2020-02-05T18:00:00,11,6,wet_snow,6,wet_snow,0,11,1.792344527,0.6173400879,3.027496338,13.39868424,16.48564148,0.2642804926,0.8591651917,2.907085419,0.2489528873,0.7758021355,2.73848176,0.04110162908,0.1067504883
E03226,39.25,22.5,2019-02-23T10:00:00,2019-02-23T20:00:00,2019-02-23T21:00:00,11,6,wet_snow,6,wet_snow,0,11,1.803841331,1.236846924,2.331207275,12.38412094,15.18270779,1.029148969,1.480579376,11.32063866,0.9484973821,1.165473461,10.43347073,0.07021262429,0.122833252
E02194,39.75,22.75,2019-01-04T20:00:00,2019-01-05T06:00:00,2019-01-05T07:00:00,11,6,wet_snow,6,wet_snow,0,11,1.326701771,1.149078369,1.621246338,13.2827464,14.69243622,2.076868577,2.631568909,22.84555435,1.836254922,2.432441711,20.19880486,0.251032049,0.4237060547
E03267,39.25,22.75,2014-12-31T02:00:00,2014-12-31T12:00:00,2014-12-31T13:00:00,11,6,wet_snow,6,wet_snow,0,11,0.9720653187,0.490020752,1.646026611,13.57694825,14.55628967,0.9057478471,1.022672653,9.963226318,0.8695916696,0.9875893593,9.565507889,0.1204445579,0.1758728027
E03245,39.25,22.75,2012-01-30T00:00:00,2012-01-30T10:00:00,2012-01-30T11:00:00,11,6,wet_snow,6,wet_snow,0,11,3.053985596,2.163116455,4.214141846,10.63040569,12.72497272,0.03604888916,0.08840560913,0.3965377808,0.03404942426,0.08824467659,0.3745436668,0.1661487926,0.2682189941
E00563,40.25,22.25,2012-01-07T00:00:00,2012-01-07T10:00:00,2012-01-07T11:00:00,11,6,wet_snow,6,wet_snow,0,11,2.067590887,1.341705322,3.173736572,11.7312577,12.35085297,0.4406235435,1.027822495,4.846858978,0.4222821106,0.8984327316,4.645102501,0.1141440652,0.1578674316
E00785,40.25,22.75,2012-01-30T18:00:00,2012-01-31T04:00:00,2012-01-31T05:00:00,11,6,wet_snow,6,wet_snow,0,11,1.92148382,1.191314697,3.155914307,8.722801295,11.0260334,0.02898736434,0.05922317505,0.3188610077,0.0267830762,0.05568265915,0.2946138382,0.06042203036,0.1065368652
E00801,40.25,22.75,2015-02-17T22:00:00,2015-02-18T08:00:00,2015-02-18T09:00:00,11,6,wet_snow,6,wet_snow,0,11,2.732019598,2.468414307,3.404571533,7.333248138,10.27933502,0.0645680861,0.1296043396,0.7102489471,0.05603378469,0.1105070114,0.6163716316,0.1137223677,0.1982727051
E03309,39.25,22.75,2016-12-30T13:00:00,2016-12-30T23:00:00,2016-12-31T00:00:00,11,6,wet_snow,6,wet_snow,0,11,3.250829523,1.22769165,4.634185791,7.039831768,9.839901924,0.008309971203,0.03905296326,0.09140968323,0.00576431101,0.01405477524,0.06340742111,0.006638960405,0.0149230957
E01477,40,22.25,2018-12-17T21:00:00,2018-12-18T07:00:00,2018-12-18T08:00:00,11,6,wet_snow,6,wet_snow,0,11,1.769872492,1.302886963,2.437286377,7.104995121,9.368141174,0.9714473378,1.487445831,10.68592072,0.7659413598,1.201844215,8.425354958,0.1765358665,0.3373413086
E02407,39.5,22.25,2012-01-31T07:00:00,2012-01-31T17:00:00,2012-01-31T18:00:00,11,6,wet_snow,6,wet_snow,0,11,2.848807595,0.1239318848,4.159454346,7.075007612,9.284897804,0.01338178461,0.05235671997,0.1471996307,0.0129672614,0.04795789719,0.1426398754,0.08054005016,0.1375732422
E00660,40.25,22.25,2017-01-16T08:00:00,2017-01-16T18:00:00,2017-01-16T19:00:00,11,6,wet_snow,6,wet_snow,0,11,0.2545915083,-0.003021240234,0.9012756348,5.819099166,8.597675323,0.3305261785,0.5982398987,3.635787964,0.3285657276,0.59684515,3.614223003,0.1028192694,0.1425476074
E02331,39.5,22,2012-01-31T07:00:00,2012-01-31T17:00:00,2012-01-31T18:00:00,11,6,wet_snow,6,wet_snow,0,11,1.80832464,-0.9561462402,3.112579346,6.334950794,8.414780617,0.02594427629,0.07123947144,0.2853870392,0.02561753446,0.06759166718,0.2817928791,0.07030556419,0.1174621582
E00742,40.25,22.5,2012-01-30T18:00:00,2012-01-31T04:00:00,2012-01-31T05:00:00,11,6,wet_snow,6,wet_snow,0,11,-1.231037487,-3.048919678,0.1168518066,6.405063369,7.892244339,0.1033479517,0.1630783081,1.136827469,0.1015874473,0.1603960991,1.11746192,0.05846058239,0.09722900391
E03253,39.25,22.75,2012-02-01T20:00:00,2012-02-02T06:00:00,2012-02-02T07:00:00,11,6,wet_snow,6,wet_snow,0,11,1.682447954,1.220611572,2.181671143,5.398917025,7.648639679,0.5185734142,0.8694648743,5.704307556,0.4963354631,0.8008003235,5.459690094,0.07188276811,0.09661865234
E00758,40.25,22.5,2015-02-17T22:00:00,2015-02-18T08:00:00,2015-02-18T09:00:00,11,6,wet_snow,6,wet_snow,0,11,-0.05668778853,-0.8186950684,0.6080627441,5.669718309,7.545936584,0.1544172114,0.22315979,1.698589325,0.1492722468,0.211250782,1.641994715,0.1246615323,0.1893005371
E02301,39.5,21.75,2019-01-03T06:00:00,2019-01-03T16:00:00,2019-01-03T17:00:00,11,6,wet_snow,6,wet_snow,0,11,0.6644481312,0.4109191895,1.117950439,6.406380393,7.355316162,1.88741684,2.42729187,20.76158524,1.878316836,2.403259277,20.66148376,0.1818847656,0.2586975098
E02487,39.5,22.5,2012-01-29T20:00:00,2012-01-30T06:00:00,2012-01-30T07:00:00,11,6,wet_snow,6,wet_snow,0,11,2.666290283,1.04397583,3.947296143,6.418805643,7.046757698,0.01271854747,0.03261566162,0.1399040222,0.01164566387,0.03122091293,0.1281023026,0.04982965643,0.110534668
E02970,39.25,22,2019-01-03T08:00:00,2019-01-03T18:00:00,2019-01-03T19:00:00,11,6,wet_snow,6,wet_snow,0,11,0.4532997825,-0.008148193359,1.106231689,6.584566983,7.025074959,2.244706587,3.18775177,24.69177246,2.234689756,3.177666664,24.58158875,0.2408475009,0.4127502441
E01254,40,22,2018-12-31T08:00:00,2018-12-31T18:00:00,2018-12-31T19:00:00,11,6,wet_snow,6,wet_snow,0,11,3.178153298,2.437652588,4.146026611,5.612955353,6.709169388,0.08387999101,0.3287315369,0.9226799011,0.05867697976,0.2491235733,0.6454467773,0.006389271129,0.02676391602
E02031,39.75,22.25,2019-01-03T04:00:00,2019-01-03T14:00:00,2019-01-03T15:00:00,11,6,wet_snow,6,wet_snow,0,11,1.420263117,0.901763916,1.960845947,5.842975963,6.622894287,1.36049444,2.312278748,14.96543884,1.272761822,2.226448059,14.00037956,0.09463500977,0.1586303711
E01903,39.75,22,2019-01-03T04:00:00,2019-01-03T14:00:00,2019-01-03T15:00:00,11,6,wet_snow,6,wet_snow,0,11,1.268274481,0.974029541,1.660064697,5.491990523,6.329925537,1.253752275,1.841926575,13.79127502,1.235410842,1.814246178,13.5895195,0.08897261186,0.1101989746
E00157,40.25,21.75,2016-12-16T09:00:00,2016-12-16T19:00:00,2016-12-16T20:00:00,11,6,wet_snow,6,wet_snow,0,11,2.710879239,1.524688721,3.398468018,4.633098169,6.121352196,0.002184781161,0.005149841309,0.02403259277,0.002233548598,0.004613399506,0.02456903458,0.04615922408,0.06097412109
E03191,39.25,22.5,2016-12-31T09:00:00,2016-12-31T19:00:00,2016-12-31T20:00:00,11,6,wet_snow,6,wet_snow,0,11,2.863089822,1.398345947,4.002960205,4.378962777,6.112941742,0.005344911055,0.01888275146,0.05879402161,0.005301020362,0.01899003983,0.05831122398,0.03373579545,0.08908081055
E03095,39.25,22.25,2019-01-03T08:00:00,2019-01-03T18:00:00,2019-01-03T19:00:00,11,6,wet_snow,6,wet_snow,0,11,0.9440668279,0.395904541,1.547637939,5.525351784,5.817055702,2.528494055,3.518199921,27.8134346,2.492279356,3.47764492,27.41507149,0.2904885032,0.4553527832
E00943,40,21.75,2016-12-16T08:00:00,2016-12-16T18:00:00,2016-12-16T19:00:00,11,6,wet_snow,6,wet_snow,0,11,2.787417325,1.643829346,3.640655518,4.119497819,5.526999474,0.01201629639,0.01802444458,0.1321792603,0.009402361783,0.01577138901,0.1034259796,0.08416193182,0.1042785645
E02961,39.25,22,2017-12-22T07:00:00,2017-12-22T17:00:00,2017-12-22T18:00:00,11,6,wet_snow,6,wet_snow,0,11,-0.01680408825,-0.9385681152,0.509552002,5.059293574,5.392041206,0.908946991,1.241111755,9.998416901,0.875804641,1.233923435,9.633851051,0.1289007013,0.2302856445
E02975,39.25,22,2019-01-12T03:00:00,2019-01-12T13:00:00,2019-01-12T14:00:00,11,6,wet_snow,6,wet_snow,0,11,1.933402322,1.304840088,2.770172119,4.357917959,5.178769112,0.7507064126,1.156139374,8.257770538,0.6965209137,1.062262058,7.661729813,0.07662409002,0.09753417969
E03086,39.25,22.25,2017-12-22T07:00:00,2017-12-22T17:00:00,2017-12-22T18:00:00,11,6,wet_snow,6,wet_snow,0,11,0.7459800027,-0.1163024902,1.222320557,3.913164312,4.433056831,0.8580728011,1.296901703,9.438800812,0.7568754933,1.22834444,8.325630188,0.1296858354,0.2427062988
E03100,39.25,22.25,2019-01-12T03:00:00,2019-01-12T13:00:00,2019-01-12T14:00:00,11,6,wet_snow,6,wet_snow,0,11,2.601371072,2.002593994,3.402984619,3.631089124,4.362362862,0.7991227237,1.148414612,8.79034996,0.715140321,1.125669479,7.86654377,0.07701804421,0.1046447754
E01209,40,22,2017-02-10T17:00:00,2017-02-11T03:00:00,2017-02-11T04:00:00,11,6,wet_snow,6,wet_snow,0,11,2.841361306,2.049224854,3.777740479,3.20257447,3.777728081,0.05836486816,0.08625984192,0.6420135498,0.0530638478,0.08025169373,0.5837023258,0.1690951261,0.1957092285
E00665,40.25,22.25,2017-01-18T15:00:00,2017-01-19T00:00:00,2017-01-19T01:00:00,10,6,wet_snow,6,wet_snow,0,10,1.247906494,0.7214660645,1.654571533,13.6046895,18.7803421,2.994632721,4.967021942,29.94632721,2.823990583,4.953932762,28.23990631,0.4454742432,0.7229919434
E02703,39.25,21.75,2013-12-03T12:00:00,2013-12-03T21:00:00,2013-12-03T22:00:00,10,6,wet_snow,6,wet_snow,0,10,2.598590088,1.276031494,3.860870361,10.42022018,15.78086376,0.01403331757,0.04549026489,0.1403331757,0.01277267933,0.04189610481,0.1277267933,0.05682983398,0.07284545898
E00028,40.25,21.75,2012-02-27T07:00:00,2012-02-27T16:00:00,2012-02-27T17:00:00,10,6,wet_snow,6,wet_snow,0,10,1.523443604,1.194610596,1.903717041,11.83980827,12.90399361,0.4211711884,0.8244037628,4.211711884,0.4208761454,0.8237600327,4.208761215,0.01986083984,0.08407592773
E00430,40.25,22,2016-02-05T07:00:00,2016-02-05T16:00:00,2016-02-05T17:00:00,10,6,wet_snow,6,wet_snow,0,10,1.787872314,0.9159240723,2.298370361,11.09638186,12.85106945,0.2287817001,0.4926681519,2.287817001,0.2277946472,0.4926681519,2.277946472,0.03912353516,0.1199951172
E02585,39.5,22.75,2012-01-31T11:00:00,2012-01-31T20:00:00,2012-01-31T21:00:00,10,6,wet_snow,6,wet_snow,0,10,1.454351807,0.2994689941,2.016876221,9.436658287,12.71408272,0.0160074234,0.02574920654,0.160074234,0.01500964165,0.02564191818,0.1500964165,0.110760498,0.219329834
E00110,40.25,21.75,2014-12-28T08:00:00,2014-12-28T17:00:00,2014-12-28T18:00:00,10,6,wet_snow,6,wet_snow,0,10,2.119830322,1.222320557,3.349151611,10.30170765,12.5358305,0.6930398941,1.821327209,6.930398941,0.4622197151,1.124596596,4.622197151,0.04461364746,0.09442138672
E01178,40,22,2016-02-05T08:00:00,2016-02-05T17:00:00,2016-02-05T18:00:00,10,6,wet_snow,6,wet_snow,0,10,2.560772705,1.947662354,3.179595947,11.20781078,12.3627882,0.2326011658,0.4952430725,2.326011658,0.1871323586,0.3962159157,1.871323586,0.02423400879,0.09765625
E01242,40,22,2018-02-25T14:00:00,2018-02-25T23:00:00,2018-02-26T00:00:00,10,6,wet_snow,6,wet_snow,0,10,1.816473389,1.424468994,2.238677979,8.754929256,11.95645809,1.203432083,2.168941498,12.03432083,0.9398514032,1.820898056,9.398513794,0.1150970459,0.2625427246
E02600,39.5,22.75,2014-12-29T22:00:00,2014-12-30T07:00:00,2014-12-30T08:00:00,10,6,wet_snow,6,wet_snow,0,10,2.050128174,0.3764953613,3.42276001,10.17621107,11.64721775,0.117931366,0.5342960358,1.17931366,0.117866993,0.5344033241,1.17866993,0.1013092041,0.145111084
E01597,40,22.75,2012-02-09T22:00:00,2012-02-10T07:00:00,2012-02-10T08:00:00,10,6,wet_snow,6,wet_snow,0,10,2.680548096,2.48928833,2.861236572,10.73803558,11.63766479,0.5363559723,0.688791275,5.363559723,0.4640328884,0.5616009235,4.640328407,0.1606842041,0.2016296387
E02094,39.75,22.5,2015-02-17T12:00:00,2015-02-17T21:00:00,2015-02-17T22:00:00,10,6,wet_snow,6,wet_snow,0,10,2.848065186,2.138214111,3.353912354,9.731715679,11.58543396,0.2695512772,0.4068374634,2.695512772,0.2567088604,0.4070520401,2.567088604,0.1211914062,0.195892334
E02320,39.5,21.75,2020-01-05T17:00:00,2020-01-06T02:00:00,2020-01-06T03:00:00,10,6,wet_snow,6,wet_snow,0,10,3.196221924,2.397979736,4.169219971,10.14491501,10.94896126,0.1305484772,0.2300262451,1.305484772,0.1175558567,0.229382515,1.175558567,0.05372009277,0.1055297852
E01628,40,22.75,2016-01-23T01:00:00,2016-01-23T10:00:00,2016-01-23T11:00:00,10,6,wet_snow,6,wet_snow,0,10,2.517681885,1.70401001,3.508209229,10.05539236,10.84205437,0.08334159851,0.130033493,0.8334159851,0.03374218941,0.07563829422,0.3374218941,0.06604919434,0.1019897461
E03260,39.25,22.75,2012-02-28T02:00:00,2012-02-28T11:00:00,2012-02-28T12:00:00,10,6,wet_snow,6,wet_snow,0,10,3.22678833,1.572906494,5.015777588,8.811262131,10.6550827,0.01038551331,0.03862380981,0.1038551331,0.009242892265,0.03840923309,0.09242892265,0.02530059814,0.1012268066
E02497,39.5,22.5,2012-02-09T07:00:00,2012-02-09T16:00:00,2012-02-09T17:00:00,10,6,wet_snow,6,wet_snow,0,10,2.171636963,0.002838134766,3.051177979,8.65893631,9.954045296,0.06008148193,0.08068084717,0.6008148193,0.05986690521,0.08127093315,0.5986690521,0.0292755127,0.04388427734
E01532,40,22.5,2012-02-09T22:00:00,2012-02-10T07:00:00,2012-02-10T08:00:00,10,6,wet_snow,6,wet_snow,0,10,-0.4620300293,-0.6918640137,-0.2749938965,7.711766052,9.554656982,0.5863952637,0.7192611694,5.863952637,0.5778121948,0.7172226906,5.778121948,0.1403839111,0.174621582
E01486,40,22.25,2019-01-09T21:00:00,2019-01-10T06:00:00,2019-01-10T07:00:00,10,3,freezing_rain,3,freezing_rain,10,0,-0.6545349121,-1.314788818,-0.109954834,7.277906609,9.16074276,0.1097774506,0.3806591034,1.097774506,0.005847215652,0.02735853195,0.05847215652,0.0211730957,0.09481811523
E00898,40,21.75,2014-01-26T08:00:00,2014-01-26T17:00:00,2014-01-26T18:00:00,10,6,wet_snow,6,wet_snow,0,10,2.038800049,0.941192627,3.003082275,7.552823448,8.878791809,0.1773691177,0.2763748169,1.773691177,0.1678526402,0.2562046051,1.678526402,0.1085205078,0.2200927734
E03286,39.25,22.75,2015-02-10T21:00:00,2015-02-11T06:00:00,2015-02-11T07:00:00,10,6,wet_snow,6,wet_snow,0,10,2.450421143,0.7335510254,4.230377197,7.319411278,8.872115135,0.003991127014,0.01802444458,0.03991127014,0.002263784409,0.004720687866,0.02263784409,0.003414916992,0.005828857422
E01563,40,22.5,2016-01-23T01:00:00,2016-01-23T10:00:00,2016-01-23T11:00:00,10,6,wet_snow,6,wet_snow,0,10,-0.3997009277,-1.364837646,0.5628967285,7.916427517,8.80167675,0.01815319061,0.02317428589,0.1815319061,0.01808345318,0.02333521843,0.1808345318,0.03375549316,0.04806518555
E03038,39.25,22.25,2015-02-09T08:00:00,2015-02-09T17:00:00,2015-02-09T18:00:00,10,6,wet_snow,6,wet_snow,0,10,1.909295654,0.4117736816,4.068878174,7.597330952,8.719977379,0.7944059372,1.185750961,7.944059372,0.7628041506,1.125991344,7.628041267,0.1439361572,0.1653747559
E00832,40,21.75,2012-01-14T07:00:00,2012-01-14T16:00:00,2012-01-14T17:00:00,10,6,wet_snow,6,wet_snow,0,10,2.531939697,2.103668213,3.069244385,7.024858093,8.52165699,0.1084041595,0.2763748169,1.084041595,0.09368419647,0.2200484276,0.9368419647,0.09521179199,0.1498413086
E01268,40,22,2019-12-04T03:00:00,2019-12-04T12:00:00,2019-12-04T13:00:00,10,6,wet_snow,6,wet_snow,0,10,2.594036865,2.091461182,3.089385986,6.087042332,8.399819374,0.6639003754,1.522636414,6.639003754,0.4661625624,1.131677628,4.661625385,0.2649627686,0.3941955566
E02913,39.25,22,2015-02-09T08:00:00,2015-02-09T17:00:00,2015-02-09T18:00:00,10,6,wet_snow,6,wet_snow,0,10,0.8239440918,-0.6663513184,2.727081299,7.469450092,8.159132957,0.765953064,1.182317734,7.65953064,0.7439643145,1.117086411,7.439643383,0.1245635986,0.1484680176
E01977,39.75,22.25,2015-02-17T11:00:00,2015-02-17T20:00:00,2015-02-17T21:00:00,10,6,wet_snow,6,wet_snow,0,10,2.665582275,1.727081299,3.221343994,6.336889839,8.146957397,0.2194261551,0.3355979919,2.194261551,0.2005648613,0.2707958221,2.005648613,0.1046875,0.158203125
E00813,40.25,22.75,2017-01-26T04:00:00,2017-01-26T13:00:00,2017-01-26T14:00:00,10,6,wet_snow,6,wet_snow,0,10,2.884075928,2.344146729,3.387237549,7.428796005,8.12528038,0.1808452606,0.2600669861,1.808452606,0.07732272148,0.1275658607,0.7732272148,0.2439239502,0.2848510742
E01376,40,22.25,2014-02-03T08:00:00,2014-02-03T17:00:00,2014-02-03T18:00:00,10,6,wet_snow,6,wet_snow,0,10,3.685296631,2.263092041,4.489532471,7.483862686,7.848661423,0.008668899536,0.03347396851,0.08668899536,0.008432865143,0.03207921982,0.08432865143,0.1072479248,0.1297607422
E00499,40.25,22,2018-02-25T06:00:00,2018-02-25T15:00:00,2018-02-25T16:00:00,10,6,wet_snow,6,wet_snow,0,10,1.391522217,0.5412902832,2.190460205,6.216154194,7.318660736,0.4723262787,0.9346961975,4.723262787,0.3986245394,0.9125947952,3.986245394,0.1322540283,0.2154846191
E02365,39.5,22,2016-01-18T03:00:00,2016-01-18T12:00:00,2016-01-18T13:00:00,10,6,wet_snow,6,wet_snow,0,10,1.787408447,0.339263916,4.015777588,6.510642338,7.164179802,0.1525640488,0.3128528595,1.525640488,0.1506435871,0.3127455711,1.506435871,0.03916931152,0.08984375
E01849,39.75,22,2015-02-17T11:00:00,2015-02-17T20:00:00,2015-02-17T21:00:00,10,6,wet_snow,6,wet_snow,0,10,2.393707275,1.393096924,3.121734619,5.612085152,7.158676147,0.2262067795,0.3089904785,2.262067795,0.2076566219,0.2760529518,2.076566219,0.1108337402,0.1517333984
E01524,40,22.5,2012-01-31T12:00:00,2012-01-31T21:00:00,2012-01-31T22:00:00,10,6,wet_snow,6,wet_snow,0,10,-1.422845459,-2.640960693,-0.5273132324,5.204104614,6.955046654,0.004549026489,0.02403259277,0.04549026489,0.003207921982,0.009441375732,0.03207921982,0.01286621094,0.04135131836
E01589,40,22.75,2012-01-31T12:00:00,2012-01-31T21:00:00,2012-01-31T22:00:00,10,6,wet_snow,6,wet_snow,0,10,1.685552979,0.6399230957,2.339508057,5.867874146,6.524382591,0.01017093658,0.04677772522,0.1017093658,0.002574920654,0.008368492126,0.02574920654,0.02270050049,0.05041503906
E02127,39.75,22.5,2017-01-26T15:00:00,2017-01-27T00:00:00,2017-01-27T01:00:00,10,6,wet_snow,6,wet_snow,0,10,2.483514404,2.00894165,2.938751221,4.962191963,6.228194237,0.3179168701,0.4175662994,3.179168701,0.3021562099,0.4148304462,3.021562099,0.1871276855,0.2168579102
E00770,40.25,22.5,2017-01-26T04:00:00,2017-01-26T13:00:00,2017-01-26T14:00:00,10,6,wet_snow,6,wet_snow,0,10,0.7059509277,0.02969360352,1.469268799,5.57762413,6.124026299,0.1125669479,0.1712322235,1.125669479,0.1123523712,0.1710176468,1.123523712,0.2059997559,0.2429199219
E02441,39.5,22.25,2016-01-18T03:00:00,2016-01-18T12:00:00,2016-01-18T13:00:00,10,6,wet_snow,6,wet_snow,0,10,2.44776001,1.102935791,4.554840088,5.348825932,5.847773552,0.2886486053,0.4982471466,2.886486053,0.2863419056,0.4981398582,2.863419056,0.04808959961,0.1204833984
E03314,39.25,22.75,2017-01-11T09:00:00,2017-01-11T18:00:00,2017-01-11T19:00:00,10,6,wet_snow,6,wet_snow,0,10,-0.8123962402,-1.246917725,0.03628540039,3.424861526,5.051237106,1.58331871,2.564620972,15.8331871,1.551641822,2.514410019,15.51641846,0.1000396729,0.1983032227
E00434,40.25,22,2016-12-07T21:00:00,2016-12-08T06:00:00,2016-12-08T07:00:00,10,6,wet_snow,6,wet_snow,0,10,0.9064025879,0.401763916,1.58303833,4.014872074,4.857554436,0.1035547256,0.1605033875,1.035547256,0.06004929543,0.09881258011,0.6004929543,0.1743682861,0.1976318359
E00905,40,21.75,2014-02-03T23:00:00,2014-02-04T08:00:00,2014-02-04T09:00:00,10,6,wet_snow,6,wet_snow,0,10,2.164129639,1.746124268,2.666046143,3.772245598,4.804172516,0.1031255722,0.1381874084,1.031255722,0.08166790009,0.1130282879,0.8166790009,0.07525024414,0.1304626465
E01205,40,22,2017-01-30T08:00:00,2017-01-30T17:00:00,2017-01-30T18:00:00,10,6,wet_snow,6,wet_snow,0,10,2.499017334,1.26663208,3.127227783,4.203548622,4.742569923,0.06119728088,0.1218795776,0.6119728088,0.04686355591,0.09178519249,0.4686355591,0.1212402344,0.1484680176
E02432,39.5,22.25,2015-02-18T02:00:00,2015-02-18T11:00:00,2015-02-18T12:00:00,10,6,wet_snow,6,wet_snow,0,10,2.041046143,0.4547424316,4.931671143,3.211659431,4.45867157,0.06042480469,0.08025169373,0.6042480469,0.05493700504,0.07091760635,0.5493700504,0.1059326172,0.1424560547
E00470,40.25,22,2017-02-13T08:00:00,2017-02-13T17:00:00,2017-02-13T18:00:00,10,6,wet_snow,6,wet_snow,0,10,1.677093506,0.6487121582,2.140167236,3.645942497,4.391698837,0.04690647125,0.09741783142,0.4690647125,0.04643440247,0.09763240814,0.4643440247,0.1287597656,0.1981506348
E01719,39.75,21.75,2016-01-22T19:00:00,2016-01-23T04:00:00,2016-01-23T05:00:00,10,6,wet_snow,6,wet_snow,0,10,1.44776001,0.1354064941,2.377471924,2.167965698,4.351492882,0.01519203186,0.01974105835,0.1519203186,0.01518130302,0.01925826073,0.1518130302,0.101864624,0.1669311523
E00290,40.25,21.75,2020-12-01T00:00:00,2020-12-01T09:00:00,2020-12-01T10:00:00,10,6,wet_snow,6,wet_snow,0,10,1.585076904,0.5148010254,3.012359619,3.01128931,4.333512306,0.01853942871,0.08068084717,0.1853942871,0.0178527832,0.08057355881,0.178527832,0.2932434082,0.3175354004
E02356,39.5,22,2015-02-18T02:00:00,2015-02-18T11:00:00,2015-02-18T12:00:00,10,6,wet_snow,6,wet_snow,0,10,1.193585205,-0.4280700684,4.050811768,2.957167244,3.965507507,0.1144981384,0.1806735992,1.144981384,0.109680891,0.1697838306,1.09680891,0.1210174561,0.1585998535
E02470,39.5,22.25,2019-02-24T19:00:00,2019-02-25T04:00:00,2019-02-25T05:00:00,10,6,wet_snow,6,wet_snow,0,10,1.457720947,0.5528869629,2.2784729,3.388636875,3.807141304,0.03102779388,0.05235671997,0.3102779388,0.03083467484,0.05224943161,0.3083467484,0.06683959961,0.1044616699
E02394,39.5,22,2019-02-24T19:00:00,2019-02-25T04:00:00,2019-02-25T05:00:00,10,6,wet_snow,6,wet_snow,0,10,-0.6147399902,-1.408050537,0.7140197754,3.284828281,3.623262405,0.05308628082,0.07381439209,0.5308628082,0.05303263664,0.07349252701,0.5303263664,0.1135528564,0.1606445312
E00560,40.25,22,2020-12-01T00:00:00,2020-12-01T09:00:00,2020-12-01T10:00:00,10,6,wet_snow,6,wet_snow,0,10,1.501873779,0.5499572754,2.748687744,2.611582279,3.443863869,0.03351688385,0.09698867798,0.3351688385,0.02599596977,0.09055137634,0.2599596977,0.2791870117,0.4151611328
E02256,39.5,21.75,2016-01-20T09:00:00,2016-01-20T18:00:00,2016-01-20T19:00:00,10,6,wet_snow,6,wet_snow,0,10,0.5214416504,-1.157562256,1.430938721,2.523823071,3.429322243,0.07844924927,0.1811027527,0.7844924927,0.07829904556,0.181210041,0.7829904556,0.09994506836,0.1284484863
E01655,39.75,21.75,2012-01-27T19:00:00,2012-01-28T04:00:00,2012-01-28T05:00:00,10,6,wet_snow,6,wet_snow,0,10,1.157415771,-0.1221618652,3.212188721,1.801897526,2.297786713,0.0008583068848,0.00171661377,0.008583068848,0.0009441375732,0.002253055573,0.009441375732,0.033203125,0.05841064453
E02016,39.75,22.25,2017-02-13T22:00:00,2017-02-14T07:00:00,2017-02-14T08:00:00,10,6,wet_snow,6,wet_snow,0,10,0.8942199707,0.4819641113,1.37197876,2.068353176,2.276509285,0.326628685,0.4038333893,3.26628685,0.2542948723,0.3092050552,2.542948723,0.207913208,0.2515258789
E01888,39.75,22,2017-02-13T22:00:00,2017-02-14T07:00:00,2017-02-14T08:00:00,10,6,wet_snow,6,wet_snow,0,10,0.7203918457,0.2965393066,1.171417236,1.691888332,1.834126472,0.275645256,0.3300189972,2.75645256,0.2313673496,0.2762675285,2.313673496,0.1994812012,0.2432250977
E00149,40.25,21.75,2016-02-05T07:00:00,2016-02-05T15:00:00,2016-02-05T16:00:00,9,6,wet_snow,6,wet_snow,0,9,2.790137397,1.556549072,3.519805908,14.27961445,15.53573513,0.1398086548,0.2737998962,1.258277893,0.1339554787,0.2736926079,1.205599308,0.03391181098,0.09643554688
E02612,39.5,22.75,2015-02-09T06:00:00,2015-02-09T14:00:00,2015-02-09T15:00:00,9,6,wet_snow,6,wet_snow,0,9,2.498199463,1.154205322,4.2394104,13.69474665,14.45526028,0.8296012878,1.552677155,7.466411591,0.7522940636,1.516842842,6.770646095,0.1228841146,0.2327880859
E02070,39.75,22.5,2012-02-07T20:00:00,2012-02-08T04:00:00,2012-02-08T05:00:00,9,6,wet_snow,6,wet_snow,0,9,2.662899441,2.367584229,2.92666626,10.62428824,14.23928261,0.4902362823,0.9724617004,4.412126541,0.4284620285,0.7701158524,3.856158257,0.1569383409,0.2588195801
E01639,40,22.75,2019-01-03T23:00:00,2019-01-04T07:00:00,2019-01-04T08:00:00,9,6,wet_snow,6,wet_snow,0,9,3.192752414,2.59487915,4.060211182,11.0057923,14.17179966,0.1286506653,0.22315979,1.157855988,0.06384849548,0.09602308273,0.5746364594,0.04099527995,0.07409667969
E02071,39.75,22.5,2012-02-08T07:00:00,2012-02-08T15:00:00,2012-02-08T16:00:00,9,6,wet_snow,6,wet_snow,0,9,2.238460965,1.741851807,2.885528564,12.83775732,13.74881649,0.3108024597,0.3587722778,2.797222137,0.3091812134,0.3536224365,2.78263092,0.04466756185,0.08447265625
E00737,40.25,22.25,2020-02-06T07:00:00,2020-02-06T15:00:00,2020-02-06T16:00:00,9,6,wet_snow,6,wet_snow,0,9,1.571780735,-0.2481384277,2.607818604,12.07929929,13.5979681,0.002145767212,0.00901222229,0.01931190491,0.002086162567,0.008797645569,0.0187754631,0.01944986979,0.03329467773
E00271,40.25,21.75,2020-01-05T08:00:00,2020-01-05T16:00:00,2020-01-05T17:00:00,9,6,wet_snow,6,wet_snow,0,9,3.445980496,2.542266846,4.709136963,11.26590125,13.05719948,0.1612186432,0.4265785217,1.450967789,0.1441001892,0.3991127014,1.296901703,0.009623209635,0.04669189453
E01946,39.75,22.25,2012-02-07T09:00:00,2012-02-07T17:00:00,2012-02-07T18:00:00,9,6,wet_snow,6,wet_snow,0,9,3.695763482,2.422515869,4.310943604,10.51903947,12.80156994,0.6485462189,1.426076889,5.83691597,0.54666996,1.084470749,4.92002964,0.0956624349,0.1285400391
E02096,39.75,22.5,2015-12-30T19:00:00,2015-12-31T03:00:00,2015-12-31T04:00:00,9,6,wet_snow,6,wet_snow,0,9,2.742109511,1.581085205,4.126251221,11.18716007,12.67057133,0.3674507141,0.4939556122,3.307056427,0.3419518471,0.4545807838,3.077566624,0.08783976237,0.1565246582
E01705,39.75,21.75,2015-02-11T08:00:00,2015-02-11T16:00:00,2015-02-11T17:00:00,9,6,wet_snow,6,wet_snow,0,9,4.482126872,2.0987854,5.622467041,10.36543952,12.65128708,0.004911422729,0.01287460327,0.04420280457,0.004976987839,0.01298189163,0.04479289055,0.005615234375,0.009674072266
E01796,39.75,21.75,2020-01-05T17:00:00,2020-01-06T01:00:00,2020-01-06T02:00:00,9,6,wet_snow,6,wet_snow,0,9,3.425757514,2.750518799,4.225128174,11.7230694,12.4804821,0.07643699646,0.1253128052,0.6879329681,0.07431507111,0.1252055168,0.66883564,0.0327589247,0.09014892578
E02090,39.75,22.5,2015-02-10T12:00:00,2015-02-10T20:00:00,2015-02-10T21:00:00,9,6,wet_snow,6,wet_snow,0,9,3.485558404,1.9269104,4.2237854,10.79995728,12.43427277,0.001287460327,0.002574920654,0.01158714294,0.001287460327,0.002467632294,0.01158714294,0.0007052951389,0.002502441406
E00817,40.25,22.75,2019-01-04T06:00:00,2019-01-04T14:00:00,2019-01-04T15:00:00,9,6,wet_snow,6,wet_snow,0,9,2.348948161,2.109649658,2.552886963,10.38321961,11.80091953,0.7487773895,1.500749588,6.738996506,0.5508422852,1.227378845,4.957580566,0.1804436578,0.2644348145
E02150,39.75,22.75,2012-01-30T03:00:00,2012-01-30T11:00:00,2012-01-30T12:00:00,9,6,wet_snow,6,wet_snow,0,9,2.497277154,2.26663208,2.755157471,11.08141443,11.52016926,0.02207756042,0.05149841309,0.1986980438,0.02116560936,0.04742145538,0.1904904842,0.1447550456,0.2112731934
E02189,39.75,22.75,2017-01-10T05:00:00,2017-01-10T13:00:00,2017-01-10T14:00:00,9,6,wet_snow,6,wet_snow,0,9,-0.03626505534,-0.7686462402,0.8452453613,10.90968005,11.45974159,0.6732463837,0.9132385254,6.059217453,0.6672382355,0.909268856,6.005144119,0.07303873698,0.1133422852
E03141,39.25,22.5,2012-02-08T07:00:00,2012-02-08T15:00:00,2012-02-08T16:00:00,9,6,wet_snow,6,wet_snow,0,9,2.346099854,1.695587158,3.045684814,10.57940229,11.45416927,0.6373405457,0.7471561432,5.736064911,0.5777955055,0.6424427032,5.20015955,0.06864420573,0.1056213379
E00538,40.25,22,2020-01-05T07:00:00,2020-01-05T15:00:00,2020-01-05T16:00:00,9,6,wet_snow,6,wet_snow,0,9,2.530737983,1.496490479,3.851715088,9.421620051,10.76078415,0.2217769623,0.5124092102,1.995992661,0.219976902,0.507581234,1.979792118,0.009724934896,0.04928588867
E00812,40.25,22.75,2017-01-11T13:00:00,2017-01-11T21:00:00,2017-01-11T22:00:00,9,6,wet_snow,6,wet_snow,0,9,1.889258491,0.8253479004,2.854644775,8.340032472,10.54808426,0.2148628235,0.5072593689,1.933765411,0.1834750175,0.4957795143,1.651275158,0.004838731554,0.01577758789
E01274,40,22,2020-01-05T07:00:00,2020-01-05T15:00:00,2020-01-05T16:00:00,9,6,wet_snow,6,wet_snow,0,9,3.180260552,1.990631104,4.439605713,9.239653905,10.53743649,0.1767158508,0.3304481506,1.590442657,0.1398682594,0.297832489,1.258814335,0.008039686415,0.01473999023
E01634,40,22.75,2017-01-11T12:00:00,2017-01-11T20:00:00,2017-01-11T21:00:00,9,6,wet_snow,6,wet_snow,0,9,1.775760227,0.8546447754,2.585357666,7.852140956,10.48606014,0.514793396,0.90508461,4.633140564,0.4810631275,0.893175602,4.329568386,0.01372273763,0.0207824707
E02106,39.75,22.5,2016-01-23T07:00:00,2016-01-23T15:00:00,2016-01-23T16:00:00,9,6,wet_snow,6,wet_snow,0,9,2.338762071,0.2894592285,3.073394775,8.25027434,9.981114388,0.0391960144,0.09613037109,0.3527641296,0.03879070282,0.09602308273,0.3491163254,0.03799777561,0.1019592285
E01818,39.75,22,2012-02-07T09:00:00,2012-02-07T17:00:00,2012-02-07T18:00:00,9,6,wet_snow,6,wet_snow,0,9,3.003489176,1.793609619,3.576568604,8.678056399,9.852351189,0.4633426666,1.083612442,4.170084,0.4257440567,0.9006857872,3.83169651,0.1610073513,0.2062988281
E02308,39.5,21.75,2019-02-13T04:00:00,2019-02-13T12:00:00,2019-02-13T13:00:00,9,6,wet_snow,6,wet_snow,0,9,3.260121663,2.251617432,4.511505127,8.930744807,9.477902412,0.04568099976,0.1364707947,0.4111289978,0.04484653473,0.136578083,0.4036188126,0.04764811198,0.1052246094
E01948,39.75,22.25,2012-02-08T07:00:00,2012-02-08T15:00:00,2012-02-08T16:00:00,9,6,wet_snow,6,wet_snow,0,9,2.377349854,1.275665283,2.946075439,8.17521392,9.38553524,0.2105712891,0.2995491028,1.895141602,0.2040147781,0.2836704254,1.836133003,0.04193454319,0.08422851562
E01574,40,22.5,2019-01-03T23:00:00,2019-01-04T07:00:00,2019-01-04T08:00:00,9,6,wet_snow,6,wet_snow,0,9,-1.114322238,-1.816253662,-0.1038513184,7.316122161,9.341721535,0.1298904419,0.1866817474,1.169013977,0.1198410988,0.1522421837,1.078569889,0.03891330295,0.07241821289
E02531,39.5,22.5,2016-01-23T07:00:00,2016-01-23T15:00:00,2016-01-23T16:00:00,9,6,wet_snow,6,wet_snow,0,9,2.830732558,0.4691467285,3.631988525,7.806155417,9.174473763,0.08850097656,0.1347541809,0.7965087891,0.08141994476,0.1215577126,0.7327795029,0.04484727648,0.06747436523
E00774,40.25,22.5,2019-01-04T06:00:00,2019-01-04T14:00:00,2019-01-04T15:00:00,9,6,wet_snow,6,wet_snow,0,9,-0.7465379503,-1.204925537,-0.3606872559,7.376709196,9.142716408,0.5223274231,1.344108582,4.700946808,0.5099058151,1.327586174,4.589152336,0.1278720432,0.2136535645
E02976,39.25,22,2019-02-13T03:00:00,2019-02-13T11:00:00,2019-02-13T12:00:00,9,6,wet_snow,6,wet_snow,0,9,3.043216281,2.466461182,4.082672119,7.258839395,9.092764854,0.1069545746,0.4145622253,0.9625911713,0.1040935516,0.3904223442,0.9368419647,0.07045491536,0.1068115234
E02523,39.5,22.5,2015-12-31T07:00:00,2015-12-31T15:00:00,2015-12-31T16:00:00,9,6,wet_snow,6,wet_snow,0,9,1.882476807,0.6715393066,2.448516846,7.127040227,8.765727997,0.1252174377,0.1467704773,1.12695694,0.1247048378,0.1449465752,1.12234354,0.0263671875,0.0383605957
E01846,39.75,22,2015-02-11T08:00:00,2015-02-11T16:00:00,2015-02-11T17:00:00,9,6,wet_snow,6,wet_snow,0,9,4.978220622,2.792144775,6.115386963,6.958864,8.50224781,0.00524520874,0.01330375671,0.04720687866,0.005215406418,0.01276731491,0.04693865776,0.007531060113,0.01260375977
E01939,39.75,22.25,2012-01-29T13:00:00,2012-01-29T21:00:00,2012-01-29T22:00:00,9,6,wet_snow,6,wet_snow,0,9,2.694163005,1.961700439,3.229156494,5.929043346,8.312328339,0.04343986511,0.07038116455,0.390958786,0.03953576088,0.06657242775,0.3558218479,0.09643893772,0.1464233398
E01645,40,22.75,2019-02-24T19:00:00,2019-02-25T03:00:00,2019-02-25T04:00:00,9,6,wet_snow,6,wet_snow,0,9,3.959082709,3.340240479,4.902252197,7.586540328,8.235610008,0.02217292786,0.05836486816,0.1995563507,0.01459121704,0.04141330719,0.1313209534,0.07554117839,0.1411743164
E00769,40.25,22.5,2017-01-11T13:00:00,2017-01-11T21:00:00,2017-01-11T22:00:00,9,6,wet_snow,6,wet_snow,0,9,-2.430619982,-3.004730225,-1.985687256,7.659802437,8.116443634,0.2413749695,0.7368564606,2.172374725,0.2413272858,0.7367491722,2.171945572,0.00969780816,0.02352905273
E00517,40.25,22,2019-01-10T00:00:00,2019-01-10T08:00:00,2019-01-10T09:00:00,9,3,freezing_rain,3,freezing_rain,9,0,-1.847747803,-2.666351318,0.2347717285,7.062107298,8.070422173,0.07333755493,0.4514694214,0.6600379944,0.03861784935,0.338602066,0.3475606441,0.05379570855,0.09213256836
E01569,40,22.5,2017-01-11T12:00:00,2017-01-11T20:00:00,2017-01-11T21:00:00,9,6,wet_snow,6,wet_snow,0,9,-2.516774495,-3.2215271,-1.915374756,7.080114047,7.973865509,0.5286216736,0.9613037109,4.757595062,0.5283892155,0.9610891342,4.755502701,0.02948337131,0.06396484375
E03101,39.25,22.25,2019-02-13T03:00:00,2019-02-13T11:00:00,2019-02-13T12:00:00,9,6,wet_snow,6,wet_snow,0,9,4.075551351,3.674957275,4.897125244,5.67203384,7.958975792,0.1523017883,0.4952430725,1.370716095,0.1353025436,0.4368782043,1.217722893,0.09664577908,0.1340637207
E03271,39.25,22.75,2015-01-01T09:00:00,2015-01-01T17:00:00,2015-01-01T18:00:00,9,6,wet_snow,6,wet_snow,0,9,2.214101156,1.39944458,2.57925415,6.526697053,7.859353065,0.07119178772,0.1974105835,0.6407260895,0.06803274155,0.1684963703,0.6122946739,0.06064181858,0.1140136719
E01257,40,22,2019-01-09T22:00:00,2019-01-10T06:00:00,2019-01-10T07:00:00,9,3,freezing_rain,3,freezing_rain,9,0,-0.3371955024,-0.9495544434,0.438873291,6.027198262,7.764258385,0.1080513,0.3956794739,0.9724617004,0.02429485321,0.1896858215,0.2186536789,0.02432250977,0.1104431152
E01788,39.75,21.75,2019-02-23T07:00:00,2019-02-23T15:00:00,2019-02-23T16:00:00,9,6,wet_snow,6,wet_snow,0,9,1.824344211,1.436676025,2.27432251,6.817658106,7.685829163,0.7357120514,1.066017151,6.621408463,0.6909787655,0.9069085121,6.218808651,0.1035597059,0.1902160645
E01811,39.75,22,2012-01-29T13:00:00,2012-01-29T21:00:00,2012-01-29T22:00:00,9,6,wet_snow,6,wet_snow,0,9,2.166385227,1.301544189,2.891265869,5.237148815,7.659984589,0.06508827209,0.09784698486,0.5857944489,0.0571846962,0.07510185242,0.5146622658,0.1035359701,0.1435241699
E00339,40.25,22,2013-01-10T22:00:00,2013-01-11T06:00:00,2013-01-11T07:00:00,9,3,freezing_rain,3,freezing_rain,9,0,1.21327379,0.5581359863,1.893585205,6.646729575,7.608938217,0.1204013824,0.3171443939,1.083612442,0.004482269287,0.02188682556,0.04034042358,0.05693223741,0.1164245605
E01749,39.75,21.75,2017-02-12T01:00:00,2017-02-12T09:00:00,2017-02-12T10:00:00,9,6,wet_snow,6,wet_snow,0,9,1.978030735,1.366607666,3.148468018,4.438918961,7.403512001,0.03590583801,0.05321502686,0.3231525421,0.03418922424,0.04881620407,0.3077030182,0.2862887912,0.3298339844
E03180,39.25,22.5,2016-01-23T07:00:00,2016-01-23T15:00:00,2016-01-23T16:00:00,9,6,wet_snow,6,wet_snow,0,9,2.713545058,0.2718811035,3.534332275,6.558976597,7.371739388,0.2850532532,0.4497528076,2.565479279,0.2533555031,0.4494309425,2.280199528,0.09348890516,0.1762695312
E00304,40.25,22,2012-02-03T23:00:00,2012-02-04T07:00:00,2012-02-04T08:00:00,9,3,freezing_rain,3,freezing_rain,9,0,0.6758795844,-0.6200866699,1.532623291,6.444712851,7.348819733,0.02198219299,0.04849433899,0.1978397369,0.0006198883057,0.004720687866,0.005578994751,0.1029188368,0.1484985352
E00705,40.25,22.25,2018-12-18T02:00:00,2018-12-18T10:00:00,2018-12-18T11:00:00,9,6,wet_snow,6,wet_snow,0,9,1.70401001,1.408721924,2.182891846,6.851952977,7.300696373,1.151704788,1.343679428,10.36534309,1.03405714,1.267826557,9.30651474,0.1746520996,0.2937011719
E01482,40,22.25,2018-12-31T08:00:00,2018-12-31T16:00:00,2018-12-31T17:00:00,9,6,wet_snow,6,wet_snow,0,9,3.142907037,2.408355713,3.823760986,6.396307627,7.28469944,0.0509262085,0.1605033875,0.4583358765,0.03533363342,0.1186609268,0.3180027008,0.008924696181,0.03909301758
E01974,39.75,22.25,2015-02-11T08:00:00,2015-02-11T16:00:00,2015-02-11T17:00:00,9,6,wet_snow,6,wet_snow,0,9,4.956302219,2.9581604,6.007965088,6.081910875,7.264943123,0.004720687866,0.01072883606,0.0424861908,0.004678964615,0.01040697098,0.04211068153,0.006981743707,0.01153564453
E01820,39.75,22,2012-02-08T07:00:00,2012-02-08T15:00:00,2012-02-08T16:00:00,9,6,wet_snow,6,wet_snow,0,9,2.005171034,0.4944152832,2.984649658,5.893312878,7.24881649,0.2373695374,0.3592014313,2.136325836,0.2311229706,0.3458976746,2.080106735,0.06450737847,0.131072998
E00422,40.25,22,2016-01-03T18:00:00,2016-01-04T02:00:00,2016-01-04T03:00:00,9,3,freezing_rain,3,freezing_rain,9,0,-0.126095242,-0.6922302246,0.7281799316,6.374001503,7.180127144,0.007963180542,0.05750656128,0.07166862488,0.0006854534149,0.006008148193,0.006169080734,0.03767564562,0.08734130859
E00568,40.25,22.25,2012-01-14T06:00:00,2012-01-14T14:00:00,2012-01-14T15:00:00,9,6,wet_snow,6,wet_snow,0,9,1.61698744,-0.2996520996,2.614776611,6.637530857,7.151258469,0.2556324005,0.5003929138,2.300691605,0.2486586571,0.4738926888,2.237927914,0.1894599067,0.2774963379
E02468,39.5,22.25,2019-02-23T21:00:00,2019-02-24T05:00:00,2019-02-24T06:00:00,9,6,wet_snow,6,wet_snow,0,9,2.211537679,2.028961182,2.443023682,5.337296062,7.040347099,0.349521637,0.4029750824,3.145694733,0.3255605698,0.3599524498,2.930045128,0.03480699327,0.04364013672
E02643,39.5,22.75,2019-01-04T07:00:00,2019-01-04T15:00:00,2019-01-04T16:00:00,9,6,wet_snow,6,wet_snow,0,9,0.5787794325,-0.1980895996,1.223419189,5.605790668,6.823177338,0.9453773499,1.471996307,8.508396149,0.9024739265,1.449358463,8.122264862,0.1315816243,0.200592041
E01580,40,22.5,2019-02-24T19:00:00,2019-02-25T03:00:00,2019-02-25T04:00:00,9,6,wet_snow,6,wet_snow,0,9,-0.4894849989,-1.305511475,1.101715088,6.180724356,6.660112381,0.02059936523,0.0394821167,0.1853942871,0.02040863037,0.03980398178,0.1836776733,0.04257880317,0.07434082031
E00990,40,21.75,2017-12-22T09:00:00,2017-12-22T17:00:00,2017-12-22T18:00:00,9,6,wet_snow,6,wet_snow,0,9,1.363108317,-0.2016296387,1.921539307,6.009083854,6.648432732,0.1100540161,0.2437591553,0.990486145,0.1039803028,0.2313137054,0.9358227253,0.04611206055,0.08752441406
E02392,39.5,22,2019-02-23T21:00:00,2019-02-24T05:00:00,2019-02-24T06:00:00,9,6,wet_snow,6,wet_snow,0,9,1.523603651,1.343414307,1.825836182,4.862035645,6.595445633,0.4587173462,0.5428791046,4.128456116,0.4395008087,0.5035042763,3.955507278,0.05619303385,0.07153320312
E00666,40.25,22.25,2017-01-19T07:00:00,2017-01-19T15:00:00,2017-01-19T16:00:00,9,6,wet_snow,6,wet_snow,0,9,2.168731689,1.215118408,2.619293213,5.978398323,6.423211098,0.1973152161,0.4128456116,1.775836945,0.1943945885,0.4119873047,1.749551296,0.1157073975,0.1647796631
E00646,40.25,22.25,2016-12-16T07:00:00,2016-12-16T15:00:00,2016-12-16T16:00:00,9,6,wet_snow,6,wet_snow,0,9,1.917836507,-0.1722106934,2.582427979,5.550656848,6.396742821,0.02155303955,0.03862380981,0.193977356,0.02166628838,0.03916025162,0.1949965954,0.03995090061,0.05895996094
E01146,40,22,2014-02-03T08:00:00,2014-02-03T16:00:00,2014-02-03T17:00:00,9,6,wet_snow,6,wet_snow,0,9,4.347876655,2.871002197,5.059844971,5.596198506,6.200583458,0.002193450928,0.008153915405,0.01974105835,0.00222325325,0.008261203766,0.02000927925,0.07829793294,0.09582519531
E01004,40,21.75,2018-02-26T08:00:00,2018-02-26T16:00:00,2018-02-26T17:00:00,9,6,wet_snow,6,wet_snow,0,9,1.591610379,0.5473937988,2.116485596,4.184595744,5.969629288,0.4541873932,0.9252548218,4.087686539,0.4206418991,0.9162425995,3.785777092,0.1453416612,0.193939209
E01145,40,22,2014-02-02T08:00:00,2014-02-02T16:00:00,2014-02-02T17:00:00,9,6,wet_snow,6,wet_snow,0,9,2.836578369,2.460601807,3.07925415,5.514960819,5.870501518,0.01530647278,0.04892349243,0.137758255,0.01238584518,0.04076957703,0.1114726067,0.07814534505,0.1357727051
E01211,40,22,2017-02-12T09:00:00,2017-02-12T17:00:00,2017-02-12T18:00:00,9,6,wet_snow,6,wet_snow,0,9,2.558420817,1.88394165,3.030059814,4.892652618,5.611519814,0.009489059448,0.01974105835,0.08540153503,0.007617473602,0.01587867737,0.06855726242,0.1907518175,0.2432556152
E02236,39.5,21.75,2015-01-01T09:00:00,2015-01-01T17:00:00,2015-01-01T18:00:00,9,6,wet_snow,6,wet_snow,0,9,1.52963935,-0.9938659668,2.407501221,4.308489588,5.450555801,0.006866455078,0.02746582031,0.0617980957,0.006753206253,0.02778768539,0.06077885628,0.0624593099,0.1470947266
E00181,40.25,21.75,2017-01-25T08:00:00,2017-01-25T16:00:00,2017-01-25T17:00:00,9,6,wet_snow,6,wet_snow,0,9,2.642737495,0.9175109863,3.5440979,4.508523623,5.116695404,0.05526542664,0.06823539734,0.4973888397,0.04099607468,0.0683426857,0.3689646721,0.04664442274,0.1163635254
E01206,40,22,2017-01-31T08:00:00,2017-01-31T16:00:00,2017-01-31T17:00:00,9,6,wet_snow,6,wet_snow,0,9,3.109568278,1.870147705,3.599761963,4.619130452,5.090480804,0.01006126404,0.03089904785,0.09055137634,0.006908178329,0.02242326736,0.06217360497,0.1200018989,0.1698303223
E02555,39.5,22.5,2019-01-03T07:00:00,2019-01-03T15:00:00,2019-01-03T16:00:00,9,6,wet_snow,6,wet_snow,0,9,1.171702067,0.600982666,1.824981689,4.305164973,4.95279789,2.725982666,3.731918335,24.53384399,2.551281452,3.583645821,22.96153259,0.3196343316,0.4362487793
E00881,40,21.75,2013-02-11T22:00:00,2013-02-12T06:00:00,2013-02-12T07:00:00,9,6,wet_snow,6,wet_snow,0,9,1.510135227,0.7042541504,2.740875244,4.089187622,4.885190964,0.001764297485,0.008583068848,0.01587867737,0.001734495163,0.007832050323,0.01561045647,0.01793077257,0.05752563477
E01111,40,22,2013-01-26T17:00:00,2013-01-27T01:00:00,2013-01-27T02:00:00,9,6,wet_snow,6,wet_snow,0,9,2.564470079,2.214996338,2.981231689,4.081208123,4.840348244,0.02775192261,0.06265640259,0.2497673035,0.007337331772,0.01791715622,0.06603598595,0.1786058214,0.2432556152
E01473,40,22.25,2018-12-13T20:00:00,2018-12-14T04:00:00,2018-12-14T05:00:00,9,3,freezing_rain,3,freezing_rain,9,0,1.409725613,0.9302062988,1.722076416,3.945977105,4.54388237,0.01554489136,0.02875328064,0.1399040222,0.000536441803,0.00364780426,0.004827976227,0.04968261719,0.07318115234
E00464,40.25,22,2017-01-31T08:00:00,2017-01-31T16:00:00,2017-01-31T17:00:00,9,6,wet_snow,6,wet_snow,0,9,2.858917236,1.440460205,3.379058838,4.019521077,4.435017586,0.01010894775,0.02961158752,0.09098052979,0.01012682915,0.02907514572,0.09114146233,0.1176147461,0.1741333008
E01020,40,21.75,2019-01-14T10:00:00,2019-01-14T18:00:00,2019-01-14T19:00:00,9,6,wet_snow,6,wet_snow,0,9,1.295861138,-0.467376709,2.61831665,3.488101217,4.284611702,0.0645160675,0.1120090485,0.5806446075,0.05583763123,0.09248256683,0.502538681,0.01308186849,0.02493286133
E02220,39.5,21.75,2012-02-11T01:00:00,2012-02-11T09:00:00,2012-02-11T10:00:00,9,6,wet_snow,6,wet_snow,0,9,2.061201308,1.445220947,2.594146729,3.206377135,4.23192215,1.1054039,1.480150223,9.948635101,1.101016998,1.478648186,9.909152985,0.1945732964,0.3106079102
E00127,40.25,21.75,2015-02-17T00:00:00,2015-02-17T08:00:00,2015-02-17T09:00:00,9,6,wet_snow,6,wet_snow,0,9,2.244890001,1.685089111,2.604888916,2.588784218,4.191748619,0.2490520477,0.350189209,2.24146843,0.2199232578,0.3137111664,1.97930932,0.2340426975,0.3249511719
E02822,39.25,21.75,2018-12-06T21:00:00,2018-12-07T05:00:00,2018-12-07T06:00:00,9,6,wet_snow,6,wet_snow,0,9,-1.332828098,-2.775970459,-0.252532959,3.754477713,4.104395866,0,0,0,2.384185791e-05,0.0001072883606,0.0002145767212,0.004584418403,0.009185791016
E01246,40,22,2018-12-13T22:00:00,2018-12-14T06:00:00,2018-12-14T07:00:00,9,3,freezing_rain,3,freezing_rain,9,0,1.258317735,0.9956359863,1.43850708,3.945038054,4.096616745,0.01640319824,0.02961158752,0.1476287842,0.0003457069397,0.002896785736,0.003111362457,0.04836697049,0.06204223633
E02022,39.75,22.25,2017-12-22T12:00:00,2017-12-22T20:00:00,2017-12-22T21:00:00,9,6,wet_snow,6,wet_snow,0,9,2.527360704,1.525299072,3.862945557,3.052113321,4.015000343,0.1592636108,0.2858161926,1.433372498,0.1357734203,0.2616226673,1.221960783,0.08167182075,0.1520385742
E01894,39.75,22,2017-12-22T12:00:00,2017-12-22T20:00:00,2017-12-22T21:00:00,9,6,wet_snow,6,wet_snow,0,9,2.274105496,1.449127197,3.484039307,3.226700995,3.929445267,0.2204418182,0.4128456116,1.983976364,0.1974403858,0.3849506378,1.776963472,0.07869466146,0.1415405273
E00937,40,21.75,2016-01-20T10:00:00,2016-01-20T18:00:00,2016-01-20T19:00:00,9,6,wet_snow,6,wet_snow,0,9,0.4729715983,-0.2010192871,1.036407471,2.879381922,3.867837906,0.0180721283,0.02446174622,0.1626491547,0.01775026321,0.02435445786,0.1597523689,0.03491550022,0.05853271484
E00846,40,21.75,2012-02-14T10:00:00,2012-02-14T18:00:00,2012-02-14T19:00:00,9,6,wet_snow,6,wet_snow,0,9,1.218739827,0.02310180664,1.983673096,3.296632343,3.819207191,0.04839897156,0.1291751862,0.435590744,0.0187754631,0.0460267067,0.1689791679,0.003479003906,0.01361083984
E00682,40.25,22.25,2017-02-13T19:00:00,2017-02-14T03:00:00,2017-02-14T04:00:00,9,6,wet_snow,6,wet_snow,0,9,-0.2884080675,-0.9604187012,0.6054992676,3.033119308,3.56631279,0.0382900238,0.05149841309,0.3446102142,0.03814697266,0.051176548,0.3433227539,0.07804022895,0.09848022461
E01203,40,22,2017-01-25T08:00:00,2017-01-25T16:00:00,2017-01-25T17:00:00,9,6,wet_snow,6,wet_snow,0,9,3.187876383,1.655792236,3.841827393,3.083284908,3.433366776,0.2106666565,0.2815246582,1.895999908,0.1569151878,0.2148985863,1.412236691,0.03138224284,0.06396484375
E02215,39.5,21.75,2012-02-02T17:00:00,2012-02-03T01:00:00,2012-02-03T02:00:00,9,6,wet_snow,6,wet_snow,0,9,0.437950982,0.1324768066,0.7281799316,3.053842862,3.327273369,0.8759975433,1.084899902,7.88397789,0.8245408535,1.026535034,7.42086792,0.1593526204,0.2017211914
E00946,40,21.75,2016-12-21T01:00:00,2016-12-21T09:00:00,2016-12-21T10:00:00,9,6,wet_snow,6,wet_snow,0,9,-0.1380445692,-1.988861084,3.330963135,2.747632027,3.069607735,0.07734298706,0.1832485199,0.6960868835,0.03879070282,0.1292824745,0.3491163254,0.1364474826,0.2470092773
E02068,39.75,22.5,2012-02-06T23:00:00,2012-02-07T06:00:00,2012-02-07T07:00:00,8,6,wet_snow,6,wet_snow,0,8,4.107666016,3.750152588,4.542633057,23.22292137,25.11886978,2.64557004,4.578208923,21.16456032,2.155959606,3.571951389,17.24767685,0.2543315887,0.8207397461
E01945,39.75,22.25,2012-02-06T22:00:00,2012-02-07T05:00:00,2012-02-07T06:00:00,8,6,wet_snow,6,wet_snow,0,8,3.885696411,3.547027588,4.200714111,15.58244979,18.29762077,2.459853888,4.402685165,19.6788311,1.968124509,3.479576111,15.74499607,0.1723823547,0.4926452637
E00227,40.25,21.75,2018-02-28T08:00:00,2018-02-28T15:00:00,2018-02-28T16:00:00,8,6,wet_snow,6,wet_snow,0,8,3.290527344,2.32901001,3.945709229,13.40743744,14.65864849,0.001180171967,0.003433227539,0.009441375732,0.001381337643,0.003433227539,0.01105070114,0.001617431641,0.004150390625
E01643,40,22.75,2019-02-23T07:00:00,2019-02-23T14:00:00,2019-02-23T15:00:00,8,6,wet_snow,6,wet_snow,0,8,2.863235474,2.233551025,3.752105713,12.65170336,14.58579731,1.407784224,1.843214035,11.26227379,1.115671545,1.258277893,8.925372124,0.2287216187,0.3027038574
E03270,39.25,22.75,2015-01-01T00:00:00,2015-01-01T07:00:00,2015-01-01T08:00:00,8,6,wet_snow,6,wet_snow,0,8,2.805084229,1.997589111,3.621856689,10.94539368,13.99201965,0.3351151943,0.6325721741,2.680921555,0.30689165,0.481402874,2.4551332,0.1024894714,0.1412353516
E02866,39.25,21.75,2020-02-06T09:00:00,2020-02-06T16:00:00,2020-02-06T17:00:00,8,6,wet_snow,6,wet_snow,0,8,3.643463135,1.904449463,4.714019775,12.50014341,13.8555088,0.005686283112,0.01802444458,0.04549026489,0.005760043859,0.01759529114,0.04608035088,0.01335144043,0.02694702148
E02187,39.75,22.75,2017-01-06T16:00:00,2017-01-06T23:00:00,2017-01-07T00:00:00,8,6,wet_snow,6,wet_snow,0,8,1.251251221,-0.2957458496,2.819732666,13.11546648,13.76473427,0.138348341,0.3596305847,1.106786728,0.138361752,0.3597378731,1.106894016,0.04455947876,0.08032226562
E02615,39.5,22.75,2015-02-11T07:00:00,2015-02-11T14:00:00,2015-02-11T15:00:00,8,6,wet_snow,6,wet_snow,0,8,4.394683838,1.300933838,5.454498291,11.78019238,13.72002125,0.01131892204,0.022315979,0.09055137634,0.002186000347,0.005632638931,0.01748800278,0.0036277771,0.006561279297
E02584,39.5,22.75,2012-01-30T12:00:00,2012-01-30T19:00:00,2012-01-30T20:00:00,8,6,wet_snow,6,wet_snow,0,8,1.990493774,1.366241455,2.371612549,12.78371513,13.67755795,0.04237890244,0.06265640259,0.3390312195,0.03986433148,0.05509257317,0.3189146519,0.1585540771,0.1784362793
E00480,40.25,22,2018-01-13T09:00:00,2018-01-13T16:00:00,2018-01-13T17:00:00,8,6,wet_snow,6,wet_snow,0,8,2.847412109,2.557525635,3.088165283,12.32742774,13.50750065,1.181674004,1.538944244,9.453392029,1.073755324,1.350653172,8.590042114,0.0550994873,0.1082763672
E01005,40,21.75,2018-02-28T07:00:00,2018-02-28T14:00:00,2018-02-28T15:00:00,8,6,wet_snow,6,wet_snow,0,8,4.339569092,1.846588135,5.475006104,11.3676219,13.36999893,0.00171661377,0.005149841309,0.01373291016,0.001931190491,0.00547170639,0.01544952393,0.002765655518,0.006652832031
E02594,39.5,22.75,2012-02-27T22:00:00,2012-02-28T05:00:00,2012-02-28T06:00:00,8,6,wet_snow,6,wet_snow,0,8,3.519805908,1.851715088,4.761138916,12.73204041,13.26153469,0.04243254662,0.1836776733,0.3394603729,0.03202557564,0.1085221767,0.2562046051,0.0479221344,0.09429931641
E00834,40,21.75,2012-01-26T08:00:00,2012-01-26T15:00:00,2012-01-26T16:00:00,8,6,wet_snow,6,wet_snow,0,8,2.918869019,1.283599854,3.805328369,12.62810886,13.16665459,0.002145767212,0.005149841309,0.0171661377,0.002179294825,0.005525350571,0.0174343586,0.008892059326,0.01409912109
E01578,40,22.5,2019-02-23T07:00:00,2019-02-23T14:00:00,2019-02-23T15:00:00,8,6,wet_snow,6,wet_snow,0,8,0.5939483643,0.1651916504,1.152496338,12.38571215,12.95466042,1.119285822,1.400327682,8.954286575,1.060444862,1.271259785,8.483558655,0.1335983276,0.1805114746
E00223,40.25,21.75,2018-02-25T15:00:00,2018-02-25T22:00:00,2018-02-25T23:00:00,8,6,wet_snow,6,wet_snow,0,8,0.8215332031,0.5633850098,1.255645752,8.021297812,12.85924721,1.104962826,1.659107208,8.839702606,0.9321548045,1.591515541,7.457238197,0.1121826172,0.1602172852
E02864,39.25,21.75,2020-02-05T13:00:00,2020-02-05T20:00:00,2020-02-05T21:00:00,8,6,wet_snow,6,wet_snow,0,8,3.114074707,1.594024658,4.830108643,9.19304657,12.55777264,0.06689429283,0.253200531,0.5351543427,0.05182027817,0.1723051071,0.4145622253,0.02403259277,0.09503173828
E01263,40,22,2019-02-13T10:00:00,2019-02-13T17:00:00,2019-02-13T18:00:00,8,6,wet_snow,6,wet_snow,0,8,2.795471191,1.986358643,3.221710205,10.58137894,11.91735554,0.02054572105,0.07553100586,0.1643657684,0.02037137747,0.07456541061,0.1629710197,0.002933502197,0.01403808594
E02618,39.5,22.75,2015-02-17T19:00:00,2015-02-18T02:00:00,2015-02-18T03:00:00,8,6,wet_snow,6,wet_snow,0,8,2.082717896,1.100250244,3.66519165,11.18566513,11.89502144,0.1176416874,0.1888275146,0.9411334991,0.1051828265,0.1655459404,0.8414626122,0.08422470093,0.1090393066
E01038,40,21.75,2019-12-30T09:00:00,2019-12-30T16:00:00,2019-12-30T17:00:00,8,6,wet_snow,6,wet_snow,0,8,2.498779297,0.949005127,3.121246338,11.0685432,11.71838665,0.06641149521,0.1441955566,0.5312919617,0.06625056267,0.1438736916,0.5300045013,0.02826690674,0.05920410156
E02144,39.75,22.5,2019-02-25T06:00:00,2019-02-25T13:00:00,2019-02-25T14:00:00,8,6,wet_snow,6,wet_snow,0,8,2.227722168,0.5514221191,3.042877197,10.13078547,11.58391953,0.01941919327,0.03347396851,0.1553535461,0.0194594264,0.03336668015,0.1556754112,0.1675300598,0.2857666016
E02654,39.25,21.75,2012-01-10T08:00:00,2012-01-10T15:00:00,2012-01-10T16:00:00,8,6,wet_snow,6,wet_snow,0,8,3.418502808,2.268829346,4.124908447,9.766339898,11.55877495,0.01051425934,0.01759529114,0.08411407471,0.01048743725,0.01738071442,0.08389949799,0.01564407349,0.03793334961
E02133,39.75,22.5,2019-01-03T07:00:00,2019-01-03T14:00:00,2019-01-03T15:00:00,8,6,wet_snow,6,wet_snow,0,8,1.66418457,1.143951416,2.114044189,10.65652168,11.5461874,2.173662186,2.966308594,17.38929749,1.965428889,2.772116661,15.72343063,0.1772384644,0.2924804688
E00829,40,21.75,2012-01-10T08:00:00,2012-01-10T15:00:00,2012-01-10T16:00:00,8,6,wet_snow,6,wet_snow,0,8,3.725387573,2.124298096,4.48135376,10.02488482,11.44256401,0.01078248024,0.01630783081,0.08625984192,0.01054108143,0.01566410065,0.08432865143,0.02489471436,0.04528808594
E01783,39.75,21.75,2019-02-13T04:00:00,2019-02-13T11:00:00,2019-02-13T12:00:00,8,6,wet_snow,6,wet_snow,0,8,3.249465942,2.105133057,5.015411377,10.63090479,11.41921997,0.0138938427,0.04549026489,0.1111507416,0.01382678747,0.04559755325,0.1106142998,0.02536773682,0.07727050781
E02062,39.75,22.5,2012-01-29T13:00:00,2012-01-29T20:00:00,2012-01-29T21:00:00,8,6,wet_snow,6,wet_snow,0,8,3.403884888,3.105743408,3.74697876,9.703059673,11.26368523,0.05659461021,0.09570121765,0.4527568817,0.05179345608,0.07477998734,0.4143476486,0.1353225708,0.1744995117
E02803,39.25,21.75,2018-01-13T16:00:00,2018-01-13T23:00:00,2018-01-14T00:00:00,8,6,wet_snow,6,wet_snow,0,8,2.756637573,1.920074463,3.367340088,10.17619705,11.24255848,1.041823626,1.590871811,8.334589005,0.9066604078,1.390832663,7.253283024,0.1650085449,0.2445678711
E01817,39.75,22,2012-02-06T22:00:00,2012-02-07T05:00:00,2012-02-07T06:00:00,8,6,wet_snow,6,wet_snow,0,8,3.57661438,3.367340088,3.851226807,10.55119979,11.1361742,2.137184143,4.063224792,17.09747314,1.814863086,3.348577023,14.51890373,0.1674842834,0.3759765625
E01503,40,22.25,2020-01-05T08:00:00,2020-01-05T15:00:00,2020-01-05T16:00:00,8,6,wet_snow,6,wet_snow,0,8,3.531845093,2.629180908,4.263824463,10.37621748,10.92387009,0.2917706966,0.4497528076,2.334165573,0.2402856946,0.4147768021,1.922285557,0.01110839844,0.01715087891
E02181,39.75,22.75,2016-01-18T04:00:00,2016-01-18T11:00:00,2016-01-18T12:00:00,8,6,wet_snow,6,wet_snow,0,8,2.676239014,2.420318604,2.977325439,10.72241354,10.91027355,0.3537833691,0.4913806915,2.830266953,0.3150254488,0.4234671593,2.52020359,0.03913497925,0.05578613281
E02072,39.75,22.5,2012-02-09T08:00:00,2012-02-09T15:00:00,2012-02-09T16:00:00,8,6,wet_snow,6,wet_snow,0,8,1.814880371,1.050689697,2.443756104,10.28863156,10.66045856,0.09527206421,0.1390457153,0.7621765137,0.09429305792,0.1393675804,0.7543444633,0.04419708252,0.09283447266
E02091,39.75,22.5,2015-02-11T07:00:00,2015-02-11T14:00:00,2015-02-11T15:00:00,8,6,wet_snow,6,wet_snow,0,8,4.383209229,0.5528869629,5.761871338,9.14127636,10.60771656,0.003218650818,0.006008148193,0.02574920654,0.003104656935,0.006061792374,0.02483725548,0.003246307373,0.006988525391
E02660,39.25,21.75,2012-01-26T07:00:00,2012-01-26T14:00:00,2012-01-26T15:00:00,8,6,wet_snow,6,wet_snow,0,8,3.282821655,0.458404541,4.728790283,9.815241694,10.5636549,0.006115436554,0.01158714294,0.04892349243,0.006169080734,0.01137256622,0.04935264587,0.01465988159,0.02682495117
E02514,39.5,22.5,2015-02-10T12:00:00,2015-02-10T19:00:00,2015-02-10T20:00:00,8,6,wet_snow,6,wet_snow,0,8,3.348114014,1.810943604,4.457427979,7.552731991,10.30146027,0.0008046627045,0.00171661377,0.006437301636,0.0009521842003,0.001502037048,0.007617473602,0.0005950927734,0.001220703125
E01340,40,22.25,2013-01-10T23:00:00,2013-01-11T06:00:00,2013-01-11T07:00:00,8,3,freezing_rain,3,freezing_rain,8,0,1.619934082,1.105010986,1.893218994,6.699576259,9.951711655,0.2349615097,0.5784988403,1.879692078,0.01684427261,0.1196265221,0.1347541809,0.07135772705,0.1019287109
E03007,39.25,22.25,2012-01-30T08:00:00,2012-01-30T15:00:00,2012-01-30T16:00:00,8,6,wet_snow,6,wet_snow,0,8,2.55140686,2.148101807,3.097076416,9.07730794,9.914175987,0.08186101913,0.1845359802,0.6548881531,0.07962137461,0.1810491085,0.6369709969,0.1891975403,0.2652893066
E02882,39.25,22,2012-01-30T08:00:00,2012-01-30T15:00:00,2012-01-30T16:00:00,8,6,wet_snow,6,wet_snow,0,8,1.036514282,0.3609924316,1.532623291,9.064734697,9.91388607,0.1062691212,0.1733779907,0.8501529694,0.1054644585,0.1734316349,0.8437156677,0.1628837585,0.2205200195
E01620,40,22.75,2015-12-31T05:00:00,2015-12-31T12:00:00,2015-12-31T13:00:00,8,6,wet_snow,6,wet_snow,0,8,1.870117188,1.292266846,2.382598877,9.080956101,9.898017883,0.3950357437,0.5089759827,3.16028595,0.3441542387,0.4866600037,2.75323391,0.05065536499,0.0947265625
E03013,39.25,22.25,2012-02-08T07:00:00,2012-02-08T14:00:00,2012-02-08T15:00:00,8,6,wet_snow,6,wet_snow,0,8,2.137817383,1.575836182,2.475372314,9.241476178,9.774536133,0.6470561028,0.7686138153,5.176448822,0.616492331,0.7359981537,4.931938648,0.07638549805,0.1209106445
E02888,39.25,22,2012-02-08T07:00:00,2012-02-08T14:00:00,2012-02-08T15:00:00,8,6,wet_snow,6,wet_snow,0,8,0.9783935547,0.2906799316,1.541656494,9.000265241,9.627075195,0.6280124187,0.7231235504,5.02409935,0.6126835942,0.7061719894,4.901468754,0.09427261353,0.1445617676
E01667,39.75,21.75,2012-02-10T19:00:00,2012-02-11T02:00:00,2012-02-11T03:00:00,8,6,wet_snow,6,wet_snow,0,8,1.330474854,0.5753479004,1.921295166,8.933895707,9.564405441,0.9302437305,1.27415657,7.441949844,0.930096209,1.27415657,7.440769672,0.1465034485,0.1932983398
E02569,39.5,22.5,2019-02-25T06:00:00,2019-02-25T13:00:00,2019-02-25T14:00:00,8,6,wet_snow,6,wet_snow,0,8,2.452331543,0.5045471191,3.234283447,7.655321598,9.523193359,0.03529787064,0.06608963013,0.2823829651,0.03512352705,0.06555318832,0.2809882164,0.1377296448,0.1989440918
E02826,39.25,21.75,2018-12-18T00:00:00,2018-12-18T07:00:00,2018-12-18T08:00:00,8,6,wet_snow,6,wet_snow,0,8,1.609329224,1.230987549,2.240386963,6.984363437,9.481477737,1.320612431,1.778411865,10.56489944,0.9783625603,1.260101795,7.826900482,0.1901016235,0.302154541
E01150,40,22,2014-12-28T08:00:00,2014-12-28T15:00:00,2014-12-28T16:00:00,8,6,wet_snow,6,wet_snow,0,8,2.747131348,1.487945557,3.927276611,8.574693441,9.447880745,0.3038942814,1.029968262,2.431154251,0.2312868834,0.784277916,1.850295067,0.09091949463,0.09939575195
E02867,39.25,21.75,2020-02-20T21:00:00,2020-02-21T04:00:00,2020-02-21T05:00:00,8,6,wet_snow,6,wet_snow,0,8,2.529403687,2.147613525,3.091217041,7.704526186,9.445867538,0.1283705235,0.27551651,1.026964188,0.09967088699,0.1886129379,0.7973670959,0.03399658203,0.05520629883
E02371,39.5,22,2016-12-28T21:00:00,2016-12-29T04:00:00,2016-12-29T05:00:00,8,6,wet_snow,6,wet_snow,0,8,1.738739014,1.332794189,2.629180908,7.544808984,9.312279701,0.1392602921,0.4068374634,1.114082336,0.1165017486,0.3537297249,0.9320139885,0.0138092041,0.03912353516
E02495,39.5,22.5,2012-02-07T22:00:00,2012-02-08T05:00:00,2012-02-08T06:00:00,8,6,wet_snow,6,wet_snow,0,8,2.717544556,2.315826416,2.975006104,5.84669292,8.993680954,0.4925608635,0.9698867798,3.940486908,0.4276648164,0.6927609444,3.421318531,0.1424713135,0.263671875
E00569,40.25,22.25,2012-01-26T08:00:00,2012-01-26T15:00:00,2012-01-26T16:00:00,8,6,wet_snow,6,wet_snow,0,8,2.888839722,1.387115479,3.705718994,8.153743625,8.943191528,0.004184246063,0.007724761963,0.03347396851,0.004103779793,0.007563829422,0.03283023834,0.02240753174,0.03775024414
E02915,39.25,22,2015-02-11T11:00:00,2015-02-11T18:00:00,2015-02-11T19:00:00,8,6,wet_snow,6,wet_snow,0,8,2.919906616,0.3612365723,4.314605713,5.567376852,8.869709969,0.01131892204,0.0476360321,0.09055137634,0.007892400026,0.01974105835,0.06313920021,0.005321502686,0.01016235352
E00169,40.25,21.75,2017-01-18T09:00:00,2017-01-18T16:00:00,2017-01-18T17:00:00,8,6,wet_snow,6,wet_snow,0,8,1.361221313,1.143341064,1.847198486,8.087363601,8.806635857,0.5767285824,0.7827758789,4.613828659,0.4948675632,0.6494164467,3.958940506,0.04183959961,0.04995727539
E00232,40.25,21.75,2018-12-18T09:00:00,2018-12-18T16:00:00,2018-12-18T17:00:00,8,6,wet_snow,6,wet_snow,0,8,1.661102295,0.8260803223,2.009796143,8.129418612,8.768819809,0.3184318542,0.443315506,2.547454834,0.3168091178,0.4426717758,2.534472942,0.02788162231,0.04290771484
E00659,40.25,22.25,2017-01-15T21:00:00,2017-01-16T04:00:00,2017-01-16T05:00:00,8,6,wet_snow,6,wet_snow,0,8,1.122650146,0.5262756348,1.5675354,7.716230392,8.737035751,0.6685674191,1.060009003,5.348539352,0.657838583,1.049923897,5.262708664,0.08901977539,0.1411743164
E01478,40,22.25,2018-12-18T09:00:00,2018-12-18T16:00:00,2018-12-18T17:00:00,8,6,wet_snow,6,wet_snow,0,8,2.234344482,2.00112915,2.548126221,7.96096158,8.629954338,0.5922317505,0.8093833923,4.737854004,0.4310041666,0.594162941,3.448033333,0.04642105103,0.0823059082
E00566,40.25,22.25,2012-01-10T08:00:00,2012-01-10T15:00:00,2012-01-10T16:00:00,8,6,wet_snow,6,wet_snow,0,8,2.351852417,0.0168762207,3.213775635,7.647809625,8.399637222,0.006651878357,0.01287460327,0.05321502686,0.006651878357,0.01266002655,0.05321502686,0.01971435547,0.04312133789
E02522,39.5,22.5,2015-12-30T21:00:00,2015-12-31T04:00:00,2015-12-31T05:00:00,8,6,wet_snow,6,wet_snow,0,8,2.512359619,1.703765869,3.450592041,6.388935566,8.276237488,0.1120626926,0.1811027527,0.8965015411,0.1023799181,0.1248836517,0.8190393448,0.01623535156,0.03793334961
E02835,39.25,21.75,2018-12-31T07:00:00,2018-12-31T14:00:00,2018-12-31T15:00:00,8,6,wet_snow,6,wet_snow,0,8,1.925170898,1.168121338,2.269073486,6.906487942,8.26516819,0.94435215,1.284885406,7.5548172,0.8189857006,1.144015789,6.551885605,0.1137580872,0.1277160645
E03299,39.25,22.75,2016-01-18T05:00:00,2016-01-18T12:00:00,2016-01-18T13:00:00,8,6,wet_snow,6,wet_snow,0,8,2.263092041,1.463287354,3.273590088,7.822627783,8.196331978,0.5603134632,0.6857872009,4.482507706,0.5113095045,0.6248474121,4.090476036,0.07159805298,0.1046142578
E01369,40,22.25,2014-01-28T08:00:00,2014-01-28T15:00:00,2014-01-28T16:00:00,8,6,wet_snow,6,wet_snow,0,8,0.9060058594,0.5602111816,1.338531494,6.072693348,8.054303169,0.3382265568,0.6390094757,2.705812454,0.2939499915,0.5546808243,2.351599932,0.1200141907,0.1908874512
E01555,40,22.5,2015-12-31T05:00:00,2015-12-31T12:00:00,2015-12-31T13:00:00,8,6,wet_snow,6,wet_snow,0,8,-0.638671875,-1.046844482,-0.01290893555,6.92043364,7.844500542,0.435590744,0.5201339722,3.484725952,0.4167214036,0.5142331123,3.333771229,0.05930328369,0.08862304688
E00382,40.25,22,2014-02-02T09:00:00,2014-02-02T16:00:00,2014-02-02T17:00:00,8,6,wet_snow,6,wet_snow,0,8,2.174423218,1.98147583,2.374176025,6.831507564,7.784481049,0.007402896881,0.03862380981,0.05922317505,0.007778406143,0.03905296326,0.06222724915,0.07400894165,0.1521911621
E01858,39.75,22,2016-01-18T09:00:00,2016-01-18T16:00:00,2016-01-18T17:00:00,8,6,wet_snow,6,wet_snow,0,8,2.422439575,0.6561584473,3.308502197,6.792803049,7.722773552,0.0283241272,0.07381439209,0.2265930176,0.02836436033,0.07424354553,0.2269148827,0.01134109497,0.01992797852
E03040,39.25,22.25,2015-02-11T11:00:00,2015-02-11T18:00:00,2015-02-11T19:00:00,8,6,wet_snow,6,wet_snow,0,8,4.041488647,1.261627197,5.293121338,4.960565329,7.690999031,0.01367926598,0.0648021698,0.1094341278,0.007114559412,0.01786351204,0.0569164753,0.006622314453,0.0124206543
E00687,40.25,22.25,2017-12-22T09:00:00,2017-12-22T16:00:00,2017-12-22T17:00:00,8,6,wet_snow,6,wet_snow,0,8,0.6125793457,-0.8637390137,0.929473877,6.863047361,7.559922218,0.02703666687,0.06952285767,0.216293335,0.02688914537,0.06898641586,0.215113163,0.04000473022,0.08093261719
E02044,39.75,22.25,2019-02-24T09:00:00,2019-02-24T16:00:00,2019-02-24T17:00:00,8,6,wet_snow,6,wet_snow,0,8,2.309082031,0.8616027832,2.785064697,6.798299313,7.531962395,0.02644658089,0.07638931274,0.2115726471,0.02632588148,0.07574558258,0.2106070518,0.04291534424,0.06237792969
E02319,39.5,21.75,2019-12-30T17:00:00,2019-12-31T00:00:00,2019-12-31T01:00:00,8,6,wet_snow,6,wet_snow,0,8,2.982757568,1.76651001,3.816802979,6.759797215,7.472598076,0.006437301636,0.01201629639,0.05149841309,0.006021559238,0.01174807549,0.04817247391,0.0125541687,0.05139160156
E00348,40.25,22,2013-01-26T08:00:00,2013-01-26T15:00:00,2013-01-26T16:00:00,8,6,wet_snow,6,wet_snow,0,8,2.455871582,1.528961182,3.110626221,6.74683857,7.15977478,0.01909732819,0.03905296326,0.1527786255,0.01073554158,0.02263784409,0.08588433266,0.08166885376,0.118347168
E02105,39.75,22.5,2016-01-22T15:00:00,2016-01-22T22:00:00,2016-01-22T23:00:00,8,6,wet_snow,6,wet_snow,0,8,3.353012085,1.986480713,5.032501221,6.201946974,7.006505013,0.002038478851,0.004291534424,0.01630783081,0.002045184374,0.004130601883,0.01636147499,0.0760307312,0.1070861816
E02447,39.5,22.25,2016-12-28T21:00:00,2016-12-29T04:00:00,2016-12-29T05:00:00,8,6,wet_snow,6,wet_snow,0,8,1.713104248,1.412506104,2.623321533,5.090585351,6.933373451,0.2094268799,0.6497383118,1.675415039,0.1786351204,0.5830049515,1.429080963,0.01332092285,0.04058837891
E02984,39.25,22,2019-12-28T21:00:00,2019-12-29T04:00:00,2019-12-29T05:00:00,8,6,wet_snow,6,wet_snow,0,8,2.012207031,1.32510376,2.531890869,5.944210529,6.589970589,0.06389021873,0.1124382019,0.5111217499,0.06329342723,0.1123309135,0.5063474178,0.01524353027,0.02935791016
E02183,39.75,22.75,2016-01-19T03:00:00,2016-01-19T10:00:00,2016-01-19T11:00:00,8,6,wet_snow,6,wet_snow,0,8,1.617416382,0.8006896973,3.178497314,5.722202778,6.552026749,0.001448392868,0.003004074097,0.01158714294,0.001589208841,0.003218650818,0.01271367073,0.004180908203,0.006225585938
E02749,39.25,21.75,2016-01-22T08:00:00,2016-01-22T15:00:00,2016-01-22T16:00:00,8,6,wet_snow,6,wet_snow,0,8,3.122039795,2.508087158,3.82901001,5.764742732,6.446362495,0.01190900803,0.03690719604,0.09527206421,0.009615719318,0.03551244736,0.07692575455,0.05680465698,0.1088562012
E01331,40,22.25,2012-12-20T09:00:00,2012-12-20T16:00:00,2012-12-20T17:00:00,8,6,wet_snow,6,wet_snow,0,8,4.01133728,2.568634033,4.676177979,5.902480245,6.432476044,0.002682209015,0.006008148193,0.02145767212,0.00272244215,0.006330013275,0.0217795372,0.02155303955,0.0458984375
E03174,39.25,22.5,2016-01-18T09:00:00,2016-01-18T16:00:00,2016-01-18T17:00:00,8,6,wet_snow,6,wet_snow,0,8,2.394363403,0.7401428223,2.978668213,5.513994455,6.387367249,0.2361416817,0.5012512207,1.889133453,0.2350017428,0.5013585091,1.880013943,0.02661514282,0.05004882812
E03237,39.25,22.5,2020-01-05T20:00:00,2020-01-06T03:00:00,2020-01-06T04:00:00,8,6,wet_snow,6,wet_snow,0,8,3.284164429,3.021026611,3.575592041,5.867759347,6.15862751,0.5230307579,1.036834717,4.184246063,0.4594489932,0.8379220963,3.675591946,0.1030807495,0.184967041
E00955,40,21.75,2017-01-16T09:00:00,2017-01-16T16:00:00,2017-01-16T17:00:00,8,6,wet_snow,6,wet_snow,0,8,0.7408599854,0.3954162598,1.007598877,5.428235173,6.062552452,0.2881765366,0.5046844482,2.305412292,0.2684623003,0.481402874,2.147698402,0.07983016968,0.1231079102
E01103,40,22,2013-01-10T23:00:00,2013-01-11T06:00:00,2013-01-11T07:00:00,8,3,freezing_rain,3,freezing_rain,8,0,1.49395752,1.094390869,1.787750244,5.42272079,6.028860092,0.1568555832,0.591802597,1.254844666,0.01381337643,0.1065373421,0.1105070114,0.0559425354,0.08642578125
E01351,40,22.25,2013-02-16T23:00:00,2013-02-17T06:00:00,2013-02-17T07:00:00,8,6,wet_snow,6,wet_snow,0,8,3.312011719,3.142852783,3.551055908,5.470902085,6.020214081,0.8166790009,1.235532761,6.533432007,0.6307147443,0.8392095566,5.045718193,0.1355037689,0.1669921875
E01916,39.75,22,2019-02-24T09:00:00,2019-02-24T16:00:00,2019-02-24T17:00:00,8,6,wet_snow,6,wet_snow,0,8,1.864501953,0.1994934082,2.365142822,5.221639156,5.814188957,0.07209777832,0.1596450806,0.5767822266,0.0716149807,0.1595377922,0.5729198456,0.05276870728,0.06958007812
E00729,40.25,22.25,2019-12-04T03:00:00,2019-12-04T10:00:00,2019-12-04T11:00:00,8,6,wet_snow,6,wet_snow,0,8,1.552032471,1.125152588,2.069488525,5.352520943,5.746499062,1.229900122,1.993846893,9.839200974,1.158311963,1.77513957,9.266495705,0.3271102905,0.4149169922
E00610,40.25,22.25,2014-01-28T05:00:00,2014-01-28T12:00:00,2014-01-28T13:00:00,8,6,wet_snow,6,wet_snow,0,8,0.08963012695,-0.4397888184,0.6275939941,4.439671397,5.547273636,0.1908659935,0.4162788391,1.526927948,0.1801706851,0.3734707832,1.44136548,0.1185417175,0.2010192871
E01201,40,22,2017-01-23T09:00:00,2017-01-23T16:00:00,2017-01-23T17:00:00,8,6,wet_snow,6,wet_snow,0,8,1.946853638,0.8215637207,2.326812744,5.060971618,5.539589882,0.007992982864,0.01630783081,0.06394386292,0.007590651512,0.01534223557,0.0607252121,0.1314430237,0.1960144043
E02712,39.25,21.75,2013-12-18T15:00:00,2013-12-18T22:00:00,2013-12-18T23:00:00,8,6,wet_snow,6,wet_snow,0,8,0.87940979,-1.517425537,3.421417236,3.825242639,5.437744141,0,0,0,6.705522537e-05,0.0002145767212,0.000536441803,0.002899169922,0.00439453125
E03109,39.25,22.25,2019-12-28T21:00:00,2019-12-29T04:00:00,2019-12-29T05:00:00,8,6,wet_snow,6,wet_snow,0,8,2.738037109,1.944244385,3.279937744,4.713741779,5.417668343,0.1045525074,0.1828193665,0.8364200592,0.08835867047,0.1524567604,0.7068693638,0.02007675171,0.03866577148
E00205,40.25,21.75,2018-01-14T23:00:00,2018-01-15T06:00:00,2018-01-15T07:00:00,8,6,wet_snow,6,wet_snow,0,8,2.056671143,1.915557861,2.191680908,4.812489271,5.393544197,0.1865744591,0.2746582031,1.492595673,0.1706823707,0.2607107162,1.365458965,0.1113052368,0.1584777832
E01789,39.75,21.75,2019-02-24T09:00:00,2019-02-24T16:00:00,2019-02-24T17:00:00,8,6,wet_snow,6,wet_snow,0,8,0.7358398438,-1.138397217,1.246002197,5.093831539,5.384174347,0.1470386982,0.2858161926,1.176309586,0.14577806,0.2860307693,1.16622448,0.05814361572,0.09307861328
E01986,39.75,22.25,2016-01-18T09:00:00,2016-01-18T16:00:00,2016-01-18T17:00:00,8,6,wet_snow,6,wet_snow,0,8,2.819656372,1.290924072,3.482330322,4.65254426,5.370234489,0.07402896881,0.1845359802,0.5922317505,0.07394850254,0.1845359802,0.5915880203,0.01861572266,0.03408813477
E01173,40,22,2016-01-22T09:00:00,2016-01-22T16:00:00,2016-01-22T17:00:00,8,6,wet_snow,6,wet_snow,0,8,3.086959839,1.75100708,3.914581299,3.781864405,5.305760384,0.004559755325,0.008583068848,0.0364780426,0.002869963646,0.007510185242,0.02295970917,0.05068969727,0.07174682617
E00978,40,21.75,2017-02-11T21:00:00,2017-02-12T04:00:00,2017-02-12T05:00:00,8,6,wet_snow,6,wet_snow,0,8,1.610122681,1.268096924,2.085845947,4.46137166,5.288901329,0.04361271858,0.06823539734,0.3489017487,0.04082322121,0.0648021698,0.3265857697,0.2674369812,0.3521118164
E01991,39.75,22.25,2016-01-23T08:00:00,2016-01-23T15:00:00,2016-01-23T16:00:00,8,6,wet_snow,6,wet_snow,0,8,2.506057739,1.542877197,3.123931885,4.855623126,5.2594347,0.04699230194,0.05836486816,0.3759384155,0.04664361477,0.05911588669,0.3731489182,0.06133270264,0.1035461426
E02259,39.5,21.75,2016-01-23T08:00:00,2016-01-23T15:00:00,2016-01-23T16:00:00,8,6,wet_snow,6,wet_snow,0,8,1.632522583,0.7323303223,2.221710205,4.577791095,5.16692543,0.06673336029,0.1244544983,0.5338668823,0.06654560566,0.1244544983,0.5323648453,0.1019477844,0.150970459
E03231,39.25,22.5,2019-02-25T19:00:00,2019-02-26T02:00:00,2019-02-26T03:00:00,8,6,wet_snow,6,wet_snow,0,8,1.962280273,0.6627502441,2.658111572,4.49406755,4.900051117,0.0212430954,0.08153915405,0.1699447632,0.01976117492,0.07445812225,0.1580893993,0.1355361938,0.3130493164
E01202,40,22,2017-01-24T09:00:00,2017-01-24T16:00:00,2017-01-24T17:00:00,8,6,wet_snow,6,wet_snow,0,8,2.027359009,0.9928283691,2.468414307,3.919265151,4.859494209,0.2483189106,0.4291534424,1.986551285,0.1810088754,0.3530859947,1.448071003,0.02964401245,0.04788208008
E02775,39.25,21.75,2017-01-19T07:00:00,2017-01-19T14:00:00,2017-01-19T15:00:00,8,6,wet_snow,6,wet_snow,0,8,2.57623291,1.631134033,3.002105713,4.374911785,4.834265709,0.1775085926,0.208568573,1.420068741,0.1242600381,0.1614689827,0.9940803051,0.09352111816,0.1639404297
E01312,40,22.25,2012-02-12T18:00:00,2012-02-13T01:00:00,2012-02-13T02:00:00,8,3,freezing_rain,3,freezing_rain,8,0,0.8631439209,0.5235900879,1.073638916,4.041357875,4.724660873,0.04962086678,0.1407623291,0.3969669342,0.001367926598,0.008475780487,0.01094341278,0.05209350586,0.08651733398
E01052,40,21.75,2020-12-01T00:00:00,2020-12-01T07:00:00,2020-12-01T08:00:00,8,6,wet_snow,6,wet_snow,0,8,2.702224731,2.018707275,3.516998291,3.027364612,4.687027931,0.01834630966,0.05836486816,0.1467704773,0.01090317965,0.02757310867,0.08722543716,0.2953529358,0.3659057617
E00183,40.25,21.75,2017-01-29T09:00:00,2017-01-29T16:00:00,2017-01-29T17:00:00,8,6,wet_snow,6,wet_snow,0,8,1.440231323,-0.5835876465,1.945709229,3.883795142,4.440825462,0.1412451267,0.1875400543,1.129961014,0.1323267817,0.1755237579,1.058614254,0.02179527283,0.03518676758
E02528,39.5,22.5,2016-01-18T09:00:00,2016-01-18T16:00:00,2016-01-18T17:00:00,8,6,wet_snow,6,wet_snow,0,8,2.688064575,1.220611572,3.156158447,3.44941926,4.434687614,0.198751688,0.5098342896,1.590013504,0.1988053322,0.5095124245,1.590442657,0.01588058472,0.03817749023
E01908,39.75,22,2019-01-09T23:00:00,2019-01-10T06:00:00,2019-01-10T07:00:00,8,3,freezing_rain,3,freezing_rain,8,0,1.104248047,0.4156799316,2.042388916,3.608893871,4.335687637,0.07236599922,0.2523422241,0.5789279938,0,0,0,0.01895904541,0.08267211914
E02953,39.25,22,2017-01-26T19:00:00,2017-01-27T02:00:00,2017-01-27T03:00:00,8,6,wet_snow,6,wet_snow,0,8,1.207046509,0.2604064941,1.850250244,3.908524632,4.260185242,0.4381120205,0.6514549255,3.504896164,0.4169091582,0.598347187,3.335273266,0.1795578003,0.270111084
E02036,39.75,22.25,2019-01-09T23:00:00,2019-01-10T06:00:00,2019-01-10T07:00:00,8,3,freezing_rain,3,freezing_rain,8,0,0.3764648438,-0.04916381836,1.069732666,3.822761059,4.218500137,0.06083250046,0.2265930176,0.4866600037,0,0,0,0.02183532715,0.09225463867
E01863,39.75,22,2016-01-23T08:00:00,2016-01-23T15:00:00,2016-01-23T16:00:00,8,6,wet_snow,6,wet_snow,0,8,2.230178833,1.242095947,2.85244751,3.508211017,4.122546196,0.04388093948,0.05321502686,0.3510475159,0.04385411739,0.05310773849,0.3508329391,0.0802154541,0.1338500977
E02767,39.25,21.75,2017-01-17T08:00:00,2017-01-17T15:00:00,2017-01-17T16:00:00,8,6,wet_snow,6,wet_snow,0,8,0.6583251953,0.001861572266,1.605133057,3.559394479,4.064025879,0.4036724567,0.5561828613,3.229379654,0.2452880144,0.3069519997,1.962304115,0.05267333984,0.0778503418
E00468,40.25,22,2017-02-11T17:00:00,2017-02-12T00:00:00,2017-02-12T01:00:00,8,6,wet_snow,6,wet_snow,0,8,1.785598755,1.099761963,3.007476807,3.415087819,3.938331604,0.04318356514,0.08754730225,0.3454685211,0.04322379827,0.08765459061,0.3457903862,0.2099723816,0.2868347168
E00676,40.25,22.25,2017-01-29T08:00:00,2017-01-29T15:00:00,2017-01-29T16:00:00,8,6,wet_snow,6,wet_snow,0,8,0.8950042725,-0.2850036621,1.492462158,3.360026479,3.80748558,0.1489162445,0.2223014832,1.191329956,0.1484267414,0.2209067345,1.187413931,0.04847145081,0.1528015137
E03078,39.25,22.25,2017-01-26T19:00:00,2017-01-27T02:00:00,2017-01-27T03:00:00,8,6,wet_snow,6,wet_snow,0,8,2.12159729,1.320953369,2.637359619,3.291337132,3.761161804,0.4168689251,0.6171226501,3.334951401,0.3826774657,0.5370855331,3.061419725,0.1614990234,0.2630310059
E01726,39.75,21.75,2016-12-17T02:00:00,2016-12-17T09:00:00,2016-12-17T10:00:00,8,6,wet_snow,6,wet_snow,0,8,1.453598022,0.3678283691,2.703521729,3.071381092,3.746081352,0.2816319466,0.3677845001,2.253055573,0.2757847309,0.3431081772,2.206277847,0.2645149231,0.3113708496
E02510,39.5,22.5,2015-01-01T08:00:00,2015-01-01T15:00:00,2015-01-01T16:00:00,8,6,wet_snow,6,wet_snow,0,8,2.58996582,1.183746338,3.311553955,3.291244149,3.673065186,0.01131892204,0.04162788391,0.09055137634,0.01139268279,0.04125237465,0.09114146233,0.02041625977,0.04040527344
E02561,39.5,22.5,2019-01-12T01:00:00,2019-01-12T08:00:00,2019-01-12T09:00:00,8,6,wet_snow,6,wet_snow,0,8,3.116546631,2.732574463,3.865875244,2.521073818,2.960266113,0.7423818111,0.9329795837,5.939054489,0.6697744131,0.8509039879,5.358195305,0.04713821411,0.06524658203
E00172,40.25,21.75,2017-01-20T18:00:00,2017-01-21T01:00:00,2017-01-21T02:00:00,8,6,wet_snow,6,wet_snow,0,8,0.2523193359,-0.09970092773,1.080352783,1.822684214,2.612474442,0.01426935196,0.01802444458,0.1141548157,0.01171454787,0.01502037048,0.09371638298,0.1218948364,0.1502990723
E02285,39.5,21.75,2017-12-20T19:00:00,2017-12-21T02:00:00,2017-12-21T03:00:00,8,6,wet_snow,6,wet_snow,0,8,1.551330566,1.022003174,2.383209229,2.312663078,2.585111618,0.2086758614,0.2931118011,1.669406891,0.1965254545,0.2861917019,1.572203636,0.220123291,0.3158874512
E00309,40.25,22,2012-02-06T07:00:00,2012-02-06T13:00:00,2012-02-06T14:00:00,7,6,wet_snow,6,wet_snow,0,7,0.6415274484,0.2757873535,0.9707336426,10.18571404,17.05097771,1.106541497,1.986980438,7.745790482,0.9217143059,1.778680086,6.452000141,0.09571184431,0.2214660645
E02199,39.75,22.75,2019-02-23T10:00:00,2019-02-23T16:00:00,2019-02-23T17:00:00,7,6,wet_snow,6,wet_snow,0,7,3.023659842,2.785797119,3.217681885,14.86171028,16.43463516,1.232038225,1.451396942,8.624267578,1.069128513,1.291108131,7.483899593,0.1973092215,0.279083252
E02602,39.5,22.75,2014-12-30T19:00:00,2014-12-31T01:00:00,2014-12-31T02:00:00,7,6,wet_snow,6,wet_snow,0,7,0.0936933245,-0.4762878418,0.5028381348,14.94223595,15.84353638,0.866828646,1.068592072,6.067800522,0.8382133075,1.039516926,5.867493153,0.1051853725,0.1525268555
E01610,40,22.75,2015-02-09T06:00:00,2015-02-09T12:00:00,2015-02-09T13:00:00,7,6,wet_snow,6,wet_snow,0,7,3.143585205,2.669219971,4.09487915,14.40172182,14.82153988,0.5910669054,1.023101807,4.137468338,0.4433614867,0.8119046688,3.103530407,0.1389552525,0.1944580078
E01047,40,21.75,2020-02-06T09:00:00,2020-02-06T15:00:00,2020-02-06T16:00:00,7,6,wet_snow,6,wet_snow,0,7,2.893184117,1.511871338,3.738677979,13.87843009,14.67194176,0.000980922154,0.002574920654,0.006866455078,0.0009962490627,0.002360343933,0.006973743439,0.006875174386,0.01028442383
E01447,40,22.25,2018-01-13T08:00:00,2018-01-13T14:00:00,2018-01-13T15:00:00,7,6,wet_snow,6,wet_snow,0,7,2.986655099,2.358306885,3.853668213,12.28303187,14.34005547,2.150058746,2.260780334,15.05041122,1.620514052,1.788496971,11.34359837,0.1732831682,0.2134094238
E00958,40,21.75,2017-01-18T15:00:00,2017-01-18T21:00:00,2017-01-18T22:00:00,7,6,wet_snow,6,wet_snow,0,7,1.30808367,0.8199768066,1.594024658,9.17859527,13.3393898,1.844685418,3.586006165,12.91279793,1.473551989,3.049242496,10.31486416,0.1983163016,0.4771118164
E02324,39.5,21.75,2020-02-06T04:00:00,2020-02-06T10:00:00,2020-02-06T11:00:00,7,6,wet_snow,6,wet_snow,0,7,3.166848319,2.152252197,5.092926025,12.17206996,13.17934132,0.03825596401,0.09655952454,0.267791748,0.0369991575,0.086581707,0.2589941025,0.06269618443,0.09140014648
E02193,39.75,22.75,2019-01-04T11:00:00,2019-01-04T17:00:00,2019-01-04T18:00:00,7,6,wet_snow,6,wet_snow,0,7,1.519823347,1.183868408,2.043243408,11.0113475,13.13016319,2.021435329,2.540588379,14.1500473,1.740784304,2.230417728,12.18548965,0.2547563825,0.3057556152
E01026,40,21.75,2019-02-13T08:00:00,2019-02-13T14:00:00,2019-02-13T15:00:00,7,6,wet_snow,6,wet_snow,0,7,3.072819301,1.649810791,3.899810791,12.17650386,12.83132935,0.0203541347,0.04377365112,0.1424789429,0.02013955797,0.04420280457,0.1409769058,0.00887625558,0.02047729492
E01545,40,22.5,2015-02-09T06:00:00,2015-02-09T12:00:00,2015-02-09T13:00:00,7,6,wet_snow,6,wet_snow,0,7,0.2364981515,-0.1625671387,0.8349914551,11.66623075,12.64839077,0.4793030875,0.871181488,3.355121613,0.4716779505,0.8638858795,3.301745653,0.1099984305,0.1450500488
E00733,40.25,22.25,2020-01-05T15:00:00,2020-01-05T21:00:00,2020-01-05T22:00:00,7,6,wet_snow,6,wet_snow,0,7,2.474779402,1.619781494,3.561798096,11.96322891,12.61231804,0.1907280513,0.2132892609,1.335096359,0.1867124013,0.2133965492,1.306986809,0.01176670619,0.0322265625
E00810,40.25,22.75,2017-01-10T12:00:00,2017-01-10T18:00:00,2017-01-10T19:00:00,7,6,wet_snow,6,wet_snow,0,7,0.7345101493,0.3950500488,0.8756408691,11.93877316,12.60920334,0.4041399275,0.8583068848,2.828979492,0.3777469907,0.8350253105,2.644228935,0.06447492327,0.1401367188
E02140,39.75,22.5,2019-02-13T04:00:00,2019-02-13T10:00:00,2019-02-13T11:00:00,7,6,wet_snow,6,wet_snow,0,7,5.083003453,4.728179932,5.728302002,9.402954919,12.57358646,0.05450248718,0.1364707947,0.3815174103,0.051176548,0.1321792603,0.358235836,0.09951782227,0.2180175781
E01295,40,22.25,2012-01-07T09:00:00,2012-01-07T15:00:00,2012-01-07T16:00:00,7,6,wet_snow,6,wet_snow,0,7,3.019614083,2.349395752,3.538116455,11.2298005,12.11231995,0.03549712045,0.1141548157,0.2484798431,0.03427863121,0.1080930233,0.2399504185,0.002729143415,0.007415771484
E02064,39.75,22.5,2012-01-30T08:00:00,2012-01-30T14:00:00,2012-01-30T15:00:00,7,6,wet_snow,6,wet_snow,0,7,1.963357108,1.342437744,2.321685791,11.90218599,12.10401344,0.07369177682,0.1004219055,0.5158424377,0.07319365229,0.09918808937,0.512355566,0.1780177525,0.2212524414
E03248,39.25,22.75,2012-01-31T08:00:00,2012-01-31T14:00:00,2012-01-31T15:00:00,7,6,wet_snow,6,wet_snow,0,7,2.27154977,1.355499268,2.737579346,11.60523278,12.07884312,0.0681740897,0.09655952454,0.4772186279,0.06814343589,0.09655952454,0.4770040512,0.246560233,0.2619018555
E01646,40,22.75,2019-02-25T06:00:00,2019-02-25T12:00:00,2019-02-25T13:00:00,7,6,wet_snow,6,wet_snow,0,7,3.387167794,3.003326416,3.701934814,11.45611409,12.0025053,0.03752027239,0.06952285767,0.2626419067,0.02930504935,0.05965232849,0.2051353455,0.1848842076,0.3057556152
E01496,40,22.25,2019-02-13T12:00:00,2019-02-13T18:00:00,2019-02-13T19:00:00,7,6,wet_snow,6,wet_snow,0,7,2.444244385,2.050811768,2.822540283,10.62403938,11.72016716,0.005395071847,0.02102851868,0.03776550293,0.005303110395,0.01984834671,0.03712177277,0.002920968192,0.006622314453
E01666,39.75,21.75,2012-02-10T09:00:00,2012-02-10T15:00:00,2012-02-10T16:00:00,7,6,wet_snow,6,wet_snow,0,7,0.3238307408,-0.2356872559,1.111236572,10.60110937,11.50052834,0.4682677133,0.5973815918,3.277873993,0.4618457385,0.5965232849,3.23292017,0.0754699707,0.08975219727
E01769,39.75,21.75,2018-02-26T03:00:00,2018-02-26T09:00:00,2018-02-26T10:00:00,7,6,wet_snow,6,wet_snow,0,7,1.497693743,0.681060791,2.178375244,6.655749866,11.32384682,2.646221433,4.439163208,18.52355003,2.424778257,4.214715958,16.9734478,0.3852277483,0.7576904297
E02625,39.5,22.75,2016-01-23T02:00:00,2016-01-23T08:00:00,2016-01-23T09:00:00,7,6,wet_snow,6,wet_snow,0,7,1.785971505,1.301177979,3.052032471,7.828503064,11.31046581,0.5700383868,0.7136821747,3.990268707,0.4890663283,0.6223261356,3.423464298,0.06334577288,0.09780883789
E03135,39.25,22.5,2012-01-30T09:00:00,2012-01-30T15:00:00,2012-01-30T16:00:00,7,6,wet_snow,6,wet_snow,0,7,2.764155797,2.302520752,3.370513916,10.69045108,11.29454708,0.0474521092,0.06265640259,0.3321647644,0.04332150732,0.051176548,0.3032505512,0.1896362305,0.2528991699
E02246,39.5,21.75,2015-02-11T07:00:00,2015-02-11T13:00:00,2015-02-11T14:00:00,7,6,wet_snow,6,wet_snow,0,7,3.201429095,-1.175628662,5.115386963,9.400206021,10.91984177,0.006130763463,0.01459121704,0.04291534424,0.006138426917,0.01405477524,0.04296898842,0.005824497768,0.01092529297
E03137,39.25,22.5,2012-02-01T09:00:00,2012-02-01T15:00:00,2012-02-01T16:00:00,7,6,wet_snow,6,wet_snow,0,7,1.544708252,0.07070922852,2.424591064,10.03580053,10.83699894,0.09459768023,0.2368927002,0.6621837616,0.09239060538,0.2368927002,0.6467342377,0.05014038086,0.1279296875
E01581,40,22.5,2019-02-25T06:00:00,2019-02-25T12:00:00,2019-02-25T13:00:00,7,6,wet_snow,6,wet_snow,0,7,-0.01964024135,-2.190765381,0.9402160645,10.16816766,10.77301311,0.02722058977,0.04720687866,0.1905441284,0.02740451268,0.04731416702,0.1918315887,0.1313563756,0.2553100586
E01585,40,22.75,2012-01-30T09:00:00,2012-01-30T15:00:00,2012-01-30T16:00:00,7,6,wet_snow,6,wet_snow,0,7,1.911477225,1.822784424,2.048248291,9.948124068,10.41309547,0.06529263088,0.08668899536,0.4570484161,0.05809664726,0.07987618446,0.4066765308,0.1575840541,0.2015380859
E02043,39.75,22.25,2019-02-23T11:00:00,2019-02-23T17:00:00,2019-02-23T18:00:00,7,6,wet_snow,6,wet_snow,0,7,2.151432582,1.446075439,2.562530518,8.679165023,10.37115955,0.6299972534,0.7982254028,4.409980774,0.6080644471,0.7631421089,4.25645113,0.03985159738,0.09042358398
E01049,40,21.75,2020-02-20T21:00:00,2020-02-21T03:00:00,2020-02-21T04:00:00,7,6,wet_snow,6,wet_snow,0,7,2.697540283,1.871246338,3.382232666,8.573230062,10.00739098,0.04610334124,0.09698867798,0.3227233887,0.02429315022,0.07048845291,0.1700520515,0.0232195173,0.03103637695
E00005,40.25,21.75,2012-01-09T09:00:00,2012-01-09T15:00:00,2012-01-09T16:00:00,7,6,wet_snow,6,wet_snow,0,7,3.668923514,2.823760986,4.377838135,8.636050497,10.00253773,0.003433227539,0.008583068848,0.02403259277,0.002184084484,0.002682209015,0.01528859138,0.0002615792411,0.0006713867188
E03168,39.25,22.5,2015-12-31T08:00:00,2015-12-31T14:00:00,2015-12-31T15:00:00,7,6,wet_snow,6,wet_snow,0,7,1.976470947,1.38760376,2.375762939,8.588146891,9.904019356,0.2913338797,0.5424499512,2.039337158,0.2837777138,0.5317211151,1.986443996,0.01368059431,0.0270690918
E00732,40.25,22.25,2019-12-30T09:00:00,2019-12-30T15:00:00,2019-12-30T16:00:00,7,6,wet_snow,6,wet_snow,0,7,2.106842041,0.829864502,3.112579346,9.507388251,9.856081963,0.05505425589,0.1304626465,0.3853797913,0.05531481334,0.1304626465,0.3872036934,0.09214128767,0.1262207031
E02809,39.25,21.75,2018-01-24T08:00:00,2018-01-24T14:00:00,2018-01-24T15:00:00,7,6,wet_snow,6,wet_snow,0,7,2.366886684,1.1222229,3.156402588,9.093282972,9.831108093,0.3246239253,0.4364490509,2.272367477,0.2942919731,0.3877401352,2.060043812,0.09839303153,0.1854553223
E01193,40,22,2017-01-18T08:00:00,2017-01-18T14:00:00,2017-01-18T15:00:00,7,6,wet_snow,6,wet_snow,0,7,1.98299299,1.407012939,2.318145752,9.15947628,9.785838127,0.621843338,0.8857727051,4.352903366,0.4420740264,0.5794644356,3.094518185,0.03480311802,0.07400512695
E01520,40,22.5,2012-01-30T09:00:00,2012-01-30T15:00:00,2012-01-30T16:00:00,7,6,wet_snow,6,wet_snow,0,7,-0.1493486677,-0.3704528809,0.06387329102,9.356187684,9.725949287,0.1322405679,0.1394748688,0.9256839752,0.1283322062,0.1378655434,0.8983254433,0.1684047154,0.2099609375
E00388,40.25,22,2014-12-28T09:00:00,2014-12-28T15:00:00,2014-12-28T16:00:00,7,6,wet_snow,6,wet_snow,0,7,2.128186907,1.183013916,3.062042236,9.227801187,9.676884651,0.2951962607,0.9020805359,2.066373825,0.2826128687,0.8770823479,1.978290081,0.04456002372,0.05465698242
E02719,39.25,21.75,2014-02-03T09:00:00,2014-02-03T15:00:00,2014-02-03T16:00:00,7,6,wet_snow,6,wet_snow,0,7,2.936571394,2.338287354,3.335235596,9.326185635,9.652339935,0.3733021872,0.4403114319,2.613115311,0.3337894167,0.3896713257,2.336525917,0.2522583008,0.2932128906
E02813,39.25,21.75,2018-02-25T23:00:00,2018-02-26T05:00:00,2018-02-26T06:00:00,7,6,wet_snow,6,wet_snow,0,7,1.936292376,0.5065002441,2.959381104,7.181596075,9.562078476,3.392825808,5.633068085,23.74978065,2.863388402,5.478358269,20.04372025,0.6380397252,1.104309082
E02678,39.25,21.75,2012-02-27T04:00:00,2012-02-27T10:00:00,2012-02-27T11:00:00,7,6,wet_snow,6,wet_snow,0,7,1.688297817,0.6535949707,2.984893799,8.040488652,9.3433218,1.362133026,1.656103134,9.534931183,1.184103319,1.569521427,8.288722992,0.2310049874,0.2944641113
E01794,39.75,21.75,2019-12-30T16:00:00,2019-12-30T22:00:00,2019-12-30T23:00:00,7,6,wet_snow,6,wet_snow,0,7,2.999699184,1.924957275,4.963043213,8.872200148,9.31010437,0.003739765712,0.009441375732,0.02617835999,0.003670794623,0.008690357208,0.02569556236,0.006452287946,0.01153564453
E00514,40.25,22,2018-12-31T10:00:00,2018-12-31T16:00:00,2018-12-31T17:00:00,7,6,wet_snow,6,wet_snow,0,7,3.033024379,2.351715088,3.624542236,8.175561769,9.310090065,0.02133505685,0.05493164062,0.1493453979,0.02115113395,0.05407333374,0.1480579376,0.001325334821,0.002197265625
E02137,39.75,22.5,2019-01-07T10:00:00,2019-01-07T16:00:00,2019-01-07T17:00:00,7,6,wet_snow,6,wet_snow,0,7,3.109824044,2.228424072,3.897003174,8.857202394,9.1697855,0.01262937273,0.01802444458,0.08840560913,0.01040697098,0.0177025795,0.07284879684,0.0006583077567,0.002593994141
E02740,39.25,21.75,2015-02-17T07:00:00,2015-02-17T13:00:00,2015-02-17T14:00:00,7,6,wet_snow,6,wet_snow,0,7,2.319261823,1.487823486,3.303131104,8.451386043,9.169419289,0.4468100412,0.4729270935,3.127670288,0.3712024008,0.4124164581,2.598416805,0.2398158482,0.2698669434
E01301,40,22.25,2012-01-26T09:00:00,2012-01-26T15:00:00,2012-01-26T16:00:00,7,6,wet_snow,6,wet_snow,0,7,3.045057024,1.861846924,3.613922119,8.253189904,9.091975212,0.003433227539,0.006866455078,0.02403259277,0.003387246813,0.007081031799,0.02371072769,0.01233346122,0.03067016602
E02197,39.75,22.75,2019-01-08T02:00:00,2019-01-08T08:00:00,2019-01-08T09:00:00,7,6,wet_snow,6,wet_snow,0,7,-0.4168003627,-1.093566895,0.8463439941,7.935946737,9.029000282,0.002758843558,0.01330375671,0.01931190491,0.002069132669,0.009655952454,0.01448392868,0.003117152623,0.005462646484
E01785,39.75,21.75,2019-02-14T22:00:00,2019-02-15T04:00:00,2019-02-15T05:00:00,7,6,wet_snow,6,wet_snow,0,7,2.980778285,2.211334229,3.935455322,8.352202688,9.016322136,0,0,0,7.663454328e-05,0.0001072883606,0.000536441803,0.01346261161,0.01931762695
E00767,40.25,22.5,2017-01-10T12:00:00,2017-01-10T18:00:00,2017-01-10T19:00:00,7,6,wet_snow,6,wet_snow,0,7,-2.616773333,-3.247894287,-2.147796631,8.035313334,8.915843964,0.2261025565,0.5484580994,1.582717896,0.2262864794,0.5484580994,1.584005356,0.03779384068,0.100189209
E02115,39.75,22.5,2016-12-28T23:00:00,2016-12-29T05:00:00,2016-12-29T06:00:00,7,6,wet_snow,6,wet_snow,0,7,2.312844413,2.078887939,2.584747314,8.524632045,8.684043884,0.1362868718,0.4197120667,0.9540081024,0.1208680017,0.3972887993,0.8460760117,0.004102434431,0.01361083984
E00257,40.25,21.75,2019-02-25T10:00:00,2019-02-25T16:00:00,2019-02-25T17:00:00,7,6,wet_snow,6,wet_snow,0,7,0.5998840332,0.1760559082,1.144927979,7.983958244,8.562075615,0.008766991752,0.01373291016,0.06136894226,0.008889607021,0.01426935196,0.06222724915,0.08823067801,0.151763916
E03162,39.25,22.5,2015-02-11T12:00:00,2015-02-11T18:00:00,2015-02-11T19:00:00,7,6,wet_snow,6,wet_snow,0,7,4.524217878,1.226470947,5.707794189,5.811853818,8.518831253,0.008705684117,0.05192756653,0.06093978882,0.002184084484,0.006598234177,0.01528859138,0.006678989955,0.02789306641
E02717,39.25,21.75,2014-02-01T09:00:00,2014-02-01T15:00:00,2014-02-01T16:00:00,7,6,wet_snow,6,wet_snow,0,7,2.589665004,2.083770752,2.998443604,8.242100852,8.36373806,0.1277651106,0.1489162445,0.8943557739,0.110246454,0.1370072365,0.7717251778,0.1402369908,0.195098877
E02927,39.25,22,2016-01-18T10:00:00,2016-01-18T16:00:00,2016-01-18T17:00:00,7,6,wet_snow,6,wet_snow,0,7,1.617008754,0.9472961426,2.064361572,7.262628692,8.239906311,0.06743839809,0.1128673553,0.4720687866,0.06743839809,0.1129746437,0.4720687866,0.01060703823,0.01950073242
E00345,40.25,22,2013-01-25T15:00:00,2013-01-25T21:00:00,2013-01-25T22:00:00,7,6,wet_snow,6,wet_snow,0,7,1.641893659,1.351226807,1.991241455,6.426521982,8.122180939,0.8478845869,1.18188858,5.935192108,0.6168697562,0.7952213287,4.318088531,0.1211242676,0.1776123047
E02790,39.25,21.75,2017-02-11T08:00:00,2017-02-11T14:00:00,2017-02-11T15:00:00,7,6,wet_snow,6,wet_snow,0,7,3.018306187,2.171417236,3.491851807,7.689600127,8.050515175,0.1399653299,0.2175807953,0.979757309,0.1136720181,0.1878619194,0.7957041264,0.1852547782,0.2305908203
E01093,40,22,2012-12-20T09:00:00,2012-12-20T15:00:00,2012-12-20T16:00:00,7,6,wet_snow,6,wet_snow,0,7,4.403821673,2.041290283,5.445709229,7.356026786,8.023308754,0.002329690116,0.005149841309,0.01630783081,0.002406324659,0.004827976227,0.01684427261,0.01147460938,0.02478027344
E02779,39.25,21.75,2017-01-23T09:00:00,2017-01-23T15:00:00,2017-01-23T16:00:00,7,6,wet_snow,6,wet_snow,0,7,1.982173375,0.6086730957,2.479156494,7.599408695,7.943715096,0.2055644989,0.2480506897,1.438951492,0.1745888165,0.2054572105,1.222121716,0.2866341727,0.325378418
E00009,40.25,21.75,2012-01-14T09:00:00,2012-01-14T15:00:00,2012-01-14T16:00:00,7,6,wet_snow,6,wet_snow,0,7,1.694314139,0.5991516113,2.240142822,6.909753663,7.908094406,0.12181827,0.2446174622,0.85272789,0.1216343471,0.2447247505,0.8514404297,0.07582746233,0.1718139648
E01915,39.75,22,2019-02-23T11:00:00,2019-02-23T17:00:00,2019-02-23T18:00:00,7,6,wet_snow,6,wet_snow,0,7,2.074981689,1.045684814,2.445953369,6.496966362,7.664153099,0.566973005,0.7038116455,3.968811035,0.544319834,0.6472706795,3.810238838,0.03808157785,0.07675170898
E00197,40.25,21.75,2017-12-22T09:00:00,2017-12-22T15:00:00,2017-12-22T16:00:00,7,6,wet_snow,6,wet_snow,0,7,1.070918492,-0.7719421387,1.546539307,6.908933503,7.660151482,0.0270979745,0.07209777832,0.1896858215,0.0270979745,0.07199048996,0.1896858215,0.0221383231,0.05706787109
E01319,40,22.25,2012-02-26T21:00:00,2012-02-27T03:00:00,2012-02-27T04:00:00,7,6,wet_snow,6,wet_snow,0,7,2.748269217,2.444122314,3.5050354,6.856591361,7.584161758,0.561271395,0.7754802704,3.928899765,0.4562667438,0.6221115589,3.193867207,0.166695731,0.1949462891
E02405,39.5,22.25,2012-01-30T03:00:00,2012-01-30T09:00:00,2012-01-30T10:00:00,7,6,wet_snow,6,wet_snow,0,7,2.439239502,1.307647705,3.761383057,5.159713609,7.569833755,0.009257452829,0.02489089966,0.0648021698,0.008721011026,0.02494454384,0.06104707718,0.07871355329,0.1570129395
E03165,39.25,22.5,2015-02-18T08:00:00,2015-02-18T14:00:00,2015-02-18T15:00:00,7,6,wet_snow,6,wet_snow,0,7,3.58908953,1.899078369,4.557037354,6.335112844,7.550047874,0.02820151193,0.07553100586,0.1974105835,0.02728956086,0.06941556931,0.191026926,0.03825596401,0.08306884766
E01375,40,22.25,2014-02-02T10:00:00,2014-02-02T16:00:00,2014-02-02T17:00:00,7,6,wet_snow,6,wet_snow,0,7,2.356754848,2.127349854,2.749176025,6.960435459,7.526908875,0.01128060477,0.0506401062,0.0789642334,0.00980922154,0.04441738129,0.06866455078,0.08531406948,0.1670837402
E00219,40.25,21.75,2018-02-16T01:00:00,2018-02-16T07:00:00,2018-02-16T08:00:00,7,6,wet_snow,6,wet_snow,0,7,1.895834787,1.461700439,2.297393799,6.553521429,7.525627136,0.07307870047,0.1733779907,0.5115509033,0.07299440248,0.1732707024,0.5109608173,0.03984287807,0.06970214844
E01095,40,22,2012-12-22T09:00:00,2012-12-22T15:00:00,2012-12-22T16:00:00,7,6,wet_snow,6,wet_snow,0,7,1.404745919,0.3616027832,1.895172119,6.574114799,7.513492584,0.210407802,0.2489089966,1.472854614,0.1472302846,0.1809954643,1.030611992,0.01154872349,0.01846313477
E00330,40.25,22,2012-12-20T09:00:00,2012-12-20T15:00:00,2012-12-20T16:00:00,7,6,wet_snow,6,wet_snow,0,7,3.51096453,1.636993408,4.3644104,7.009905134,7.378222466,0.004720687866,0.0111579895,0.03304481506,0.004728351321,0.0111579895,0.03309845924,0.0276663644,0.05548095703
E03313,39.25,22.75,2017-01-11T01:00:00,2017-01-11T07:00:00,2017-01-11T08:00:00,7,6,wet_snow,6,wet_snow,0,7,0.4762268066,-0.7708435059,1.377838135,4.082642691,7.373591423,0.4517146519,1.561689377,3.162002563,0.4485419818,1.545059681,3.139793873,0.08006940569,0.1824035645
E03052,39.25,22.25,2016-01-18T10:00:00,2016-01-18T16:00:00,2016-01-18T17:00:00,7,6,wet_snow,6,wet_snow,0,7,2.593013218,1.751983643,2.976470947,6.169157709,7.237953186,0.1229218074,0.2381801605,0.860452652,0.1227991922,0.2383947372,0.8595943451,0.01571655273,0.02606201172
E00014,40.25,21.75,2012-01-29T09:00:00,2012-01-29T15:00:00,2012-01-29T16:00:00,7,6,wet_snow,6,wet_snow,0,7,1.312809535,0.7560119629,1.724884033,6.81894643,7.173932076,0.08160046169,0.1150131226,0.5712032318,0.08000646319,0.1153349876,0.5600452423,0.1431710379,0.1791381836
E02300,39.5,21.75,2018-12-31T19:00:00,2019-01-01T01:00:00,2019-01-01T02:00:00,7,6,wet_snow,6,wet_snow,0,7,2.391248431,2.140533447,2.733062744,6.764984267,7.172985077,1.502159664,1.861667633,10.51511765,1.318566288,1.670372486,9.229964256,0.254132952,0.3138427734
E00042,40.25,21.75,2012-12-22T09:00:00,2012-12-22T15:00:00,2012-12-22T16:00:00,7,6,wet_snow,6,wet_snow,0,7,1.366241455,0.1643371582,1.813140869,6.579834666,6.995520592,0.1200403486,0.1484870911,0.8402824402,0.1157488142,0.148165226,0.8102416992,0.02045549665,0.02572631836
E03303,39.25,22.75,2016-01-23T14:00:00,2016-01-23T20:00:00,2016-01-23T21:00:00,7,6,wet_snow,6,wet_snow,0,7,2.305903843,0.8929748535,3.703155518,4.827507564,6.981780052,0.06326947893,0.27551651,0.4428863525,0.05675554276,0.2302408218,0.3972887993,0.02998134068,0.08026123047
E02329,39.5,22,2012-01-30T03:00:00,2012-01-30T09:00:00,2012-01-30T10:00:00,7,6,wet_snow,6,wet_snow,0,7,1.346326556,0.3857727051,2.679107666,4.254091399,6.762704849,0.02844674247,0.07123947144,0.1991271973,0.02837777138,0.0713467598,0.1986443996,0.08423723493,0.1350402832
E01082,40,22,2012-02-26T21:00:00,2012-02-27T03:00:00,2012-02-27T04:00:00,7,6,wet_snow,6,wet_snow,0,7,2.743246896,2.349273682,3.608551025,6.512841361,6.725763321,0.4646505628,0.7883548737,3.25255394,0.3650026662,0.561439991,2.555018663,0.1354195731,0.158203125
E02104,39.75,22.5,2016-01-20T04:00:00,2016-01-20T10:00:00,2016-01-20T11:00:00,7,6,wet_snow,6,wet_snow,0,7,1.237928118,0.4090881348,2.690826416,5.281319754,6.662660599,0.2947671073,0.4312992096,2.063369751,0.2945831844,0.4310846329,2.062082291,0.09220668248,0.1727294922
E01437,40,22.25,2017-02-11T09:00:00,2017-02-11T15:00:00,2017-02-11T16:00:00,7,6,wet_snow,6,wet_snow,0,7,3.068895612,2.346588135,3.261138916,5.460998808,6.434736252,0.03040858677,0.1012802124,0.2128601074,0.02879926137,0.09178519249,0.2015948296,0.227255685,0.2670593262
E02784,39.25,21.75,2017-01-30T09:00:00,2017-01-30T15:00:00,2017-01-30T16:00:00,7,6,wet_snow,6,wet_snow,0,7,2.712241037,1.39944458,3.303131104,6.036208017,6.374030113,0.09502683367,0.1613616943,0.6651878357,0.07098657744,0.1212358475,0.4969060421,0.102495466,0.152130127
E02041,39.75,22.25,2019-02-13T19:00:00,2019-02-14T01:00:00,2019-02-14T02:00:00,7,6,wet_snow,6,wet_snow,0,7,4.657780239,3.864044189,5.667510986,6.048614229,6.353902817,0.008399145944,0.0141620636,0.05879402161,0.001992498125,0.003755092621,0.01394748688,0.0300074986,0.05603027344
E00013,40.25,21.75,2012-01-28T09:00:00,2012-01-28T15:00:00,2012-01-28T16:00:00,7,6,wet_snow,6,wet_snow,0,7,2.225912912,1.143341064,2.83682251,5.57388946,6.256720543,0.002636228289,0.009870529175,0.01845359802,0.002544266837,0.009655952454,0.01780986786,0.1200081961,0.162902832
E01137,40,22,2014-01-31T19:00:00,2014-02-01T01:00:00,2014-02-01T02:00:00,7,6,wet_snow,6,wet_snow,0,7,3.780478341,3.487701416,4.309234619,5.465535845,6.141493797,0.01784052168,0.03089904785,0.1248836517,0.01497438976,0.02371072769,0.1048207283,0.1181291853,0.1559753418
E01913,39.75,22,2019-02-13T19:00:00,2019-02-14T01:00:00,2019-02-14T02:00:00,7,6,wet_snow,6,wet_snow,0,7,3.974186489,3.354278564,4.784698486,5.368647712,6.112841606,0.002207074847,0.003862380981,0.01544952393,0.002237728664,0.003862380981,0.01566410065,0.03974696568,0.05834960938
E01511,40,22.25,2020-02-08T10:00:00,2020-02-08T16:00:00,2020-02-08T17:00:00,7,6,wet_snow,6,wet_snow,0,7,5.910221645,4.794586182,6.500762939,5.002486365,6.102688789,0.009563991002,0.01845359802,0.06694793701,0.009257452829,0.01845359802,0.0648021698,0.02596173968,0.04632568359
E00686,40.25,22.25,2017-12-21T11:00:00,2017-12-21T17:00:00,2017-12-21T18:00:00,7,6,wet_snow,6,wet_snow,0,7,-0.9404514858,-1.730804443,-0.06698608398,5.430619649,6.058866501,0.1316887992,0.2334594727,0.9218215942,0.1319953374,0.2341032028,0.9239673615,0.03125871931,0.06280517578
E00306,40.25,22,2012-02-05T00:00:00,2012-02-05T06:00:00,2012-02-05T07:00:00,7,3,freezing_rain,3,freezing_rain,7,0,0.1437072754,-0.07382202148,0.3961486816,4.943860735,6.032572746,0.1050199781,0.3862380981,0.7351398468,2.299036298e-05,0.0001609325409,0.0001609325409,0.01770019531,0.02053833008
E02662,39.25,21.75,2012-01-28T09:00:00,2012-01-28T15:00:00,2012-01-28T16:00:00,7,6,wet_snow,6,wet_snow,0,7,2.24432809,0.8601379395,2.942169189,5.593699728,5.937075615,0.01103537423,0.02059936523,0.07724761963,0.009594644819,0.01738071442,0.06716251373,0.1485813686,0.1714477539
E01773,39.75,21.75,2018-12-19T00:00:00,2018-12-19T06:00:00,2018-12-19T07:00:00,7,6,wet_snow,6,wet_snow,0,7,1.078835624,0.6510314941,1.912750244,5.581776619,5.900468826,0.004843303135,0.01587867737,0.03390312195,0.004827976227,0.01528859138,0.03379583359,0.006408691406,0.01843261719
E00413,40.25,22,2015-02-17T07:00:00,2015-02-17T13:00:00,2015-02-17T14:00:00,7,6,wet_snow,6,wet_snow,0,7,1.462397984,0.8901672363,2.148834229,5.219522204,5.678418159,0.3104005541,0.3566265106,2.172803879,0.3079942295,0.3563046455,2.155959606,0.1874389648,0.2166442871
E02907,39.25,22,2014-12-29T21:00:00,2014-12-30T03:00:00,2014-12-30T04:00:00,7,6,wet_snow,6,wet_snow,0,7,0.8841509138,-0.375579834,2.933258057,4.892448289,5.672725677,0.007234300886,0.01544952393,0.0506401062,0.007035051073,0.01641511917,0.04924535751,0.06966291155,0.1082458496
E03215,39.25,22.5,2019-01-03T08:00:00,2019-01-03T14:00:00,2019-01-03T15:00:00,7,6,wet_snow,6,wet_snow,0,7,0.8373631069,0.214263916,1.759918213,5.28284686,5.661044121,3.424767085,3.952503204,23.9733696,3.300680433,3.919887543,23.10476112,0.3847394671,0.4798278809
E01063,40,22,2012-01-28T09:00:00,2012-01-28T15:00:00,2012-01-28T16:00:00,7,6,wet_snow,6,wet_snow,0,7,2.203870501,1.057403564,2.87588501,4.95544638,5.63074398,0.02997943333,0.05021095276,0.2098560333,0.02059936523,0.04055500031,0.1441955566,0.1550510951,0.206451416
E00170,40.25,21.75,2017-01-19T09:00:00,2017-01-19T15:00:00,2017-01-19T16:00:00,7,6,wet_snow,6,wet_snow,0,7,2.559496198,1.87588501,3.040679932,5.388999122,5.539777756,0.04898480007,0.05879402161,0.3428936005,0.03790344511,0.05096197128,0.2653241158,0.06450544085,0.07809448242
E00177,40.25,21.75,2017-01-23T15:00:00,2017-01-23T21:00:00,2017-01-23T22:00:00,7,6,wet_snow,6,wet_snow,0,7,0.6957441057,-0.4803161621,2.113677979,4.485288348,5.536470413,0.012751988,0.03347396851,0.08926391602,0.009786231177,0.03025531769,0.06850361824,0.1570303781,0.2078857422
E01030,40,21.75,2019-02-15T19:00:00,2019-02-16T01:00:00,2019-02-16T02:00:00,7,6,wet_snow,6,wet_snow,0,7,2.691855294,2.179473877,3.263458252,4.927821977,5.436882973,0.02997943333,0.06136894226,0.2098560333,0.02168757575,0.04860162735,0.1518130302,0.01748221261,0.02557373047
E02218,39.5,21.75,2012-02-07T19:00:00,2012-02-08T01:00:00,2012-02-08T02:00:00,7,6,wet_snow,6,wet_snow,0,7,1.296190534,0.4703674316,1.928497314,4.412530218,5.335410118,0.9308338165,1.262140274,6.515836716,0.9040270533,1.213699579,6.328189373,0.3065839495,0.4426879883
E00229,40.25,21.75,2018-12-13T08:00:00,2018-12-13T14:00:00,2018-12-13T15:00:00,7,6,wet_snow,6,wet_snow,0,7,1.650612967,0.6324768066,2.442779541,4.776363645,5.319961548,0.03089904785,0.04291534424,0.216293335,0.02712096487,0.03932118416,0.1898467541,0.03877912249,0.07653808594
E00459,40.25,22,2017-01-24T09:00:00,2017-01-24T15:00:00,2017-01-24T16:00:00,7,6,wet_snow,6,wet_snow,0,7,1.627838135,0.1725158691,2.103546143,5.059580667,5.288481712,0.1159327371,0.3347396851,0.8115291595,0.1147449017,0.3348469734,0.8032143116,0.0135105678,0.02807617188
E03032,39.25,22.25,2014-12-29T21:00:00,2014-12-30T03:00:00,2014-12-30T04:00:00,7,6,wet_snow,6,wet_snow,0,7,2.454742432,1.065826416,4.515289307,4.296605655,5.239131927,0.003801073347,0.006866455078,0.02660751343,0.002329690116,0.006437301636,0.01630783081,0.06916591099,0.1340332031
E01942,39.75,22.25,2012-02-02T09:00:00,2012-02-02T15:00:00,2012-02-02T16:00:00,7,6,wet_snow,6,wet_snow,0,7,0.848576137,0.5257873535,1.206207275,4.833987645,5.199446678,0.574023383,0.9398460388,4.018163681,0.4680684635,0.9194612503,3.276479244,0.1745823451,0.2411804199
E00159,40.25,21.75,2016-12-21T08:00:00,2016-12-21T14:00:00,2016-12-21T15:00:00,7,6,wet_snow,6,wet_snow,0,7,3.768881662,1.830108643,4.910797119,4.483711515,5.153441429,0.07878031049,0.1205921173,0.5514621735,0.05548340934,0.1188755035,0.3883838654,0.1910182408,0.2434387207
E01435,40,22.25,2017-01-31T09:00:00,2017-01-31T15:00:00,2017-01-31T16:00:00,7,6,wet_snow,6,wet_snow,0,7,2.619223458,1.90335083,2.967071533,4.530731746,5.109035492,0.04487718855,0.1055717468,0.3141403198,0.04154358591,0.09022951126,0.2908051014,0.1601344517,0.1922912598
E02676,39.25,21.75,2012-02-20T00:00:00,2012-02-20T06:00:00,2012-02-20T07:00:00,7,3,freezing_rain,3,freezing_rain,7,0,-1.023529053,-1.836517334,-0.4524841309,4.343561309,5.087398529,0.001471383231,0.00171661377,0.01029968262,7.663454328e-05,0.000536441803,0.000536441803,0.01307024275,0.01702880859
E01212,40,22,2017-02-13T10:00:00,2017-02-13T16:00:00,2017-02-13T17:00:00,7,6,wet_snow,6,wet_snow,0,7,2.174887521,1.878204346,2.350006104,3.9898386,4.790136337,0.04132134574,0.08497238159,0.2892494202,0.02243859427,0.06093978882,0.1570701599,0.1537955148,0.1968078613
E00350,40.25,22,2013-01-27T19:00:00,2013-01-28T01:00:00,2013-01-28T02:00:00,7,6,wet_snow,6,wet_snow,0,7,0.1159973145,-0.496307373,1.094024658,3.385918549,4.75663662,0.01747267587,0.02918243408,0.1223087311,0.01458355359,0.02499818802,0.1020848751,0.07026890346,0.1052246094
E01814,39.75,22,2012-02-02T09:00:00,2012-02-02T15:00:00,2012-02-02T16:00:00,7,6,wet_snow,6,wet_snow,0,7,0.7523149763,0.2406311035,1.1144104,4.280276707,4.701399803,0.5054814475,0.8171081543,3.538370132,0.479563645,0.8172154427,3.356945515,0.1272365025,0.1709594727
E02303,39.5,21.75,2019-01-09T09:00:00,2019-01-09T15:00:00,2019-01-09T16:00:00,7,6,wet_snow,6,wet_snow,0,7,-0.3393075126,-1.181243896,0.3583068848,4.444400787,4.68973732,1.906544822,2.694225311,13.34581375,1.902391229,2.677381039,13.31673813,0.06289672852,0.08340454102
E00674,40.25,22.25,2017-01-24T22:00:00,2017-01-25T04:00:00,2017-01-25T05:00:00,7,6,wet_snow,6,wet_snow,0,7,1.728476388,1.566070557,1.929473877,4.099536215,4.497133255,0.3118106297,0.4420280457,2.182674408,0.2873642104,0.4127383232,2.011549473,0.02546909877,0.06390380859
E00972,40,21.75,2017-01-26T09:00:00,2017-01-26T15:00:00,2017-01-26T16:00:00,7,6,wet_snow,6,wet_snow,0,7,0.7512337821,-0.2964782715,1.421905518,4.061842646,4.402445793,0.2272060939,0.2660751343,1.590442657,0.188091823,0.2227306366,1.316642761,0.2141680036,0.2798461914
E01204,40,22,2017-01-29T09:00:00,2017-01-29T15:00:00,2017-01-29T16:00:00,7,6,wet_snow,6,wet_snow,0,7,1.714525495,0.1488342285,2.103912354,3.854612759,4.239653587,0.1895632063,0.2484798431,1.326942444,0.173837798,0.2274513245,1.216864586,0.03253609794,0.05331420898
E01120,40,22,2013-02-19T02:00:00,2013-02-19T08:00:00,2013-02-19T09:00:00,7,6,wet_snow,6,wet_snow,0,7,2.327946254,1.878936768,2.753692627,3.766076633,4.228104591,1.066630227,1.36256218,7.466411591,0.8953137057,1.202327013,6.267196178,0.03525216239,0.06036376953
E00463,40.25,22,2017-01-30T11:00:00,2017-01-30T17:00:00,2017-01-30T18:00:00,7,6,wet_snow,6,wet_snow,0,7,2.453696115,1.565338135,2.777008057,3.550650324,4.154303551,0.03273827689,0.07467269897,0.2291679382,0.0308070864,0.06034970284,0.2156496048,0.1090436663,0.1276550293
E01293,40,22,2020-12-01T00:00:00,2020-12-01T06:00:00,2020-12-01T07:00:00,7,6,wet_snow,6,wet_snow,0,7,2.641021729,1.932769775,3.368560791,2.745287623,4.125504494,0.04273142133,0.06308555603,0.2991199493,0.02006292343,0.03851652145,0.140440464,0.2841186523,0.4094848633
E00460,40.25,22,2017-01-25T09:00:00,2017-01-25T15:00:00,2017-01-25T16:00:00,7,6,wet_snow,6,wet_snow,0,7,2.277696882,0.7046203613,2.89956665,3.827895709,4.121692657,0.09704998561,0.1270294189,0.6793498993,0.09663615908,0.1269221306,0.6764531136,0.03207397461,0.05514526367
E01720,39.75,21.75,2016-01-23T09:00:00,2016-01-23T15:00:00,2016-01-23T16:00:00,7,6,wet_snow,6,wet_snow,0,7,1.567012242,0.5018615723,2.127960205,3.80222484,4.116686821,0.02807889666,0.04291534424,0.1965522766,0.02804824284,0.04216432571,0.1963376999,0.07477678571,0.1417541504
E01433,40,22.25,2017-01-29T09:00:00,2017-01-29T15:00:00,2017-01-29T16:00:00,7,6,wet_snow,6,wet_snow,0,7,1.267538888,0.01211547852,1.594146729,3.559132848,3.920991898,0.2323559352,0.2733707428,1.626491547,0.2156342779,0.2535223961,1.509439945,0.05602809361,0.107208252
E00929,40,21.75,2015-12-11T00:00:00,2015-12-11T06:00:00,2015-12-11T07:00:00,7,6,wet_snow,6,wet_snow,0,7,3.134865897,2.91506958,3.285552979,3.712129184,3.806318283,0.02286774772,0.03776550293,0.160074234,0.009119510651,0.01684427261,0.06383657455,0.1973571777,0.223815918
E02275,39.5,21.75,2017-01-26T18:00:00,2017-01-27T00:00:00,2017-01-27T01:00:00,7,6,wet_snow,6,wet_snow,0,7,1.545336042,1.166046143,2.031890869,3.23160008,3.754008293,0.3395216806,0.4810810089,2.376651764,0.3213363034,0.466221571,2.249354124,0.1949637277,0.2633056641
E01744,39.75,21.75,2017-01-26T16:00:00,2017-01-26T22:00:00,2017-01-26T23:00:00,7,6,wet_snow,6,wet_snow,0,7,1.779030936,1.120269775,2.248687744,3.01384667,3.719828606,0.3191062382,0.4566192627,2.233743668,0.3007752555,0.4558146,2.105426788,0.1762041364,0.2474060059
E01043,40,21.75,2020-01-14T00:00:00,2020-01-14T06:00:00,2020-01-14T07:00:00,7,3,freezing_rain,3,freezing_rain,7,0,-0.2264447893,-0.6875915527,0.2340393066,3.340068545,3.611833572,0.002942766462,0.008583068848,0.02059936523,0.001172508512,0.007778406143,0.008207559586,0.02216884068,0.03475952148
E01277,40,22,2020-01-17T20:00:00,2020-01-18T02:00:00,2020-01-18T03:00:00,7,3,freezing_rain,3,freezing_rain,7,0,-0.3565717425,-1.923187256,0.850982666,3.042866162,3.534462929,0.02017021179,0.03218650818,0.1411914825,0,0,0,0.1326468331,0.1536254883
E02933,39.25,22,2016-01-22T19:00:00,2016-01-23T01:00:00,2016-01-23T02:00:00,7,6,wet_snow,6,wet_snow,0,7,1.503134591,1.002105713,2.024688721,3.219428062,3.415946007,0.0269140516,0.05750656128,0.1883983612,0.0269983496,0.05766749382,0.1889884472,0.09688023158,0.1078491211
E02014,39.75,22.25,2017-01-26T16:00:00,2017-01-26T22:00:00,2017-01-26T23:00:00,7,6,wet_snow,6,wet_snow,0,7,2.26814924,1.710113525,2.627593994,2.877685956,3.385046959,0.2381801605,0.3051280975,1.667261124,0.2227689539,0.3024995327,1.559382677,0.1703404018,0.200378418
E01428,40,22.25,2017-01-21T09:00:00,2017-01-21T15:00:00,2017-01-21T16:00:00,7,6,wet_snow,6,wet_snow,0,7,2.782553537,1.574249268,3.220245361,2.746042115,3.298876762,0.005640302386,0.007724761963,0.0394821167,9.196145194e-05,0.000536441803,0.0006437301636,0.07498168945,0.08758544922
E01432,40,22.25,2017-01-25T09:00:00,2017-01-25T15:00:00,2017-01-25T16:00:00,7,6,wet_snow,6,wet_snow,0,7,2.351357596,1.829620361,2.587371826,3.050412451,3.266223907,0.2137797219,0.2686500549,1.496458054,0.1576066017,0.2055644989,1.103246212,0.03720092773,0.05804443359
E03058,39.25,22.25,2016-01-22T19:00:00,2016-01-23T01:00:00,2016-01-23T02:00:00,7,6,wet_snow,6,wet_snow,0,7,1.915522984,1.396636963,2.581329346,3.106146812,3.247356415,0.01771790641,0.04634857178,0.1240253448,0.01744202205,0.04672408104,0.1220941544,0.08505684989,0.09521484375
E00544,40.25,22,2020-01-17T23:00:00,2020-01-18T05:00:00,2020-01-18T06:00:00,7,3,freezing_rain,3,freezing_rain,7,0,-0.3921465193,-0.7593688965,-0.04379272461,2.354334695,3.117258072,0.007908684867,0.01373291016,0.05536079407,0,0,0,0.08396693638,0.09808349609
E02677,39.25,21.75,2012-02-20T23:00:00,2012-02-21T05:00:00,2012-02-21T06:00:00,7,3,freezing_rain,3,freezing_rain,7,0,0.5303213937,-0.609954834,1.763580322,2.672093153,3.061011314,0.0015939985,0.003004074097,0.0111579895,0,0,0,0.02707345145,0.03994750977
E01886,39.75,22,2017-01-26T16:00:00,2017-01-26T22:00:00,2017-01-26T23:00:00,7,6,wet_snow,6,wet_snow,0,7,2.156542097,1.589019775,2.563140869,2.399030822,2.931921959,0.2591473716,0.3544807434,1.814031601,0.242456368,0.3536224365,1.697194576,0.1725202288,0.2095336914
E02482,39.5,22.5,2012-01-14T22:00:00,2012-01-15T04:00:00,2012-01-15T05:00:00,7,3,freezing_rain,3,freezing_rain,7,0,-1.19997297,-2.285980225,0.3956604004,1.834844044,2.203901291,0.002452305385,0.003433227539,0.0171661377,0,0,0,0.06429617746,0.1076660156
E00842,40,21.75,2012-02-06T18:00:00,2012-02-06T23:00:00,2012-02-07T00:00:00,6,6,wet_snow,6,wet_snow,0,6,3.041249593,2.886260986,3.338897705,13.83923133,18.77783585,2.302622795,3.375720978,13.81573677,1.949411631,3.163504601,11.69646931,0.1626078288,0.2864379883
E00874,40,21.75,2013-01-06T07:00:00,2013-01-06T12:00:00,2013-01-06T13:00:00,6,6,wet_snow,6,wet_snow,0,6,3.965199788,2.429840088,5.300567627,14.69950024,15.89108372,0,0,0,7.152557373e-05,0.0001072883606,0.0004291534424,0.00163269043,0.00390625
E02844,39.25,21.75,2019-02-13T11:00:00,2019-02-13T16:00:00,2019-02-13T17:00:00,6,6,wet_snow,6,wet_snow,0,6,1.957143148,1.818023682,2.197906494,14.4741292,15.71028614,0.1883983612,0.2763748169,1.130390167,0.1824975014,0.2759456635,1.094985008,0.0399424235,0.06405639648
E00047,40.25,21.75,2013-01-06T09:00:00,2013-01-06T14:00:00,2013-01-06T15:00:00,6,6,wet_snow,6,wet_snow,0,6,3.527048747,2.326446533,4.081817627,14.23035049,15.64987278,0.0008583068848,0.002145767212,0.005149841309,0.001028180122,0.002145767212,0.006169080734,0.002293904622,0.003631591797
E02980,39.25,22,2019-02-23T10:00:00,2019-02-23T15:00:00,2019-02-23T16:00:00,6,6,wet_snow,6,wet_snow,0,6,1.147369385,0.6304016113,1.84854126,13.81299035,14.9922781,1.216077805,1.368141174,7.296466827,1.149702072,1.238107681,6.898212433,0.1506856283,0.195098877
E01798,39.75,21.75,2020-02-06T03:00:00,2020-02-06T08:00:00,2020-02-06T09:00:00,6,6,wet_snow,6,wet_snow,0,6,2.51679484,1.947174072,2.952423096,13.96327655,14.82387257,0.02489089966,0.05278587341,0.1493453979,0.0231385231,0.04237890244,0.1388311386,0.02193705241,0.04516601562
E00492,40.25,22,2018-02-10T21:00:00,2018-02-11T02:00:00,2018-02-11T03:00:00,6,6,wet_snow,6,wet_snow,0,6,1.532033285,1.376373291,2.083648682,13.30789391,14.54433441,1.254272461,1.744508743,7.525634766,1.090782881,1.290464401,6.544697285,0.08882141113,0.1272888184
E00249,40.25,21.75,2019-02-13T09:00:00,2019-02-13T14:00:00,2019-02-13T15:00:00,6,6,wet_snow,6,wet_snow,0,6,2.75302124,1.322296143,3.354522705,14.03397878,14.28649616,0.01351833344,0.02746582031,0.08111000061,0.01351833344,0.02735853195,0.08111000061,0.004130045573,0.009307861328
E03105,39.25,22.25,2019-02-23T10:00:00,2019-02-23T15:00:00,2019-02-23T16:00:00,6,6,wet_snow,6,wet_snow,0,6,2.134999593,1.589385986,2.59463501,12.88899946,14.08798122,1.223516464,1.358699799,7.341098785,1.114994287,1.150345802,6.689965725,0.141225179,0.193572998
E02855,39.25,21.75,2019-12-30T11:00:00,2019-12-30T16:00:00,2019-12-30T17:00:00,6,6,wet_snow,6,wet_snow,0,6,2.197967529,1.840606689,2.896636963,13.27068249,14.00744915,0.1670837402,0.2429008484,1.002502441,0.1642584801,0.2425789833,0.9855508804,0.03202819824,0.046875
E00029,40.25,21.75,2012-02-28T10:00:00,2012-02-28T15:00:00,2012-02-28T16:00:00,6,6,wet_snow,6,wet_snow,0,6,0.7512308757,0.5088195801,0.942779541,13.3247215,13.8240366,0.004935264587,0.008583068848,0.02961158752,0.004854798317,0.008690357208,0.0291287899,0.002148946126,0.004821777344
E02605,39.5,22.75,2015-01-05T19:00:00,2015-01-06T00:00:00,2015-01-06T01:00:00,6,6,wet_snow,6,wet_snow,0,6,1.836069743,0.5877990723,3.722198486,11.6620272,13.58469486,0.009369850159,0.01459121704,0.05621910095,0.0003039836884,0.0006437301636,0.00182390213,0.003245035807,0.005249023438
E01458,40,22.25,2018-02-11T01:00:00,2018-02-11T06:00:00,2018-02-11T07:00:00,6,6,wet_snow,6,wet_snow,0,6,2.139211019,1.664825439,2.437164307,9.173467477,13.54355431,1.083898544,1.305484772,6.503391266,0.8926033974,1.007974148,5.355620384,0.1194559733,0.1550292969
E02802,39.25,21.75,2018-01-13T09:00:00,2018-01-13T14:00:00,2018-01-13T15:00:00,6,6,wet_snow,6,wet_snow,0,6,2.308624268,1.908477783,2.600982666,12.56682221,13.24287701,3.363990784,5.060577393,20.1839447,2.767467499,3.718829155,16.6048069,0.3977254232,0.5036621094
E02633,39.5,22.75,2016-12-29T01:00:00,2016-12-29T06:00:00,2016-12-29T07:00:00,6,6,wet_snow,6,wet_snow,0,6,2.923858643,2.420318604,3.696807861,12.747986,13.14445114,0.1306056976,0.4411697388,0.7836341858,0.115442276,0.3970742226,0.692653656,0.01801554362,0.0266418457
E02566,39.5,22.5,2019-02-23T10:00:00,2019-02-23T15:00:00,2019-02-23T16:00:00,6,6,wet_snow,6,wet_snow,0,6,2.058176676,1.480010986,2.327301025,10.67610884,13.06842518,1.110219955,1.187038422,6.661319733,1.01788044,1.097023487,6.107282639,0.0863087972,0.1062011719
E00923,40,21.75,2015-02-11T09:00:00,2015-02-11T14:00:00,2015-02-11T15:00:00,6,6,wet_snow,6,wet_snow,0,6,3.285471598,1.372467041,3.948638916,12.03776773,12.96769333,0.005078315735,0.01072883606,0.03046989441,0.005114078522,0.01078248024,0.03068447113,0.003723144531,0.006072998047
E00720,40.25,22.25,2019-02-13T07:00:00,2019-02-13T12:00:00,2019-02-13T13:00:00,6,6,wet_snow,6,wet_snow,0,6,1.939402262,0.9083557129,2.868804932,11.81100686,12.93493366,0.04212856293,0.07553100586,0.2527713776,0.04203915596,0.07531642914,0.2522349358,0.01262919108,0.02676391602
E00822,40.25,22.75,2019-02-23T07:00:00,2019-02-23T12:00:00,2019-02-23T13:00:00,6,6,wet_snow,6,wet_snow,0,6,3.005503337,2.776275635,3.386871338,11.43568198,12.92564106,1.108002663,1.285743713,6.648015976,0.8186638355,0.88545084,4.911983013,0.2404886882,0.2977905273
E02027,39.75,22.25,2018-02-26T05:00:00,2018-02-26T10:00:00,2018-02-26T11:00:00,6,6,wet_snow,6,wet_snow,0,6,2.059315999,0.9574279785,3.481231689,9.371973038,12.90814686,2.419996262,4.209566116,14.51997757,1.917529106,3.150951862,11.50517464,0.2496744792,0.6653137207
E01003,40,21.75,2018-02-25T21:00:00,2018-02-26T02:00:00,2018-02-26T03:00:00,6,6,wet_snow,6,wet_snow,0,6,1.880482992,1.048492432,2.326568604,9.334075769,12.77789879,2.11930275,2.376651764,12.7158165,1.745840907,2.197909355,10.4750452,0.2371368408,0.3124694824
E00012,40.25,21.75,2012-01-26T09:00:00,2012-01-26T14:00:00,2012-01-26T15:00:00,6,6,wet_snow,6,wet_snow,0,6,2.004730225,1.090362549,2.488922119,12.02296464,12.32698441,0.006508827209,0.008583068848,0.03905296326,0.006571412086,0.008797645569,0.03942847252,0.01226806641,0.02319335938
E01054,40,22,2012-01-07T09:00:00,2012-01-07T14:00:00,2012-01-07T15:00:00,6,6,wet_snow,6,wet_snow,0,6,2.895009359,2.116973877,3.294830322,11.74983851,12.32495022,0.02388954163,0.08068084717,0.1433372498,0.02242326736,0.07408261299,0.1345396042,0.0004577636719,0.001739501953
E00628,40.25,22.25,2015-02-11T09:00:00,2015-02-11T14:00:00,2015-02-11T15:00:00,6,6,wet_snow,6,wet_snow,0,6,2.014312744,0.325592041,2.599029541,11.54948648,12.06144333,0.00536441803,0.009441375732,0.03218650818,0.005427002907,0.009816884995,0.03256201744,0.004033406576,0.007965087891
E02165,39.75,22.75,2015-01-01T07:00:00,2015-01-01T12:00:00,2015-01-01T13:00:00,6,6,wet_snow,6,wet_snow,0,6,2.916575114,2.007354736,3.545196533,11.68193547,11.99737167,0.004863739014,0.01330375671,0.02918243408,0.004899501801,0.01341104507,0.0293970108,0.06110636393,0.1182861328
E01036,40,21.75,2019-12-28T10:00:00,2019-12-28T15:00:00,2019-12-28T16:00:00,6,6,wet_snow,6,wet_snow,0,6,4.523203532,3.293609619,5.146514893,11.08117008,11.92370415,0.005006790161,0.01373291016,0.03004074097,0.003629922867,0.01019239426,0.0217795372,0.003341674805,0.004852294922
E02601,39.5,22.75,2014-12-30T10:00:00,2014-12-30T15:00:00,2014-12-30T16:00:00,6,6,wet_snow,6,wet_snow,0,6,0.09239705404,-0.0008239746094,0.2052307129,10.7236708,11.61683273,1.137471199,1.2591362,6.824827194,1.135584712,1.258921623,6.813508034,0.1464080811,0.1791992188
E01793,39.75,21.75,2019-12-30T08:00:00,2019-12-30T13:00:00,2019-12-30T14:00:00,6,6,wet_snow,6,wet_snow,0,6,3.238759359,1.828033447,4.026641846,10.8361729,11.58362103,0.08726119995,0.1536369324,0.5235671997,0.08692145348,0.1539587975,0.5215287209,0.04126485189,0.06774902344
E00268,40.25,21.75,2019-12-30T10:00:00,2019-12-30T15:00:00,2019-12-30T16:00:00,6,6,wet_snow,6,wet_snow,0,6,2.133473714,1.817169189,2.540313721,11.28576549,11.58069134,0.03876686096,0.09355545044,0.2326011658,0.03874897957,0.09377002716,0.2324938774,0.03690083822,0.05584716797
E00591,40.25,22.25,2012-12-11T06:00:00,2012-12-11T11:00:00,2012-12-11T12:00:00,6,6,wet_snow,6,wet_snow,0,6,0.4087626139,-1.061859131,2.16104126,8.778406779,11.43011665,1.162719727,1.586151123,6.976318359,1.082056761,1.494956017,6.492340565,0.08424886068,0.1981201172
E00267,40.25,21.75,2019-12-29T09:00:00,2019-12-29T14:00:00,2019-12-29T15:00:00,6,6,wet_snow,6,wet_snow,0,6,1.931732178,0.6769104004,2.592437744,10.91052405,11.29034042,0.001859664917,0.004291534424,0.0111579895,0.001734495163,0.003755092621,0.01040697098,0.00395711263,0.005584716797
E02626,39.5,22.75,2016-01-23T11:00:00,2016-01-23T16:00:00,2016-01-23T17:00:00,6,6,wet_snow,6,wet_snow,0,6,2.874928792,2.616973877,3.253082275,9.340339979,11.17962074,0.1267433167,0.2789497375,0.7604598999,0.1031219959,0.2512693405,0.6187319756,0.05229695638,0.1077270508
E00006,40.25,21.75,2012-01-10T09:00:00,2012-01-10T14:00:00,2012-01-10T15:00:00,6,6,wet_snow,6,wet_snow,0,6,2.959747314,1.530670166,3.424713135,10.22692156,11.16912651,0.01466274261,0.02017021179,0.08797645569,0.01464486122,0.02017021179,0.08786916733,0.02507527669,0.04885864258
E00779,40.25,22.5,2019-02-23T07:00:00,2019-02-23T12:00:00,2019-02-23T13:00:00,6,6,wet_snow,6,wet_snow,0,6,0.5842793783,0.3734436035,0.8146057129,10.54554526,10.99567604,0.9406328201,1.002073288,5.643796921,0.9112894535,0.969350338,5.467736721,0.1571095785,0.2038879395
E01673,39.75,21.75,2012-02-27T16:00:00,2012-02-27T21:00:00,2012-02-27T22:00:00,6,6,wet_snow,6,wet_snow,0,6,2.597218831,1.365386963,3.550567627,10.10875909,10.86220455,0.05965232849,0.2012729645,0.3579139709,0.05199015141,0.1623272896,0.3119409084,0.04109700521,0.1149597168
E03136,39.25,22.5,2012-01-31T10:00:00,2012-01-31T15:00:00,2012-01-31T16:00:00,6,6,wet_snow,6,wet_snow,0,6,2.338002523,1.97354126,2.663360596,9.904320081,10.80587959,0.1067876816,0.1879692078,0.6407260895,0.1055717468,0.1836776733,0.633430481,0.1271616618,0.1858520508
E02987,39.25,22,2019-12-30T08:00:00,2019-12-30T13:00:00,2019-12-30T14:00:00,6,6,wet_snow,6,wet_snow,0,6,2.8722229,1.712799072,3.557891846,9.750072638,10.79455853,0.2208709717,0.2969741821,1.32522583,0.2182245255,0.2945065498,1.309347153,0.06126403809,0.1070251465
E00911,40,21.75,2014-12-29T09:00:00,2014-12-29T14:00:00,2014-12-29T15:00:00,6,6,wet_snow,6,wet_snow,0,6,3.342803955,1.36831665,4.722076416,10.11977609,10.666996,0.007295608521,0.01201629639,0.04377365112,0.006419420242,0.01158714294,0.03851652145,0.04382832845,0.07733154297
E03287,39.25,22.75,2015-02-11T08:00:00,2015-02-11T13:00:00,2015-02-11T14:00:00,6,6,wet_snow,6,wet_snow,0,6,4.765899658,3.3644104,5.634918213,9.551952839,10.50908375,0.02102851868,0.05836486816,0.1261711121,0.006741285324,0.008851289749,0.04044771194,0.009078979492,0.01434326172
E02914,39.25,22,2015-02-10T11:00:00,2015-02-10T16:00:00,2015-02-10T17:00:00,6,6,wet_snow,6,wet_snow,0,6,2.345204671,1.128082275,2.975006104,9.576759656,10.46739864,0.005078315735,0.02188682556,0.03046989441,0.002092123032,0.003969669342,0.01255273819,0.004567464193,0.0143737793
E00722,40.25,22.25,2019-02-13T20:00:00,2019-02-14T01:00:00,2019-02-14T02:00:00,6,6,wet_snow,6,wet_snow,0,6,1.645253499,1.098419189,2.517242432,9.084373474,10.35191154,0.04105567932,0.1480579376,0.2463340759,0.02510547638,0.05289316177,0.1506328583,0.07770284017,0.08532714844
E02066,39.75,22.5,2012-02-01T09:00:00,2012-02-01T14:00:00,2012-02-01T15:00:00,6,6,wet_snow,6,wet_snow,0,6,0.6814676921,-0.4292907715,1.278106689,10.08090591,10.30117989,0.09391307831,0.1776695251,0.5634784698,0.09328722954,0.1774549484,0.5597233772,0.08046468099,0.1336975098
E02499,39.5,22.5,2012-02-10T06:00:00,2012-02-10T11:00:00,2012-02-10T12:00:00,6,6,wet_snow,6,wet_snow,0,6,2.592030843,1.439361572,3.732330322,7.024051825,10.27662754,0.2523422241,0.3149986267,1.514053345,0.2443939447,0.3080248833,1.466363668,0.07226053874,0.09127807617
E01271,40,22,2019-12-28T09:00:00,2019-12-28T14:00:00,2019-12-28T15:00:00,6,6,wet_snow,6,wet_snow,0,6,3.852793376,2.480133057,4.476593018,9.886144002,10.18338394,0.01916885376,0.05235671997,0.1150131226,0.008100271225,0.02553462982,0.04860162735,0.003667195638,0.006561279297
E02707,39.25,21.75,2013-12-11T09:00:00,2013-12-11T14:00:00,2013-12-11T15:00:00,6,6,wet_snow,6,wet_snow,0,6,3.252675374,1.678009033,3.890411377,9.383796692,10.10417461,0.1002073288,0.2012729645,0.6012439728,0.09752511978,0.1958012581,0.5851507187,0.1015574137,0.1419067383
E02489,39.5,22.5,2012-01-31T10:00:00,2012-01-31T15:00:00,2012-01-31T16:00:00,6,6,wet_snow,6,wet_snow,0,6,2.46202596,2.155181885,2.664215088,9.201846123,10.07591343,0.009298324585,0.01931190491,0.05578994751,0.009298324585,0.01931190491,0.05578994751,0.1195933024,0.1664733887
E02865,39.25,21.75,2020-02-05T22:00:00,2020-02-06T03:00:00,2020-02-06T04:00:00,6,6,wet_snow,6,wet_snow,0,6,1.342600505,0.8544006348,1.596343994,8.516477903,9.97533989,0.1572847366,0.2257347107,0.9437084198,0.141710043,0.2121090889,0.8502602577,0.07125345866,0.1154785156
E01689,39.75,21.75,2014-01-26T04:00:00,2014-01-26T09:00:00,2014-01-26T10:00:00,6,6,wet_snow,6,wet_snow,0,6,2.392344157,1.949005127,3.140899658,9.659799576,9.967713356,0.169301033,0.3029823303,1.015806198,0.1407265663,0.2104997635,0.8443593979,0.06198628743,0.1359863281
E01484,40,22.25,2019-01-01T09:00:00,2019-01-01T14:00:00,2019-01-01T15:00:00,6,6,wet_snow,6,wet_snow,0,6,3.762827555,2.894683838,4.19241333,9.267384847,9.761677742,0.02074241638,0.04720687866,0.1244544983,0.007671117783,0.02489089966,0.0460267067,0.005798339844,0.008483886719
E00040,40.25,21.75,2012-12-20T08:00:00,2012-12-20T13:00:00,2012-12-20T14:00:00,6,6,wet_snow,6,wet_snow,0,6,4.134348551,1.928131104,5.293487549,9.416410128,9.715679169,0.00307559967,0.006008148193,0.01845359802,0.002798438072,0.00547170639,0.01679062843,0.02370707194,0.03424072266
E03311,39.25,22.75,2017-01-06T16:00:00,2017-01-06T21:00:00,2017-01-06T22:00:00,6,6,wet_snow,6,wet_snow,0,6,3.032948812,1.888580322,4.757232666,8.456289768,9.655359268,0.1887559891,0.476360321,1.132535934,0.1882731915,0.4765748978,1.129639149,0.0750986735,0.1016845703
E03039,39.25,22.25,2015-02-10T11:00:00,2015-02-10T16:00:00,2015-02-10T17:00:00,6,6,wet_snow,6,wet_snow,0,6,3.794423421,2.495269775,4.385162354,8.726010958,9.640327454,0.001287460327,0.002145767212,0.007724761963,0.001385807991,0.002467632294,0.008314847946,0.005859375,0.0185546875
E02223,39.5,21.75,2012-02-27T16:00:00,2012-02-27T21:00:00,2012-02-27T22:00:00,6,6,wet_snow,6,wet_snow,0,6,2.526580811,1.263824463,3.272125244,8.675328096,9.587420464,0.1974105835,0.4888057709,1.184463501,0.1812189817,0.4148840904,1.08731389,0.06424458822,0.1224975586
E02718,39.25,21.75,2014-02-02T10:00:00,2014-02-02T15:00:00,2014-02-02T16:00:00,6,6,wet_snow,6,wet_snow,0,6,2.184254964,1.91116333,2.337188721,9.244360765,9.432695389,0.5443811417,0.6291389465,3.26628685,0.4688501358,0.5370855331,2.813100815,0.1098531087,0.1307067871
E01919,39.75,22,2019-12-30T07:00:00,2019-12-30T12:00:00,2019-12-30T13:00:00,6,6,wet_snow,6,wet_snow,0,6,3.215525309,0.7739562988,4.316314697,8.519654433,9.421502113,0.0816822052,0.1527786255,0.4900932312,0.0814139843,0.1525640488,0.4884839058,0.03042602539,0.05429077148
E02831,39.25,21.75,2018-12-25T10:00:00,2018-12-25T15:00:00,2018-12-25T16:00:00,6,6,wet_snow,6,wet_snow,0,6,4.081878662,3.142852783,4.737335205,8.897013028,9.388040543,0.04270076752,0.08583068848,0.2562046051,0.03959834576,0.08411407471,0.2375900745,0.1450805664,0.3444519043
E02789,39.25,21.75,2017-02-10T15:00:00,2017-02-10T20:00:00,2017-02-10T21:00:00,6,6,wet_snow,6,wet_snow,0,6,2.942433675,2.458526611,3.682647705,7.874531428,9.375821114,0.4236459732,0.4531860352,2.541875839,0.3381192684,0.3831803799,2.028715611,0.3791097005,0.409942627
E03009,39.25,22.25,2012-02-01T09:00:00,2012-02-01T14:00:00,2012-02-01T15:00:00,6,6,wet_snow,6,wet_snow,0,6,1.373524984,-0.6675720215,2.039825439,8.571628571,9.334069252,0.1484155655,0.2780914307,0.8904933929,0.142031908,0.2683281898,0.8521914482,0.08471171061,0.1639099121
E01712,39.75,21.75,2016-01-17T03:00:00,2016-01-17T08:00:00,2016-01-17T09:00:00,6,6,wet_snow,6,wet_snow,0,6,2.206166585,1.811431885,3.05557251,8.875890891,9.309996605,0.04549026489,0.137758255,0.2729415894,0.03258883953,0.09677410126,0.1955330372,0.001352945964,0.003814697266
E01461,40,22.25,2018-02-16T01:00:00,2018-02-16T06:00:00,2018-02-16T07:00:00,6,6,wet_snow,6,wet_snow,0,6,2.462046305,2.240997314,2.775909424,8.124226729,9.201408386,0.2247333527,0.4398822784,1.348400116,0.2078175545,0.4102706909,1.246905327,0.1545257568,0.2114562988
E01899,39.75,22,2018-02-26T05:00:00,2018-02-26T10:00:00,2018-02-26T11:00:00,6,6,wet_snow,6,wet_snow,0,6,1.754628499,0.7582092285,3.188262939,6.073144913,9.178654671,2.12802887,4.242610931,12.76817322,1.968383789,3.957223892,11.81030273,0.2259521484,0.5104370117
E01317,40,22.25,2012-02-16T09:00:00,2012-02-16T14:00:00,2012-02-16T15:00:00,6,6,wet_snow,6,wet_snow,0,6,1.268015544,0.1236877441,2.01675415,7.090135098,9.164374352,0.1893997192,0.3759384155,1.136398315,0.1731991768,0.3602743149,1.039195061,0.008326212565,0.0244140625
E00784,40.25,22.75,2012-01-30T10:00:00,2012-01-30T15:00:00,2012-01-30T16:00:00,6,6,wet_snow,6,wet_snow,0,6,3.011077881,2.977081299,3.077911377,7.752302011,9.1527071,0.03833770752,0.09183883667,0.2300262451,0.02616941929,0.03669261932,0.1570165157,0.09460449219,0.1340026855
E03230,39.25,22.5,2019-02-25T07:00:00,2019-02-25T12:00:00,2019-02-25T13:00:00,6,6,wet_snow,6,wet_snow,0,6,2.235117594,0.08853149414,3.405670166,7.433444023,9.097412109,0.1286029816,0.1828193665,0.7716178894,0.12575984,0.1826047897,0.7545590401,0.2042185465,0.2526245117
E03167,39.25,22.5,2015-12-30T20:00:00,2015-12-31T01:00:00,2015-12-31T02:00:00,6,6,wet_snow,6,wet_snow,0,6,2.838348389,2.578033447,3.118560791,8.518128395,9.036979675,0.2256631851,0.3433227539,1.353979111,0.2034366131,0.2676844597,1.220619678,0.05996704102,0.1132507324
E03112,39.25,22.25,2019-12-30T08:00:00,2019-12-30T13:00:00,2019-12-30T14:00:00,6,6,wet_snow,6,wet_snow,0,6,3.336090088,2.408111572,3.944610596,8.110505581,8.673455238,0.2809524536,0.3699302673,1.685714722,0.2761423588,0.365960598,1.656854153,0.0770517985,0.1137084961
E02047,39.75,22.25,2019-12-30T07:00:00,2019-12-30T12:00:00,2019-12-30T13:00:00,6,6,wet_snow,6,wet_snow,0,6,3.693064372,1.369659424,4.589752197,7.855510553,8.631419182,0.09427070618,0.163936615,0.5656242371,0.08801221848,0.1504182816,0.5280733109,0.04948425293,0.0869140625
E02884,39.25,22,2012-02-01T09:00:00,2012-02-01T14:00:00,2012-02-01T15:00:00,6,6,wet_snow,6,wet_snow,0,6,-0.1980895996,-2.296478271,0.4612121582,7.7236468,8.509850502,0.2213001251,0.4510402679,1.327800751,0.2177774906,0.4431009293,1.306664944,0.08654785156,0.1674804688
E02097,39.75,22.5,2015-12-31T09:00:00,2015-12-31T14:00:00,2015-12-31T15:00:00,6,6,wet_snow,6,wet_snow,0,6,1.588938395,0.5351867676,2.302032471,7.407990615,8.313579559,0.5840778351,0.662612915,3.50446701,0.5784809589,0.6628274918,3.470885754,0.1045837402,0.1432800293
E01250,40,22,2018-12-18T09:00:00,2018-12-18T14:00:00,2018-12-18T15:00:00,6,6,wet_snow,6,wet_snow,0,6,1.970184326,1.312408447,2.209014893,7.859868526,8.311594963,0.4761457443,0.5699157715,2.856874466,0.3729343414,0.4618763924,2.237606049,0.03607177734,0.06698608398
E01455,40,22.25,2018-01-24T10:00:00,2018-01-24T15:00:00,2018-01-24T16:00:00,6,6,wet_snow,6,wet_snow,0,6,3.265716553,2.72366333,3.701324463,8.096400579,8.304980278,0.04992485046,0.09269714355,0.2995491028,0.003111362457,0.006330013275,0.01866817474,0.02144877116,0.03973388672
E01365,40,22.25,2014-01-26T09:00:00,2014-01-26T14:00:00,2014-01-26T15:00:00,6,6,wet_snow,6,wet_snow,0,6,2.043507894,1.213165283,2.428863525,7.161689281,8.198979378,0.2520561218,0.3441810608,1.512336731,0.2229988575,0.3178954124,1.337993145,0.1092071533,0.1676635742
E02516,39.5,22.5,2015-02-11T08:00:00,2015-02-11T13:00:00,2015-02-11T14:00:00,6,6,wet_snow,6,wet_snow,0,6,4.900990804,3.112457275,5.910308838,6.789745808,8.123616219,0.002717971802,0.004720687866,0.01630783081,0.002771615982,0.004667043686,0.01662969589,0.004760742188,0.00927734375
E00741,40.25,22.5,2012-01-30T10:00:00,2012-01-30T15:00:00,2012-01-30T16:00:00,6,6,wet_snow,6,wet_snow,0,6,0.9218851725,0.6686096191,1.200592041,7.149030526,8.061398506,0.09477138519,0.1235961914,0.5686283112,0.08676052094,0.09296536446,0.5205631256,0.103225708,0.1343383789
E00015,40.25,21.75,2012-02-03T11:00:00,2012-02-03T16:00:00,2012-02-03T17:00:00,6,6,wet_snow,6,wet_snow,0,6,0.7276102702,0.2684631348,1.043121338,7.31730032,7.833942413,0.1127958298,0.1253128052,0.6767749786,0.06608963013,0.08744001389,0.3965377808,0.1342519124,0.1556396484
E02946,39.25,22,2016-12-30T09:00:00,2016-12-30T14:00:00,2016-12-30T15:00:00,6,6,wet_snow,6,wet_snow,0,6,1.930409749,0.6194152832,2.456573486,7.476990064,7.806769371,0.004935264587,0.01072883606,0.02961158752,0.004863739014,0.01051425934,0.02918243408,0.006749471029,0.01174926758
E01706,39.75,21.75,2015-02-17T11:00:00,2015-02-17T16:00:00,2015-02-17T17:00:00,6,6,wet_snow,6,wet_snow,0,6,2.407196045,1.720855713,2.881500244,7.324932098,7.735824585,0.2234458923,0.2737998962,1.340675354,0.1951575279,0.2530932426,1.170945168,0.1129353841,0.1400756836
E02112,39.75,22.5,2016-12-13T20:00:00,2016-12-14T01:00:00,2016-12-14T02:00:00,6,6,wet_snow,6,wet_snow,0,6,1.756785075,0.1332092285,3.066314697,5.968562921,7.73045063,0.004577636719,0.01201629639,0.02746582031,0.003290176392,0.009977817535,0.01974105835,0.05304463704,0.06887817383
E03323,39.25,22.75,2019-01-04T16:00:00,2019-01-04T21:00:00,2019-01-04T22:00:00,6,6,wet_snow,6,wet_snow,0,6,0.6050313314,0.3563537598,0.886138916,6.750625451,7.645559311,0.3023386002,0.4574775696,1.814031601,0.2847164869,0.4247546196,1.708298922,0.03929138184,0.05093383789
E01912,39.75,22,2019-02-13T05:00:00,2019-02-13T10:00:00,2019-02-13T11:00:00,6,6,wet_snow,6,wet_snow,0,6,3.953338623,2.772247314,5.679473877,6.99781847,7.481719971,0.01530647278,0.0424861908,0.09183883667,0.01464486122,0.04076957703,0.08786916733,0.0419921875,0.09436035156
E02188,39.75,22.75,2017-01-08T13:00:00,2017-01-08T18:00:00,2017-01-08T19:00:00,6,6,wet_snow,6,wet_snow,0,6,-0.2872212728,-0.9285583496,0.2137756348,7.185336272,7.391757011,0,0,0,0,0,0,0.0009053548177,0.001556396484
E02040,39.75,22.25,2019-02-13T05:00:00,2019-02-13T10:00:00,2019-02-13T11:00:00,6,6,wet_snow,6,wet_snow,0,6,4.385955811,3.385528564,5.753692627,5.779393991,7.365578651,0.03583431244,0.08325576782,0.2150058746,0.03123879433,0.07789134979,0.187432766,0.05939737956,0.1272888184
E00656,40.25,22.25,2016-12-31T09:00:00,2016-12-31T14:00:00,2016-12-31T15:00:00,6,6,wet_snow,6,wet_snow,0,6,0.8014017741,-0.7032165527,1.421783447,6.766933441,7.335575104,0.04370212555,0.07681846619,0.2622127533,0.0438272953,0.07681846619,0.2629637718,0.02285766602,0.04641723633
E00319,40.25,22,2012-02-26T19:00:00,2012-02-27T00:00:00,2012-02-27T01:00:00,6,6,wet_snow,6,wet_snow,0,6,2.14541626,1.62612915,3.168243408,6.254573027,7.229000092,0.7562398911,1.02481842,4.537439346,0.5866259336,0.8460760117,3.519755602,0.1700897217,0.1938476562
E00098,40.25,21.75,2014-02-01T05:00:00,2014-02-01T10:00:00,2014-02-01T11:00:00,6,6,wet_snow,6,wet_snow,0,6,2.887481689,2.635162354,3.104888916,6.209478696,7.173073769,0.03554821014,0.05621910095,0.2132892609,0.0329554081,0.0547170639,0.1977324486,0.1683400472,0.2051391602
E00352,40.25,22,2013-02-09T22:00:00,2013-02-10T03:00:00,2013-02-10T04:00:00,6,3,freezing_rain,3,freezing_rain,6,0,0.5590718587,-0.2923278809,1.101470947,6.69237868,7.158179283,0.01373291016,0.03991127014,0.08239746094,0,0,0,0.00119527181,0.002655029297
E03310,39.25,22.75,2016-12-31T06:00:00,2016-12-31T11:00:00,2016-12-31T12:00:00,6,6,wet_snow,6,wet_snow,0,6,1.73908488,-0.3780212402,3.821685791,6.694851398,7.136706352,0.0168800354,0.0364780426,0.1012802124,0.0168710947,0.03642439842,0.1012265682,0.03135172526,0.1152038574
E03275,39.25,22.75,2015-01-06T19:00:00,2015-01-07T00:00:00,2015-01-07T01:00:00,6,6,wet_snow,6,wet_snow,0,6,1.246775309,0.4850158691,2.328765869,6.870248636,7.128590584,0.004291534424,0.02317428589,0.02574920654,0.001037120819,0.003325939178,0.006222724915,0.0008951822917,0.001312255859
E03300,39.25,22.75,2016-01-18T14:00:00,2016-01-18T19:00:00,2016-01-18T20:00:00,6,6,wet_snow,6,wet_snow,0,6,3.329518636,3.025665283,3.894683838,5.778532028,7.036495209,0.03976821899,0.1210212708,0.238609314,0.03582537174,0.09816884995,0.2149522305,0.006708780924,0.02883911133
E02211,39.5,21.75,2012-01-29T14:00:00,2012-01-29T19:00:00,2012-01-29T20:00:00,6,6,wet_snow,6,wet_snow,0,6,1.705047607,1.315338135,2.305328369,5.371499379,7.015453339,0.1351833344,0.1811027527,0.8111000061,0.1223266125,0.138348341,0.7339596748,0.1653137207,0.2113952637
E03071,39.25,22.25,2016-12-30T09:00:00,2016-12-30T14:00:00,2016-12-30T15:00:00,6,6,wet_snow,6,wet_snow,0,6,3.21979777,1.838165283,3.794464111,6.488871574,6.987433434,0.007796287537,0.01673698425,0.04677772522,0.006848573685,0.01373291016,0.04109144211,0.01101175944,0.02319335938
E02095,39.75,22.5,2015-02-18T09:00:00,2015-02-18T14:00:00,2015-02-18T15:00:00,6,6,wet_snow,6,wet_snow,0,6,3.66893514,1.334503174,4.670318604,5.450742404,6.940672874,0.0634431839,0.1399040222,0.3806591034,0.06331801414,0.1399040222,0.3799080849,0.06815592448,0.09753417969
E02996,39.25,22,2020-02-06T18:00:00,2020-02-06T23:00:00,2020-02-07T00:00:00,6,6,wet_snow,6,wet_snow,0,6,1.1103007,-0.3094177246,2.726959229,5.796562036,6.773727417,0.001931190491,0.006437301636,0.01158714294,0.001841783524,0.004988908768,0.01105070114,0.01715596517,0.04913330078
E01065,40,22,2012-02-03T18:00:00,2012-02-03T23:00:00,2012-02-04T00:00:00,6,3,freezing_rain,3,freezing_rain,6,0,1.335683187,0.6919250488,1.771270752,6.562992573,6.734877586,0.0269651413,0.03561973572,0.1617908478,0.0003397464752,0.001287460327,0.002038478851,0.1402282715,0.1646728516
E01857,39.75,22,2016-01-17T19:00:00,2016-01-18T00:00:00,2016-01-18T01:00:00,6,6,wet_snow,6,wet_snow,0,6,2.008392334,1.648956299,2.236968994,6.202459653,6.613488197,0.1061439514,0.167798996,0.6368637085,0.1048743725,0.167798996,0.6292462349,0.08987935384,0.1473083496
E03262,39.25,22.75,2012-02-29T03:00:00,2012-02-29T08:00:00,2012-02-29T09:00:00,6,6,wet_snow,6,wet_snow,0,6,1.270762126,0.4391174316,2.824005127,5.739401658,6.589209557,0.007295608521,0.01673698425,0.04377365112,0.007081031799,0.01641511917,0.0424861908,0.02273050944,0.05136108398
E00867,40,21.75,2012-12-22T08:00:00,2012-12-22T13:00:00,2012-12-22T14:00:00,6,6,wet_snow,6,wet_snow,0,6,1.673411051,0.7737121582,2.143951416,6.057973862,6.523499489,0.2199411392,0.2746582031,1.319646835,0.1655369997,0.1875400543,0.9932219982,0.03373209635,0.04321289062
E00483,40.25,22,2018-01-14T12:00:00,2018-01-14T17:00:00,2018-01-14T18:00:00,6,6,wet_snow,6,wet_snow,0,6,2.710764567,1.877349854,3.194610596,5.64170297,6.520421028,0.1102924347,0.1330375671,0.6617546082,0.1071631908,0.1327157021,0.6429791451,0.1141815186,0.1443481445
E00167,40.25,21.75,2017-01-16T09:00:00,2017-01-16T14:00:00,2017-01-16T15:00:00,6,6,wet_snow,6,wet_snow,0,6,0.449025472,0.1219787598,0.7335510254,5.833638191,6.321043968,0.2044916153,0.3458976746,1.226949692,0.2043128014,0.3453612328,1.225876808,0.09884643555,0.1232910156
E02977,39.25,22,2019-02-13T23:00:00,2019-02-14T04:00:00,2019-02-14T05:00:00,6,6,wet_snow,6,wet_snow,0,6,2.859893799,2.727935791,3.044708252,6.072040558,6.318800926,0.06287097931,0.130033493,0.3772258759,0.05498528481,0.1049280167,0.3299117088,0.1404673258,0.1569824219
E00664,40.25,22.25,2017-01-18T01:00:00,2017-01-18T06:00:00,2017-01-18T07:00:00,6,6,wet_snow,6,wet_snow,0,6,1.527455648,1.357696533,1.714630127,5.496176561,6.018839836,0.3227233887,0.3630638123,1.936340332,0.2959012985,0.3460049629,1.775407791,0.2534637451,0.3416137695
E02659,39.25,21.75,2012-01-15T10:00:00,2012-01-15T15:00:00,2012-01-15T16:00:00,6,6,wet_snow,6,wet_snow,0,6,3.0753479,2.294830322,4.136138916,5.197223663,5.979417801,0.0008583068848,0.003004074097,0.005149841309,0.0009208917618,0.003165006638,0.005525350571,0.002482096354,0.008209228516
E00103,40.25,21.75,2014-02-04T07:00:00,2014-02-04T12:00:00,2014-02-04T13:00:00,6,6,wet_snow,6,wet_snow,0,6,2.478220622,0.9863586426,3.333648682,5.566313585,5.92066288,0.1142263412,0.1527786255,0.6853580475,0.1097202301,0.1505792141,0.6583213806,0.1197458903,0.1246643066
E01081,40,22,2012-02-22T22:00:00,2012-02-23T03:00:00,2012-02-23T04:00:00,6,3,freezing_rain,3,freezing_rain,6,0,2.070220947,1.787994385,2.2940979,5.226319472,5.882711411,0.008153915405,0.01673698425,0.04892349243,0,0,0,0.02576700846,0.0390625
E01033,40,21.75,2019-02-24T11:00:00,2019-02-24T16:00:00,2019-02-24T17:00:00,6,6,wet_snow,6,wet_snow,0,6,0.7906595866,0.5957336426,1.235992432,5.364213943,5.867119789,0.03454685211,0.04978179932,0.2072811127,0.034314394,0.04913806915,0.205886364,0.02726236979,0.037109375
E01062,40,22,2012-01-27T11:00:00,2012-01-27T16:00:00,2012-01-27T17:00:00,6,6,wet_snow,6,wet_snow,0,6,3.930185954,3.559967041,4.292266846,4.541794618,5.672394753,0.001430511475,0.002574920654,0.008583068848,0.001573562622,0.003165006638,0.009441375732,0.01595052083,0.02688598633
E02710,39.25,21.75,2013-12-17T17:00:00,2013-12-17T22:00:00,2013-12-17T23:00:00,6,6,wet_snow,6,wet_snow,0,6,1.421010335,0.9540100098,2.20791626,5.478860696,5.627719879,0.005078315735,0.01201629639,0.03046989441,0.004675984383,0.01158714294,0.0280559063,0.05974833171,0.1067199707
E02008,39.75,22.25,2017-01-13T23:00:00,2017-01-14T04:00:00,2017-01-14T05:00:00,6,3,freezing_rain,3,freezing_rain,6,0,-0.1036478678,-0.8382263184,0.4625549316,5.450230122,5.612318039,0.04076957703,0.1244544983,0.2446174622,0,0,0,0.03333028158,0.06127929688
E02573,39.5,22.5,2019-12-30T07:00:00,2019-12-30T12:00:00,2019-12-30T13:00:00,6,6,wet_snow,6,wet_snow,0,6,3.269561768,1.338409424,3.950469971,5.175172011,5.516324997,0.1985549927,0.2909660339,1.191329956,0.1958906651,0.2877473831,1.17534399,0.06803385417,0.08312988281
E00980,40,21.75,2017-02-13T07:00:00,2017-02-13T12:00:00,2017-02-13T13:00:00,6,6,wet_snow,6,wet_snow,0,6,2.374847412,1.118804932,3.266021729,4.899175326,5.493761063,0.04577636719,0.0678062439,0.2746582031,0.03735423088,0.05525350571,0.2241253853,0.1723937988,0.198638916
E00262,40.25,21.75,2019-12-04T07:00:00,2019-12-04T12:00:00,2019-12-04T13:00:00,6,6,wet_snow,6,wet_snow,0,6,1.914560954,1.058258057,2.638214111,5.097994169,5.364607811,0.2727985382,0.5218505859,1.636791229,0.2488017082,0.4794180393,1.492810249,0.3332773844,0.4329833984
E01878,39.75,22,2016-12-31T09:00:00,2016-12-31T14:00:00,2016-12-31T15:00:00,6,6,wet_snow,6,wet_snow,0,6,3.469370524,1.269439697,4.40725708,4.745937347,5.316393852,0.002932548523,0.006008148193,0.01759529114,0.003111362457,0.006383657455,0.01866817474,0.002059936523,0.00341796875
E00354,40.25,22,2013-02-17T01:00:00,2013-02-17T06:00:00,2013-02-17T07:00:00,6,6,wet_snow,6,wet_snow,0,6,2.611053467,2.478424072,2.972930908,4.951946894,5.168749809,0.4639148712,0.6454467773,2.783489227,0.4190146923,0.5559682846,2.514088154,0.09143575033,0.1280822754
E01876,39.75,22,2016-12-21T23:00:00,2016-12-22T04:00:00,2016-12-22T05:00:00,6,3,freezing_rain,3,freezing_rain,6,0,-0.4605407715,-1.797698975,0.526763916,4.125371456,5.080067635,0.02202987671,0.06952285767,0.1321792603,1.788139343e-05,0.0001072883606,0.0001072883606,0.07495117188,0.1242980957
E03102,39.25,22.25,2019-02-13T23:00:00,2019-02-14T04:00:00,2019-02-14T05:00:00,6,6,wet_snow,6,wet_snow,0,6,4.12584432,3.864654541,4.355255127,4.455178579,5.074660301,0.08125305176,0.1806735992,0.4875183105,0.04532933235,0.09301900864,0.2719759941,0.1191864014,0.1328430176
E00303,40.25,22,2012-01-28T10:00:00,2012-01-28T15:00:00,2012-01-28T16:00:00,6,6,wet_snow,6,wet_snow,0,6,1.701263428,1.189605713,2.18057251,4.529704094,4.984259605,0.03275871277,0.04591941833,0.1965522766,0.03215074539,0.04570484161,0.1929044724,0.1402689616,0.1773986816
E00243,40.25,21.75,2019-01-14T11:00:00,2019-01-14T16:00:00,2019-01-14T17:00:00,6,6,wet_snow,6,wet_snow,0,6,1.104075114,0.3475646973,1.514801025,4.279220581,4.964279175,0.07667541504,0.1201629639,0.4600524902,0.07399320602,0.1064300537,0.4439592361,0.02163187663,0.04202270508
E00466,40.25,22,2017-02-10T19:00:00,2017-02-11T00:00:00,2017-02-11T01:00:00,6,6,wet_snow,6,wet_snow,0,6,2.151804606,1.526885986,3.132843018,4.690856616,4.926165581,0.09398460388,0.1120090485,0.5639076233,0.0879317522,0.09623765945,0.5275905132,0.159962972,0.1778869629
E02780,39.25,21.75,2017-01-25T09:00:00,2017-01-25T14:00:00,2017-01-25T15:00:00,6,6,wet_snow,6,wet_snow,0,6,2.703145345,2.021026611,3.0909729,4.777329286,4.903966904,0.1506328583,0.1708030701,0.9037971497,0.1010298729,0.1151204109,0.6061792374,0.03293355306,0.03805541992
E01978,39.75,22.25,2015-02-18T10:00:00,2015-02-18T15:00:00,2015-02-18T16:00:00,6,6,wet_snow,6,wet_snow,0,6,4.072255452,3.097686768,4.965362549,4.426919301,4.844179153,0.08611679077,0.2120018005,0.5167007446,0.08612573147,0.2116799355,0.5167543888,0.0762125651,0.1242675781
E02233,39.5,21.75,2014-01-26T23:00:00,2014-01-27T04:00:00,2014-01-27T05:00:00,6,6,wet_snow,6,wet_snow,0,6,0.714263916,-0.08432006836,2.00869751,4.330164274,4.822128296,0.009369850159,0.04205703735,0.05621910095,0.007331371307,0.03057718277,0.04398822784,0.06481933594,0.09878540039
E02004,39.75,22.25,2016-12-21T23:00:00,2016-12-22T04:00:00,2016-12-22T05:00:00,6,3,freezing_rain,3,freezing_rain,6,0,-0.4644470215,-1.5418396,0.433013916,4.154993852,4.740223885,0.0084400177,0.022315979,0.0506401062,0,0,0,0.05000305176,0.06533813477
E01985,39.75,22.25,2016-01-17T19:00:00,2016-01-18T00:00:00,2016-01-18T01:00:00,6,6,wet_snow,6,wet_snow,0,6,3.037363688,2.635284424,3.228424072,4.538885434,4.71212101,0.08811950684,0.1394748688,0.528717041,0.07234811783,0.1326084137,0.434088707,0.08904520671,0.1503295898
E01346,40,22.25,2013-01-26T20:00:00,2013-01-27T01:00:00,2013-01-27T02:00:00,6,6,wet_snow,6,wet_snow,0,6,2.511993408,2.435821533,2.5753479,3.914603551,4.711916924,0.0452041626,0.06265640259,0.2712249756,0.01761317253,0.02510547638,0.1056790352,0.1389465332,0.1581420898
E03176,39.25,22.5,2016-01-20T07:00:00,2016-01-20T12:00:00,2016-01-20T13:00:00,6,6,wet_snow,6,wet_snow,0,6,0.598236084,-0.7680358887,1.733795166,4.396485011,4.700845718,0.4652738571,0.8780479431,2.791643143,0.4579603672,0.8781552315,2.747762203,0.09908548991,0.1535644531
E03121,39.25,22.25,2020-02-06T18:00:00,2020-02-06T23:00:00,2020-02-07T00:00:00,6,6,wet_snow,6,wet_snow,0,6,2.428009033,1.303863525,3.943756104,4.395032088,4.694824219,0.002145767212,0.006008148193,0.01287460327,0.00187754631,0.004506111145,0.01126527786,0.02250671387,0.06033325195
E01850,39.75,22,2015-02-18T10:00:00,2015-02-18T15:00:00,2015-02-18T16:00:00,6,6,wet_snow,6,wet_snow,0,6,4.088857015,2.570343018,5.375518799,4.459796906,4.694218636,0.07266998291,0.1978397369,0.4360198975,0.07263422012,0.1974105835,0.4358053207,0.06907145182,0.1311950684
E00954,40,21.75,2017-01-15T20:00:00,2017-01-16T01:00:00,2017-01-16T02:00:00,6,6,wet_snow,6,wet_snow,0,6,1.526906331,1.440338135,1.587799072,4.231474082,4.630685806,0.4000425339,0.8690357208,2.400255203,0.3695547581,0.8444666862,2.217328548,0.03607686361,0.05639648438
E02944,39.25,22,2016-12-22T01:00:00,2016-12-22T06:00:00,2016-12-22T07:00:00,6,3,freezing_rain,3,freezing_rain,6,0,-1.160858154,-1.774261475,-0.05648803711,4.290082455,4.626945496,0.01602172852,0.0253200531,0.09613037109,0.00416636467,0.01019239426,0.02499818802,0.08336893717,0.1022338867
E01880,39.75,22,2017-01-13T23:00:00,2017-01-14T04:00:00,2017-01-14T05:00:00,6,3,freezing_rain,3,freezing_rain,6,0,0.7749328613,0.3063049316,1.077789307,4.522170226,4.625989914,0.1152276993,0.3038406372,0.6913661957,0,0,0,0.0413462321,0.09036254883
E02136,39.75,22.5,2019-01-05T11:00:00,2019-01-05T16:00:00,2019-01-05T17:00:00,6,6,wet_snow,6,wet_snow,0,6,1.896962484,1.439727783,2.318511963,3.072285175,4.527591705,0.02152919769,0.07853507996,0.1291751862,0.02160072327,0.07826685905,0.1296043396,0.001454671224,0.003356933594
E00505,40.25,22,2018-12-14T01:00:00,2018-12-14T06:00:00,2018-12-14T07:00:00,6,3,freezing_rain,3,freezing_rain,6,0,0.8520202637,0.5825500488,0.9912414551,4.409823895,4.526334763,0.01044273376,0.01459121704,0.06265640259,0.0005722045898,0.003111362457,0.003433227539,0.04641723633,0.07070922852
E00101,40.25,21.75,2014-02-02T20:00:00,2014-02-03T01:00:00,2014-02-03T02:00:00,6,6,wet_snow,6,wet_snow,0,6,0.6801656087,0.190826416,1.343902588,4.202566147,4.442860603,0.0111579895,0.01201629639,0.06694793701,0.009942054749,0.01164078712,0.05965232849,0.1041717529,0.1214294434
E01990,39.75,22.25,2016-01-22T16:00:00,2016-01-22T21:00:00,2016-01-22T22:00:00,6,6,wet_snow,6,wet_snow,0,6,2.347137451,0.8653869629,4.066192627,3.65630881,4.433635712,0.0084400177,0.01802444458,0.0506401062,0.007912516594,0.0185072422,0.04747509956,0.109588623,0.1416015625
E02723,39.25,21.75,2014-02-06T00:00:00,2014-02-06T05:00:00,2014-02-06T06:00:00,6,3,freezing_rain,3,freezing_rain,6,0,0.06655883789,-1.320159912,1.591461182,4.304154714,4.388715744,0.03590583801,0.09355545044,0.2154350281,0.0001430511475,0.0007510185242,0.0008583068848,0.01217142741,0.01977539062
E01725,39.75,21.75,2016-12-16T07:00:00,2016-12-16T12:00:00,2016-12-16T13:00:00,6,6,wet_snow,6,wet_snow,0,6,3.087270101,1.271148682,3.77835083,4.020730019,4.360007286,0.06394386292,0.07209777832,0.3836631775,0.05840063095,0.06287097931,0.3504037857,0.2185262044,0.2598571777
E00504,40.25,22,2018-12-13T09:00:00,2018-12-13T14:00:00,2018-12-13T15:00:00,6,6,wet_snow,6,wet_snow,0,6,1.292958577,0.2328186035,1.960357666,4.230405966,4.344146729,0.0337600708,0.04549026489,0.2025604248,0.03300011158,0.04468560219,0.1980006695,0.05845133464,0.08166503906
E00484,40.25,22,2018-01-14T19:00:00,2018-01-15T00:00:00,2018-01-15T01:00:00,6,6,wet_snow,6,wet_snow,0,6,1.587941488,1.478057861,1.735137939,4.138027032,4.329602242,0.06151199341,0.09441375732,0.3690719604,0.06093978882,0.09334087372,0.3656387329,0.1665039062,0.1851196289
E01900,39.75,22,2018-02-26T19:00:00,2018-02-27T00:00:00,2018-02-27T01:00:00,6,6,wet_snow,6,wet_snow,0,6,1.6512146,1.372955322,1.920806885,3.827540398,4.318320274,0.4411697388,0.5076885223,2.647018433,0.4165738821,0.491809845,2.499443293,0.1685129801,0.1845397949
E00187,40.25,21.75,2017-02-11T21:00:00,2017-02-12T02:00:00,2017-02-12T03:00:00,6,6,wet_snow,6,wet_snow,0,6,1.842844645,1.410552979,2.165924072,4.041388035,4.315736771,0.05006790161,0.06737709045,0.3004074097,0.0476360321,0.06287097931,0.2858161926,0.2787780762,0.3129882812
E00647,40.25,22.25,2016-12-16T19:00:00,2016-12-17T00:00:00,2016-12-17T01:00:00,6,6,wet_snow,6,wet_snow,0,6,2.102467855,0.9117736816,3.078765869,3.74146986,4.274710655,0.0408411026,0.05750656128,0.2450466156,0.04026889801,0.05643367767,0.2416133881,0.02220662435,0.03356933594
E00263,40.25,21.75,2019-12-04T19:00:00,2019-12-05T00:00:00,2019-12-05T01:00:00,6,6,wet_snow,6,wet_snow,0,6,1.128489176,0.6412658691,1.632476807,3.514404615,4.233780861,0.04591941833,0.05707740784,0.27551651,0.01180171967,0.02059936523,0.07081031799,0.2905629476,0.3143005371
E00672,40.25,22.25,2017-01-23T19:00:00,2017-01-24T00:00:00,2017-01-24T01:00:00,6,6,wet_snow,6,wet_snow,0,6,-0.01752726237,-0.3924255371,0.3290100098,3.862326463,4.164689064,0.07452964783,0.1167297363,0.447177887,0.07431507111,0.116622448,0.4458904266,0.1733601888,0.2290039062
E02941,39.25,22,2016-12-17T00:00:00,2016-12-17T05:00:00,2016-12-17T06:00:00,6,6,wet_snow,6,wet_snow,0,6,1.111928304,0.8421936035,1.360992432,3.885942459,4.138584137,0.3800153732,0.3982543945,2.280092239,0.3536403179,0.3854870796,2.121841908,0.2056274414,0.2900390625
E01245,40,22,2018-12-13T09:00:00,2018-12-13T14:00:00,2018-12-13T15:00:00,6,6,wet_snow,6,wet_snow,0,6,1.127268473,0.1468811035,1.620513916,4.073342164,4.110518456,0.08132457733,0.1064300537,0.487947464,0.07502138615,0.09891986847,0.4501283169,0.06793212891,0.09561157227
E01862,39.75,22,2016-01-22T16:00:00,2016-01-22T21:00:00,2016-01-22T22:00:00,6,6,wet_snow,6,wet_snow,0,6,1.997528076,1.132965088,3.931427002,3.154192924,4.007854462,0.01258850098,0.03004074097,0.07553100586,0.01150667667,0.03030896187,0.06904006004,0.1355031331,0.166595459
E02180,39.75,22.75,2016-01-01T05:00:00,2016-01-01T10:00:00,2016-01-01T11:00:00,6,6,wet_snow,6,wet_snow,0,6,1.098887126,0.1393127441,2.999786377,3.866138776,4.001028061,0.007224082947,0.01587867737,0.04334449768,0.00718832016,0.01609325409,0.04312992096,0.04011535645,0.09686279297
E00968,40,21.75,2017-01-24T04:00:00,2017-01-24T09:00:00,2017-01-24T10:00:00,6,6,wet_snow,6,wet_snow,0,6,1.400685628,1.114532471,1.835968018,3.651446819,3.990353584,0.212931633,0.3819465637,1.277589798,0.1708030701,0.3481507301,1.02481842,0.04637654622,0.05914306641
E00328,40.25,22,2012-12-19T01:00:00,2012-12-19T06:00:00,2012-12-19T07:00:00,6,3,freezing_rain,3,freezing_rain,6,0,1.512400309,1.288848877,1.774688721,3.316113472,3.981535912,0.03061294556,0.06265640259,0.1836776733,0.000661611557,0.003969669342,0.003969669342,0.04927062988,0.104675293
E01937,39.75,22.25,2012-01-27T18:00:00,2012-01-27T23:00:00,2012-01-28T00:00:00,6,6,wet_snow,6,wet_snow,0,6,1.991546631,0.6835021973,3.095001221,2.668216228,3.93122673,0.0004291534424,0.0008583068848,0.002574920654,0.0002682209015,0.0007510185242,0.001609325409,0.01887003581,0.02224731445
E02006,39.75,22.25,2016-12-31T09:00:00,2016-12-31T14:00:00,2016-12-31T15:00:00,6,6,wet_snow,6,wet_snow,0,6,3.446909587,1.505767822,4.221710205,3.600917816,3.906246185,0.009655952454,0.01459121704,0.05793571472,0.008511543274,0.01437664032,0.05106925964,0.004425048828,0.006469726562
E00244,40.25,21.75,2019-01-19T01:00:00,2019-01-19T06:00:00,2019-01-19T07:00:00,6,3,freezing_rain,3,freezing_rain,6,0,0.3926086426,0.1659240723,0.6983947754,3.378353596,3.88906765,0.003862380981,0.006008148193,0.02317428589,6.258487701e-05,0.0001072883606,0.0003755092621,0.002080281576,0.003082275391
E00938,40,21.75,2016-01-22T13:00:00,2016-01-22T18:00:00,2016-01-22T19:00:00,6,6,wet_snow,6,wet_snow,0,6,2.93279012,0.7582092285,4.539581299,3.316981634,3.88833046,0.003862380981,0.007724761963,0.02317428589,0.003683567047,0.007832050323,0.02210140228,0.04835001628,0.06433105469
E02263,39.5,21.75,2016-12-17T02:00:00,2016-12-17T07:00:00,2016-12-17T08:00:00,6,6,wet_snow,6,wet_snow,0,6,1.195790609,0.4147033691,1.553985596,3.527310689,3.857611656,0.2771615982,0.3493309021,1.662969589,0.2470850945,0.3287315369,1.482510567,0.2424672445,0.2833862305
E02028,39.75,22.25,2018-02-26T19:00:00,2018-02-27T00:00:00,2018-02-27T01:00:00,6,6,wet_snow,6,wet_snow,0,6,2.132985433,1.553009033,2.659088135,3.23086071,3.803431511,0.4138469696,0.4712104797,2.483081818,0.293380022,0.3354907036,1.760280132,0.2001647949,0.2145385742
E02024,39.75,22.25,2018-01-24T00:00:00,2018-01-24T05:00:00,2018-01-24T06:00:00,6,3,freezing_rain,3,freezing_rain,6,0,1.649851481,1.211090088,2.065826416,3.519386609,3.784275055,0.1179456711,0.1806735992,0.7076740265,0,0,0,0.02290852865,0.0309753418
E01750,39.75,21.75,2017-02-12T22:00:00,2017-02-13T03:00:00,2017-02-13T04:00:00,6,6,wet_snow,6,wet_snow,0,6,1.698313395,1.038726807,1.954864502,2.72348245,3.773738861,0.06787776947,0.1060009003,0.4072666168,0.0626206398,0.08583068848,0.3757238388,0.2362518311,0.2938232422
E00374,40.25,22,2013-12-25T01:00:00,2013-12-25T06:00:00,2013-12-25T07:00:00,6,3,freezing_rain,3,freezing_rain,6,0,0.6270243327,0.1598205566,0.9918518066,3.55651029,3.727236748,0.07781982422,0.1210212708,0.4669189453,0,0,0,0.03108215332,0.124786377
E01471,40,22.25,2018-12-13T08:00:00,2018-12-13T13:00:00,2018-12-13T14:00:00,6,6,wet_snow,6,wet_snow,0,6,1.223093669,0.5074768066,1.899810791,3.548981826,3.643116951,0.1195907593,0.1544952393,0.7175445557,0.1130014658,0.144892931,0.6780087948,0.08575948079,0.1321411133
E00461,40.25,22,2017-01-29T10:00:00,2017-01-29T15:00:00,2017-01-29T16:00:00,6,6,wet_snow,6,wet_snow,0,6,1.226125081,1.111724854,1.416290283,3.502955914,3.634184837,0.2197265625,0.2733707428,1.318359375,0.2195477486,0.2729415894,1.317286491,0.01216379801,0.0163269043
E01809,39.75,22,2012-01-27T18:00:00,2012-01-27T23:00:00,2012-01-28T00:00:00,6,6,wet_snow,6,wet_snow,0,6,2.496754964,1.163970947,3.686798096,2.206139406,3.623609543,0.0004291534424,0.0008583068848,0.002574920654,0.0002682209015,0.0006973743439,0.001609325409,0.01416015625,0.01751708984
E01966,39.75,22.25,2013-12-17T22:00:00,2013-12-18T03:00:00,2013-12-18T04:00:00,6,3,freezing_rain,3,freezing_rain,6,0,-0.3676045736,-0.6961364746,0.286529541,3.354658127,3.607328415,0.03168582916,0.07510185242,0.190114975,0,0,0,0.031153361,0.04370117188
E01896,39.75,22,2018-01-24T00:00:00,2018-01-24T05:00:00,2018-01-24T06:00:00,6,3,freezing_rain,3,freezing_rain,6,0,0.9701639811,0.4239807129,1.546295166,3.439471245,3.587985992,0.06422996521,0.100851059,0.3853797913,0.0004649162292,0.001502037048,0.002789497375,0.02135721842,0.03378295898
E00967,40,21.75,2017-01-23T21:00:00,2017-01-24T02:00:00,2017-01-24T03:00:00,6,6,wet_snow,6,wet_snow,0,6,0.9601745605,0.4005432129,1.24319458,3.341034571,3.520289421,0.1700878143,0.4016876221,1.020526886,0.1334577799,0.3602743149,0.8007466793,0.07050577799,0.1681213379
E00023,40.25,21.75,2012-02-14T12:00:00,2012-02-14T17:00:00,2012-02-14T18:00:00,6,6,wet_snow,6,wet_snow,0,6,0.1600240072,-0.7835388184,0.5832824707,2.954978943,3.369352341,0.01001358032,0.01845359802,0.06008148193,0.009933114052,0.01861453056,0.05959868431,0.001174926758,0.002593994141
E03069,39.25,22.25,2016-12-22T01:00:00,2016-12-22T06:00:00,2016-12-22T07:00:00,6,3,freezing_rain,3,freezing_rain,6,0,-1.144256592,-1.809906006,0.2481994629,3.114463965,3.280265808,0.01609325409,0.02317428589,0.09655952454,1.788139343e-05,0.0001072883606,0.0001072883606,0.07803344727,0.09942626953
E03066,39.25,22.25,2016-12-17T00:00:00,2016-12-17T05:00:00,2016-12-17T06:00:00,6,6,wet_snow,6,wet_snow,0,6,2.158152262,1.767974854,2.609039307,3.029171626,3.272373199,0.35841465,0.4179954529,2.1504879,0.2883553505,0.3363490105,1.730132103,0.1691894531,0.2524719238
E01348,40,22.25,2013-01-27T16:00:00,2013-01-27T21:00:00,2013-01-27T22:00:00,6,6,wet_snow,6,wet_snow,0,6,1.320180257,0.1738586426,1.959014893,2.491024812,3.25167942,0.01909732819,0.0283241272,0.1145839691,0.008529424667,0.02006292343,0.051176548,0.08455403646,0.1360473633
E02442,39.5,22.25,2016-01-20T03:00:00,2016-01-20T08:00:00,2016-01-20T09:00:00,6,6,wet_snow,6,wet_snow,0,6,0.5481058757,0.1961975098,1.484039307,2.098359048,3.168029785,0.4800796509,0.6252765656,2.880477905,0.4790782928,0.6252765656,2.874469757,0.05014038086,0.0637512207
E01838,39.75,22,2013-12-17T22:00:00,2013-12-18T03:00:00,2013-12-18T04:00:00,6,3,freezing_rain,3,freezing_rain,6,0,-0.9873962402,-1.412689209,-0.05722045898,2.787438075,3.118070602,0.006937980652,0.01544952393,0.04162788391,0,0,0,0.03911844889,0.05258178711
E02366,39.5,22,2016-01-20T03:00:00,2016-01-20T08:00:00,2016-01-20T09:00:00,6,6,wet_snow,6,wet_snow,0,6,0.1382751465,-0.2120056152,0.9859924316,2.354055663,3.081115723,0.5643367767,0.7381439209,3.38602066,0.5634784698,0.7381439209,3.380870819,0.07625325521,0.09378051758
E02464,39.5,22.25,2019-01-04T10:00:00,2019-01-04T15:00:00,2019-01-04T16:00:00,6,6,wet_snow,6,wet_snow,0,6,0.3231506348,-0.1852722168,1.004180908,2.089517593,2.897396088,0.6413698196,0.9402751923,3.848218918,0.6125986576,0.9178519249,3.675591946,0.074315389,0.1084289551
E02388,39.5,22,2019-01-04T10:00:00,2019-01-04T15:00:00,2019-01-04T16:00:00,6,6,wet_snow,6,wet_snow,0,6,-0.4232686361,-0.8680114746,0.1428527832,2.295735041,2.858333588,0.5895853043,0.8823394775,3.537511826,0.5667507648,0.8766531944,3.400504589,0.08816019694,0.140625
E02539,39.5,22.5,2016-12-31T15:00:00,2016-12-31T20:00:00,2016-12-31T21:00:00,6,6,wet_snow,6,wet_snow,0,6,2.203684489,0.350982666,3.240753174,2.075835546,2.72475338,0.001502037048,0.002145767212,0.00901222229,0.001305341721,0.002360343933,0.007832050323,0.004379272461,0.01486206055
E02280,39.5,21.75,2017-02-12T01:00:00,2017-02-12T06:00:00,2017-02-12T07:00:00,6,6,wet_snow,6,wet_snow,0,6,1.189137777,0.761138916,1.406768799,2.538014094,2.691031456,0.02281665802,0.0283241272,0.1368999481,0.02111792564,0.02864599228,0.1267075539,0.2381795247,0.2428894043
E02786,39.25,21.75,2017-01-31T16:00:00,2017-01-31T21:00:00,2017-01-31T22:00:00,6,6,wet_snow,6,wet_snow,0,6,1.541473389,-1.329925537,3.86050415,2.35431846,2.676567078,0,0,0,5.36441803e-05,0.0001072883606,0.0003218650818,0.01362609863,0.0251159668
E03213,39.25,22.5,2018-12-13T04:00:00,2018-12-13T09:00:00,2018-12-13T10:00:00,6,3;6,freezing_rain;wet_snow,3,freezing_rain,3,3,0.2017313639,-1.389251709,1.666412354,2.13585345,2.593568802,0.5207061768,1.668548584,3.124237061,0.3449320793,1.262891293,2.069592476,0.05870564779,0.1852722168
E01767,39.75,21.75,2018-01-26T02:00:00,2018-01-26T07:00:00,2018-01-26T08:00:00,6,6,wet_snow,6,wet_snow,0,6,-1.499440511,-1.835540771,-1.301605225,2.235469659,2.362900734,0.0002145767212,0.001287460327,0.001287460327,0.0002235174179,0.001180171967,0.001341104507,0.04935201009,0.1277160645
E02281,39.5,21.75,2017-02-13T01:00:00,2017-02-13T06:00:00,2017-02-13T07:00:00,6,6,wet_snow,6,wet_snow,0,6,1.29796346,0.7809143066,1.861114502,2.059706529,2.165564537,0.05478858948,0.05793571472,0.3287315369,0.05176663399,0.05525350571,0.3105998039,0.238764445,0.2704467773
E00975,40,21.75,2017-01-30T00:00:00,2017-01-30T05:00:00,2017-01-30T06:00:00,6,6,wet_snow,6,wet_snow,0,6,1.951873779,1.686676025,2.288726807,1.878959338,1.999418259,0.08218288422,0.09441375732,0.4930973053,0.06336271763,0.07349252701,0.3801763058,0.05783589681,0.06655883789
E02110,39.75,22.5,2016-01-24T16:00:00,2016-01-24T21:00:00,2016-01-24T22:00:00,6,6,wet_snow,6,wet_snow,0,6,2.308502197,1.389556885,3.785186768,1.755097866,1.98835659,0.002002716064,0.005149841309,0.01201629639,0.002092123032,0.005042552948,0.01255273819,0.000239054362,0.0006713867188
E01072,40,22,2012-02-06T18:00:00,2012-02-06T22:00:00,2012-02-06T23:00:00,5,6,wet_snow,6,wet_snow,0,5,2.78862915,2.497589111,3.106842041,19.25830383,24.14744568,2.360858917,3.905296326,11.80429459,1.993803978,3.678810596,9.96901989,0.1269897461,0.2477111816
E01611,40,22.75,2015-02-09T21:00:00,2015-02-10T01:00:00,2015-02-10T02:00:00,5,6,wet_snow,6,wet_snow,0,5,3.960015869,3.239898682,4.881500244,17.1630352,17.44792366,0.007553100586,0.02403259277,0.03776550293,0.0001502037048,0.0006973743439,0.0007510185242,0.003192138672,0.004730224609
E02731,39.25,21.75,2015-01-12T10:00:00,2015-01-12T14:00:00,2015-01-12T15:00:00,5,6,wet_snow,6,wet_snow,0,5,4.493756104,3.931915283,5.313018799,15.50018768,16.83858299,0.09132385254,0.24933815,0.4566192627,0.06673336029,0.1354515553,0.3336668015,0.1138366699,0.2119750977
E00623,40.25,22.25,2015-01-06T09:00:00,2015-01-06T13:00:00,2015-01-06T14:00:00,5,6,wet_snow,6,wet_snow,0,5,1.088189697,0.427520752,1.609893799,16.04824066,16.71222687,0.05441665649,0.08325576782,0.2720832825,0.0541806221,0.08389949799,0.2709031105,0.001898193359,0.004699707031
E00627,40.25,22.25,2015-02-10T11:00:00,2015-02-10T15:00:00,2015-02-10T16:00:00,5,6,wet_snow,6,wet_snow,0,5,0.3960510254,0.1131896973,0.5726623535,15.01406498,16.08563995,0.01184463501,0.02145767212,0.05922317505,0.01198410988,0.02167224884,0.05992054939,0.002062988281,0.004669189453
E00948,40,21.75,2016-12-28T13:00:00,2016-12-28T17:00:00,2016-12-28T18:00:00,5,6,wet_snow,6,wet_snow,0,5,3.59697876,1.525909424,5.617218018,12.53499622,15.59968948,0.03433227539,0.1527786255,0.171661377,0.02071738243,0.09532570839,0.1035869122,0.0002258300781,0.0008239746094
E01244,40,22,2018-02-28T10:00:00,2018-02-28T14:00:00,2018-02-28T15:00:00,5,6,wet_snow,6,wet_snow,0,5,3.650494385,3.2394104,3.898834229,13.77310314,14.25769424,0.002746582031,0.006008148193,0.01373291016,0.002875328064,0.006330013275,0.01437664032,0.001843261719,0.002410888672
E02613,39.5,22.75,2015-02-09T23:00:00,2015-02-10T03:00:00,2015-02-10T04:00:00,5,6,wet_snow,6,wet_snow,0,5,2.614263916,1.575592041,3.649078369,13.10044441,14.24452972,0.02875328064,0.0536441803,0.1437664032,0.02563118935,0.04425644875,0.1281559467,0.008917236328,0.01040649414
E00288,40.25,21.75,2020-02-22T05:00:00,2020-02-22T09:00:00,2020-02-22T10:00:00,5,6,wet_snow,6,wet_snow,0,5,3.202032471,1.884796143,4.944610596,10.19830627,14.15170002,0.01098632812,0.03690719604,0.05493164062,0.007874965668,0.02800226212,0.03937482834,0.006500244141,0.01928710938
E00272,40.25,21.75,2020-01-06T10:00:00,2020-01-06T14:00:00,2020-01-06T15:00:00,5,6,wet_snow,6,wet_snow,0,5,2.489263916,1.892730713,2.895172119,13.67451363,14.01368141,0.000171661377,0.0004291534424,0.0008583068848,0.0002360343933,0.0004291534424,0.001180171967,0.002404785156,0.003112792969
E00525,40.25,22,2019-02-13T10:00:00,2019-02-13T14:00:00,2019-02-13T15:00:00,5,6,wet_snow,6,wet_snow,0,5,2.16338501,1.625640869,2.68460083,13.43095398,13.99938679,0.02489089966,0.05664825439,0.1244544983,0.02514839172,0.05697011948,0.1257419586,0.003338623047,0.005645751953
E00816,40.25,22.75,2019-01-04T00:00:00,2019-01-04T04:00:00,2019-01-04T05:00:00,5,6,wet_snow,6,wet_snow,0,5,3.398931885,2.892242432,3.912506104,12.12938728,13.95492077,0.144109726,0.2235889435,0.7205486298,0.09709596634,0.1424789429,0.4854798317,0.04813842773,0.06173706055
E00851,40,21.75,2012-02-28T11:00:00,2012-02-28T15:00:00,2012-02-28T16:00:00,5,6,wet_snow,6,wet_snow,0,5,1.84307251,1.576324463,2.141998291,13.55408993,13.88576221,0.001287460327,0.002574920654,0.006437301636,0.001341104507,0.002574920654,0.006705522537,0.0009643554688,0.001495361328
E00587,40.25,22.25,2012-02-28T10:00:00,2012-02-28T14:00:00,2012-02-28T15:00:00,5,6,wet_snow,6,wet_snow,0,5,0.8053039551,0.5752258301,0.940826416,13.49645004,13.86232471,0.006351470947,0.01029968262,0.03175735474,0.006308555603,0.01029968262,0.03154277802,0.003356933594,0.005462646484
E02164,39.75,22.75,2015-01-01T01:00:00,2015-01-01T05:00:00,2015-01-01T06:00:00,5,6,wet_snow,6,wet_snow,0,5,2.624346924,2.291534424,3.028106689,12.80543041,13.67336845,0.01819610596,0.04549026489,0.09098052979,0.01578211784,0.03722906113,0.07891058922,0.03118286133,0.03866577148
E01546,40,22.5,2015-02-09T21:00:00,2015-02-10T01:00:00,2015-02-10T02:00:00,5,6,wet_snow,6,wet_snow,0,5,-0.9954528809,-2.467132568,0.6451721191,13.44487095,13.60488129,0.001029968262,0.002574920654,0.005149841309,0.00100851059,0.002253055573,0.005042552948,0.001477050781,0.001739501953
E01238,40,22,2018-02-10T20:00:00,2018-02-11T00:00:00,2018-02-11T01:00:00,5,6,wet_snow,6,wet_snow,0,5,2.280401611,2.048370361,2.653961182,12.10425396,13.2191391,1.690349579,2.662467957,8.451747894,1.204762459,1.605784893,6.023812294,0.05201416016,0.06845092773
E00495,40.25,22,2018-02-15T07:00:00,2018-02-15T11:00:00,2018-02-15T12:00:00,5,6,wet_snow,6,wet_snow,0,5,2.414337158,1.500274658,3.307769775,11.6899868,13.1432209,0.3341388702,0.5089759827,1.670694351,0.3257167339,0.4995346069,1.62858367,0.03876342773,0.06698608398
E02313,39.5,21.75,2019-02-23T08:00:00,2019-02-23T12:00:00,2019-02-23T13:00:00,5,6,wet_snow,6,wet_snow,0,5,1.506182861,0.6730041504,2.104400635,12.08612766,13.05770779,1.2266922,1.752662659,6.133460999,1.127010584,1.471084356,5.635052681,0.1543457031,0.202911377
E00721,40.25,22.25,2019-02-13T14:00:00,2019-02-13T18:00:00,2019-02-13T19:00:00,5,6,wet_snow,6,wet_snow,0,5,3.112823486,2.523468018,3.572540283,11.46258297,13.04536247,0.001287460327,0.002574920654,0.006437301636,0.001287460327,0.002467632294,0.006437301636,0.006146240234,0.01550292969
E02854,39.25,21.75,2019-12-29T10:00:00,2019-12-29T14:00:00,2019-12-29T15:00:00,5,6,wet_snow,6,wet_snow,0,5,2.241680908,1.642608643,2.630157471,12.18795471,12.89375877,0.005321502686,0.0111579895,0.02660751343,0.005353689194,0.01174807549,0.02676844597,0.0046875,0.007904052734
E01041,40,21.75,2020-01-05T14:00:00,2020-01-05T18:00:00,2020-01-05T19:00:00,5,6,wet_snow,6,wet_snow,0,5,3.417144775,2.598175049,3.970001221,12.1005434,12.86010838,0.0819683075,0.1098632812,0.4098415375,0.0733423233,0.1098632812,0.3667116165,0.003680419922,0.008911132812
E00795,40.25,22.75,2014-01-27T01:00:00,2014-01-27T05:00:00,2014-01-27T06:00:00,5,6,wet_snow,6,wet_snow,0,5,3.419683838,3.3722229,3.463775635,12.51342449,12.84286404,0.0216293335,0.04119873047,0.1081466675,0.006716251373,0.01019239426,0.03358125687,0.07720947266,0.1161499023
E02637,39.5,22.75,2017-01-06T14:00:00,2017-01-06T18:00:00,2017-01-06T19:00:00,5,6,wet_snow,6,wet_snow,0,5,2.999908447,1.7940979,4.348297119,11.95366783,12.80084991,0.004463195801,0.01759529114,0.022315979,0.004484653473,0.01748800278,0.02242326736,0.02561645508,0.05993652344
E01241,40,22,2018-02-15T16:00:00,2018-02-15T20:00:00,2018-02-15T21:00:00,5,6,wet_snow,6,wet_snow,0,5,2.691973877,2.299957275,3.091827393,11.26055717,12.64621353,0.3071880341,0.3926753998,1.53594017,0.1796650887,0.2490162849,0.8983254433,0.003137207031,0.004821777344
E01587,40,22.75,2012-01-30T20:00:00,2012-01-31T00:00:00,2012-01-31T01:00:00,5,6,wet_snow,6,wet_snow,0,5,1.065899658,0.5782775879,1.652130127,12.06252079,12.53091621,0.1118373871,0.1270294189,0.5591869354,0.1059901714,0.1255273819,0.5299508572,0.1482116699,0.1605529785
E00126,40.25,21.75,2015-02-11T10:00:00,2015-02-11T14:00:00,2015-02-11T15:00:00,5,6,wet_snow,6,wet_snow,0,5,2.877838135,2.475250244,3.105621338,12.09611855,12.51033497,0.004892349243,0.008583068848,0.02446174622,0.004967451096,0.008583068848,0.02483725548,0.002239990234,0.004943847656
E02608,39.5,22.75,2015-01-06T17:00:00,2015-01-06T21:00:00,2015-01-06T22:00:00,5,6,wet_snow,6,wet_snow,0,5,1.232281494,0.3270568848,1.910308838,10.45543213,12.38341141,0.06986618042,0.2120018005,0.3493309021,0.01974105835,0.09452104568,0.09870529175,0.001940917969,0.004699707031
E02857,39.25,21.75,2020-01-02T08:00:00,2020-01-02T12:00:00,2020-01-02T13:00:00,5,6,wet_snow,6,wet_snow,0,5,3.5956604,2.403961182,4.605987549,10.27075329,11.55996227,8.583068848e-05,0.0004291534424,0.0004291534424,0.0001072883606,0.0002145767212,0.000536441803,0.006024169922,0.009643554688
E02151,39.75,22.75,2012-01-30T13:00:00,2012-01-30T17:00:00,2012-01-30T18:00:00,5,6,wet_snow,6,wet_snow,0,5,2.411114502,2.291656494,2.516265869,11.03557053,11.3270874,0.02557754517,0.04377365112,0.1278877258,0.02379655838,0.03792643547,0.1189827919,0.1527648926,0.1751708984
E00001,40.25,21.75,2012-01-06T14:00:00,2012-01-06T18:00:00,2012-01-06T19:00:00,5,6,wet_snow,6,wet_snow,0,5,1.98291626,1.4659729,3.312164307,10.69690857,11.26723385,1.11571312,1.873254776,5.578565598,0.6373357773,1.144230366,3.186678886,0.1438171387,0.3849182129
E01714,39.75,21.75,2016-01-18T10:00:00,2016-01-18T14:00:00,2016-01-18T15:00:00,5,6,wet_snow,6,wet_snow,0,5,1.819732666,1.414093018,2.470611572,10.66850166,11.17191792,0.006608963013,0.01201629639,0.03304481506,0.006608963013,0.01190900803,0.03304481506,0.003100585937,0.009704589844
E00007,40.25,21.75,2012-01-11T09:00:00,2012-01-11T13:00:00,2012-01-11T14:00:00,5,6,wet_snow,6,wet_snow,0,5,3.129766846,1.890411377,3.582305908,10.25019855,11.02632523,0.0003433227539,0.001287460327,0.00171661377,0.0004291534424,0.001287460327,0.002145767212,0.002673339844,0.003875732422
E02271,39.5,21.75,2017-01-06T10:00:00,2017-01-06T14:00:00,2017-01-06T15:00:00,5,6,wet_snow,6,wet_snow,0,5,2.947906494,0.8385314941,3.801422119,10.52220974,10.95557022,0.006008148193,0.0111579895,0.03004074097,0.005654096603,0.01083612442,0.02827048302,0.01170654297,0.03085327148
E01037,40,21.75,2019-12-29T09:00:00,2019-12-29T13:00:00,2019-12-29T14:00:00,5,6,wet_snow,6,wet_snow,0,5,3.25322876,1.44644165,3.826446533,10.30391617,10.94366074,0.0005149841309,0.0008583068848,0.002574920654,0.0005042552948,0.0009655952454,0.002521276474,0.00380859375,0.005615234375
E02853,39.25,21.75,2019-12-28T11:00:00,2019-12-28T15:00:00,2019-12-28T16:00:00,5,6,wet_snow,6,wet_snow,0,5,3.93928833,2.672515869,4.638336182,10.407407,10.89526749,0.001373291016,0.002574920654,0.006866455078,0.001544952393,0.003004074097,0.007724761963,0.002673339844,0.004791259766
E03283,39.25,22.75,2015-02-10T04:00:00,2015-02-10T08:00:00,2015-02-10T09:00:00,5,6,wet_snow,6,wet_snow,0,5,1.607965088,0.7430725098,2.572418213,8.811222458,10.70289612,0.01974105835,0.04205703735,0.09870529175,0.01721978188,0.02880692482,0.08609890938,0.005712890625,0.008392333984
E02078,39.75,22.5,2012-02-27T22:00:00,2012-02-28T02:00:00,2012-02-28T03:00:00,5,6,wet_snow,6,wet_snow,0,5,3.716949463,3.033599854,4.858795166,8.716247749,10.602355,0.00617980957,0.009441375732,0.03089904785,0.005503892899,0.008368492126,0.02751946449,0.06889648437,0.1203308105
E02318,39.5,21.75,2019-12-30T08:00:00,2019-12-30T12:00:00,2019-12-30T13:00:00,5,6,wet_snow,6,wet_snow,0,5,3.153057861,1.894439697,3.869049072,9.563245773,10.5650568,0.0968170166,0.1759529114,0.484085083,0.0964307785,0.1750946045,0.4821538925,0.03983154297,0.08059692383
E00298,40.25,22,2012-01-21T01:00:00,2012-01-21T05:00:00,2012-01-21T06:00:00,5,3,freezing_rain,3,freezing_rain,5,0,0.1523986816,-0.4578552246,0.6969299316,10.28015003,10.55777359,0.02660751343,0.0364780426,0.1330375671,0,0,0,0.01359863281,0.03497314453
E00112,40.25,21.75,2014-12-29T07:00:00,2014-12-29T11:00:00,2014-12-29T12:00:00,5,6,wet_snow,6,wet_snow,0,5,1.71885376,1.453521729,2.229888916,9.400629616,10.52146053,0.02729415894,0.1029968262,0.1364707947,0.0208568573,0.08068084717,0.1042842865,0.04865112305,0.07208251953
E01061,40,22,2012-01-26T10:00:00,2012-01-26T14:00:00,2012-01-26T15:00:00,5,6,wet_snow,6,wet_snow,0,5,2.93057251,2.36819458,3.156890869,10.16479282,10.51545715,0.003433227539,0.008583068848,0.0171661377,0.003454685211,0.008797645569,0.01727342606,0.009222412109,0.01599121094
E02619,39.5,22.75,2015-02-18T08:00:00,2015-02-18T12:00:00,2015-02-18T13:00:00,5,6,wet_snow,6,wet_snow,0,5,3.381085205,2.223175049,4.160186768,9.771654129,10.49875736,0.008153915405,0.01502037048,0.04076957703,0.008068084717,0.01512765884,0.04034042358,0.05458984375,0.06713867188
E00644,40.25,22.25,2016-02-05T08:00:00,2016-02-05T12:00:00,2016-02-05T13:00:00,5,6,wet_snow,6,wet_snow,0,5,2.815899658,2.470367432,3.150787354,10.03500729,10.4633255,0.4275226593,0.6338596344,2.137613297,0.4055285454,0.6117582321,2.027642727,0.1221679687,0.198638916
E00730,40.25,22.25,2019-12-28T11:00:00,2019-12-28T15:00:00,2019-12-28T16:00:00,5,6,wet_snow,6,wet_snow,0,5,3.664678955,2.416656494,4.478546143,9.98182106,10.40319633,0.03038406372,0.04806518555,0.1519203186,0.0152349472,0.03207921982,0.07617473602,0.002777099609,0.004180908203
E00286,40.25,21.75,2020-02-20T20:00:00,2020-02-21T00:00:00,2020-02-21T01:00:00,5,6,wet_snow,6,wet_snow,0,5,2.099639893,1.663238525,2.608428955,9.012360382,10.39130592,0.01510620117,0.0506401062,0.07553100586,0.01184463501,0.0364780426,0.05922317505,0.005206298828,0.007598876953
E02063,39.75,22.5,2012-01-29T23:00:00,2012-01-30T03:00:00,2012-01-30T04:00:00,5,6,wet_snow,6,wet_snow,0,5,2.348931885,1.450469971,2.88381958,10.00648651,10.25429821,0.03098487854,0.06737709045,0.1549243927,0.0289785862,0.05761384964,0.144892931,0.05564575195,0.09600830078
E03312,39.25,22.75,2017-01-10T13:00:00,2017-01-10T17:00:00,2017-01-10T18:00:00,5,6,wet_snow,6,wet_snow,0,5,-0.1558044434,-0.7094421387,0.4068908691,7.581103706,9.72773838,0.1728630066,0.4463195801,0.864315033,0.172970295,0.4467487335,0.8648514748,0.002032470703,0.008056640625
E01522,40,22.5,2012-01-30T20:00:00,2012-01-31T00:00:00,2012-01-31T01:00:00,5,6,wet_snow,6,wet_snow,0,5,-1.656365967,-2.255706787,-1.150604248,9.29298954,9.620027542,0.2129459381,0.2377510071,1.064729691,0.2101027966,0.2381801605,1.050513983,0.1453063965,0.1710510254
E00148,40.25,21.75,2016-02-04T22:00:00,2016-02-05T02:00:00,2016-02-05T03:00:00,5,6,wet_snow,6,wet_snow,0,5,2.152008057,1.598052979,3.177276611,8.855296135,9.550411224,0.09716033936,0.1278877258,0.4858016968,0.06235599518,0.1014947891,0.3117799759,0.02162475586,0.03549194336
E01626,40,22.75,2016-01-20T06:00:00,2016-01-20T10:00:00,2016-01-20T11:00:00,5,6,wet_snow,6,wet_snow,0,5,3.352740479,3.112701416,3.508453369,8.711524391,9.548462868,0.1479721069,0.1871109009,0.7398605347,0.09460687637,0.1455903053,0.4730343819,0.05076293945,0.07092285156
E00773,40.25,22.5,2019-01-04T00:00:00,2019-01-04T04:00:00,2019-01-04T05:00:00,5,6,wet_snow,6,wet_snow,0,5,-0.2998962402,-0.7425231934,0.2894592285,8.325481033,9.505702019,0.1738929749,0.2175807953,0.8694648743,0.1635932922,0.2035260201,0.8179664612,0.03907470703,0.05752563477
E01782,39.75,21.75,2019-01-26T03:00:00,2019-01-26T07:00:00,2019-01-26T08:00:00,5,6,wet_snow,6,wet_snow,0,5,2.1659729,1.79019165,2.602935791,8.894072723,9.476377487,0.009784698486,0.01544952393,0.04892349243,0.008851289749,0.01228451729,0.04425644875,0.0007202148438,0.001495361328
E02635,39.5,22.75,2016-12-31T06:00:00,2016-12-31T10:00:00,2016-12-31T11:00:00,5,6,wet_snow,6,wet_snow,0,5,1.311627197,-0.6436462402,3.932281494,7.653353691,9.46385479,0.02300262451,0.03991127014,0.1150131226,0.02160787582,0.03771185875,0.1080393791,0.04195556641,0.1223754883
E01255,40,22,2019-01-01T08:00:00,2019-01-01T12:00:00,2019-01-01T13:00:00,5,6,wet_snow,6,wet_snow,0,5,4.298492432,2.836090088,5.280303955,8.377317238,9.390667915,0.03879547119,0.06952285767,0.193977356,0.01890420914,0.0501036644,0.09452104568,0.005895996094,0.01019287109
E01663,39.75,21.75,2012-02-07T00:00:00,2012-02-07T04:00:00,2012-02-07T05:00:00,5,6,wet_snow,6,wet_snow,0,5,2.958746338,2.564361572,3.255767822,8.509863281,9.36896801,1.429510117,3.042268753,7.147550583,1.229331493,2.486407757,6.146657467,0.2301879883,0.2593688965
E02642,39.5,22.75,2019-01-03T20:00:00,2019-01-04T00:00:00,2019-01-04T01:00:00,5,6,wet_snow,6,wet_snow,0,5,2.007281494,1.394927979,2.664459229,8.061708069,9.310071945,0.2767181396,0.4600524902,1.383590698,0.2344679832,0.3615617752,1.172339916,0.007525634766,0.01458740234
E01845,39.75,22,2015-02-10T12:00:00,2015-02-10T16:00:00,2015-02-10T17:00:00,5,6,wet_snow,6,wet_snow,0,5,3.774127197,2.749176025,4.361724854,8.870002174,9.300483704,0.006008148193,0.0141620636,0.03004074097,0.003175735474,0.005578994751,0.01587867737,0.003961181641,0.006500244141
E01947,39.75,22.25,2012-02-07T19:00:00,2012-02-07T23:00:00,2012-02-08T00:00:00,5,6,wet_snow,6,wet_snow,0,5,2.127764893,1.687164307,2.494903564,7.293079758,9.269980431,0.4740428925,0.5561828613,2.370214462,0.3656172752,0.4295825958,1.828086376,0.199987793,0.234375
E01940,39.75,22.25,2012-01-30T09:00:00,2012-01-30T13:00:00,2012-01-30T14:00:00,5,6,wet_snow,6,wet_snow,0,5,1.894732666,1.434967041,2.202545166,8.67304554,9.183707237,0.06025314331,0.06737709045,0.3012657166,0.06009221077,0.06721615791,0.3004610538,0.176940918,0.2106018066
E00247,40.25,21.75,2019-01-26T11:00:00,2019-01-26T15:00:00,2019-01-26T16:00:00,5,6,wet_snow,6,wet_snow,0,5,2.301251221,1.725006104,2.704864502,8.719665909,9.097465515,0.08213996887,0.1098632812,0.4106998444,0.07694721222,0.108897686,0.3847360611,0.003295898438,0.01165771484
E01729,39.75,21.75,2016-12-30T09:00:00,2016-12-30T13:00:00,2016-12-30T14:00:00,5,6,wet_snow,6,wet_snow,0,5,2.611602783,0.9006652832,3.218780518,8.063676643,9.04017067,0.0006866455078,0.001287460327,0.003433227539,0.0006651878357,0.001072883606,0.003325939178,0.002746582031,0.003448486328
E00957,40,21.75,2017-01-18T03:00:00,2017-01-18T07:00:00,2017-01-18T08:00:00,5,6,wet_snow,6,wet_snow,0,5,1.725714111,1.512115479,2.003692627,5.310041428,8.929585457,0.2066802979,0.368642807,1.033401489,0.1476073265,0.2453684807,0.7380366325,0.09602661133,0.2297668457
E02837,39.25,21.75,2019-01-09T10:00:00,2019-01-09T14:00:00,2019-01-09T15:00:00,5,6,wet_snow,6,wet_snow,0,5,0.1582092285,-0.256439209,0.9129943848,8.744182968,8.877047539,2.448921204,3.017807007,12.24460602,2.32571125,2.764499187,11.62855625,0.1839111328,0.217376709
E01973,39.75,22.25,2015-02-10T12:00:00,2015-02-10T16:00:00,2015-02-10T17:00:00,5,6,wet_snow,6,wet_snow,0,5,3.928033447,2.8800354,4.449615479,8.393830299,8.815132141,0.001459121704,0.003004074097,0.007295608521,0.001437664032,0.003218650818,0.00718832016,0.003363037109,0.008575439453
E03306,39.25,22.75,2016-12-28T23:00:00,2016-12-29T03:00:00,2016-12-29T04:00:00,5,6,wet_snow,6,wet_snow,0,5,2.005084229,1.471099854,2.41897583,8.514356804,8.759239197,0.6639862061,0.9424209595,3.31993103,0.640103817,0.9316921234,3.200519085,0.08539428711,0.1488952637
E01057,40,22,2012-01-10T10:00:00,2012-01-10T14:00:00,2012-01-10T15:00:00,5,6,wet_snow,6,wet_snow,0,5,3.040093994,2.687896729,3.189361572,7.885852623,8.716001511,0.0245475769,0.03304481506,0.1227378845,0.02141475677,0.02446174622,0.1070737839,0.04681396484,0.07116699219
E02537,39.5,22.5,2016-12-30T08:00:00,2016-12-30T12:00:00,2016-12-30T13:00:00,5,6,wet_snow,6,wet_snow,0,5,3.505523682,1.414459229,4.544952393,6.410938644,8.611234665,0.003862380981,0.006008148193,0.01931190491,0.003669261932,0.006008148193,0.01834630966,0.008172607422,0.01321411133
E00488,40.25,22,2018-01-24T11:00:00,2018-01-24T15:00:00,2018-01-24T16:00:00,5,6,wet_snow,6,wet_snow,0,5,3.243243408,2.670928955,3.711090088,8.351802826,8.590136528,0.0004291534424,0.001287460327,0.002145767212,0.0004076957703,0.001072883606,0.002038478851,0.0120300293,0.01791381836
E01784,39.75,21.75,2019-02-13T20:00:00,2019-02-14T00:00:00,2019-02-14T01:00:00,5,6,wet_snow,6,wet_snow,0,5,3.457354736,2.986724854,3.808135986,8.175359535,8.492818832,0.001888275146,0.003004074097,0.009441375732,0.00182390213,0.003111362457,0.009119510651,0.08120727539,0.1046447754
E01812,39.75,22,2012-01-30T09:00:00,2012-01-30T13:00:00,2012-01-30T14:00:00,5,6,wet_snow,6,wet_snow,0,5,1.545123291,0.852935791,1.86038208,7.898631477,8.485175133,0.07347106934,0.0901222229,0.3673553467,0.0735783577,0.0901222229,0.3678917885,0.1526000977,0.188873291
E01949,39.75,22.25,2012-02-09T10:00:00,2012-02-09T14:00:00,2012-02-09T15:00:00,5,6,wet_snow,6,wet_snow,0,5,2.161358643,1.682281494,2.362091064,7.963087082,8.47838974,0.07733345032,0.08883476257,0.3866672516,0.07608890533,0.08894205093,0.3804445267,0.04039306641,0.06460571289
E01660,39.75,21.75,2012-01-29T13:00:00,2012-01-29T17:00:00,2012-01-29T18:00:00,5,6,wet_snow,6,wet_snow,0,5,1.744317627,1.283477783,2.160797119,7.712824249,8.448070526,0.1103782654,0.1579284668,0.5518913269,0.08765459061,0.09087324142,0.438272953,0.1155700684,0.1412353516
E01297,40,22.25,2012-01-10T10:00:00,2012-01-10T14:00:00,2012-01-10T15:00:00,5,6,wet_snow,6,wet_snow,0,5,2.952593994,2.564849854,3.12197876,7.63800106,8.438657761,0.01210212708,0.01931190491,0.06051063538,0.009033679962,0.0111579895,0.04516839981,0.02109375,0.02752685547
E02688,39.25,21.75,2012-12-20T08:00:00,2012-12-20T12:00:00,2012-12-20T13:00:00,5,6,wet_snow,6,wet_snow,0,5,4.367388916,2.611724854,6.094268799,7.840258598,8.333539009,0.0004291534424,0.001287460327,0.002145767212,0.0004613399506,0.001233816147,0.002306699753,0.008959960938,0.01119995117
E00020,40.25,21.75,2012-02-11T11:00:00,2012-02-11T15:00:00,2012-02-11T16:00:00,5,6,wet_snow,6,wet_snow,0,5,0.400592041,0.2014465332,0.5587463379,7.872042656,8.330272675,0.2985191345,0.3115653992,1.492595673,0.2835631371,0.3078103065,1.417815685,0.02745361328,0.04132080078
E00752,40.25,22.5,2014-01-27T01:00:00,2014-01-27T05:00:00,2014-01-27T06:00:00,5,6,wet_snow,6,wet_snow,0,5,0.4263244629,0.2394104004,0.6932678223,8.128854179,8.326262474,0.008239746094,0.01544952393,0.04119873047,0.007874965668,0.01319646835,0.03937482834,0.04718017578,0.07702636719
E01730,39.75,21.75,2016-12-31T08:00:00,2016-12-31T12:00:00,2016-12-31T13:00:00,5,6,wet_snow,6,wet_snow,0,5,2.259283447,0.008453369141,3.901275635,7.989325714,8.321903229,0.001630783081,0.003433227539,0.008153915405,0.001652240753,0.003862380981,0.008261203766,0.002075195312,0.003326416016
E00783,40.25,22.75,2012-01-30T02:00:00,2012-01-30T06:00:00,2012-01-30T07:00:00,5,6,wet_snow,6,wet_snow,0,5,3.395880127,3.18069458,3.58694458,7.729998207,8.295563698,0.001287460327,0.002145767212,0.006437301636,0.00106215477,0.001394748688,0.005310773849,0.02484741211,0.04598999023
E03106,39.25,22.25,2019-02-24T10:00:00,2019-02-24T14:00:00,2019-02-24T15:00:00,5,6,wet_snow,6,wet_snow,0,5,1.958355713,1.76272583,2.158111572,7.81765728,8.251688957,0.1721763611,0.2849578857,0.8608818054,0.1655673981,0.2786278725,0.8278369904,0.1432189941,0.1727905273
E01261,40,22,2019-01-26T11:00:00,2019-01-26T15:00:00,2019-01-26T16:00:00,5,6,wet_snow,6,wet_snow,0,5,3.434454346,3.094390869,3.77041626,7.931775284,8.23377037,0.04411697388,0.06952285767,0.2205848694,0.01729488373,0.03991127014,0.08647441864,0.001916503906,0.006011962891
E01922,39.75,22,2020-01-05T20:00:00,2020-01-06T00:00:00,2020-01-06T01:00:00,5,6,wet_snow,6,wet_snow,0,5,3.52131958,3.197784424,3.712310791,7.865064049,8.167416573,0.06574630737,0.1403331757,0.3287315369,0.05703449249,0.1028895378,0.2851724625,0.02310180664,0.03900146484
E00204,40.25,21.75,2018-01-14T14:00:00,2018-01-14T18:00:00,2018-01-14T19:00:00,5,6,wet_snow,6,wet_snow,0,5,3.007086182,2.451324463,3.485137939,6.609250069,8.135686874,0.1135540009,0.1373291016,0.5677700043,0.09840488434,0.1210212708,0.4920244217,0.1455749512,0.1775512695
E01226,40,22,2018-01-14T12:00:00,2018-01-14T16:00:00,2018-01-14T17:00:00,5,6,wet_snow,6,wet_snow,0,5,3.327838135,3.030303955,3.628448486,7.21728611,8.126866341,0.1051425934,0.1304626465,0.5257129669,0.09115219116,0.1117944717,0.4557609558,0.1129272461,0.1479492188
E01821,39.75,22,2012-02-09T10:00:00,2012-02-09T14:00:00,2012-02-09T15:00:00,5,6,wet_snow,6,wet_snow,0,5,1.662530518,1.262359619,1.857330322,7.180665207,8.071163177,0.09527206421,0.1158714294,0.476360321,0.09445667267,0.1157641411,0.4722833633,0.04633789063,0.06060791016
E02754,39.25,21.75,2016-12-16T09:00:00,2016-12-16T13:00:00,2016-12-16T14:00:00,5,6,wet_snow,6,wet_snow,0,5,2.101422119,1.557891846,2.338287354,7.789142609,8.027602196,0.5003929138,0.5578994751,2.501964569,0.4753947258,0.5265712738,2.376973629,0.2714172363,0.3117980957
E00090,40.25,21.75,2014-01-26T10:00:00,2014-01-26T14:00:00,2014-01-26T15:00:00,5,6,wet_snow,6,wet_snow,0,5,1.333013916,0.8423156738,1.664337158,7.046418762,8.01098156,0.1954364777,0.3115653992,0.9771823883,0.195608139,0.3126382828,0.9780406952,0.1103393555,0.2077331543
E03250,39.25,22.75,2012-01-31T18:00:00,2012-01-31T22:00:00,2012-01-31T23:00:00,5,6,wet_snow,6,wet_snow,0,5,0.9880432129,0.173248291,1.662994385,7.647792625,7.957881927,0.1640224457,0.6106853485,0.8201122284,0.1562976837,0.6021022797,0.7814884186,0.02660522461,0.04772949219
E03189,39.25,22.5,2016-12-30T08:00:00,2016-12-30T12:00:00,2016-12-30T13:00:00,5,6,wet_snow,6,wet_snow,0,5,3.002398682,0.9945373535,4.250030518,6.551758957,7.940336227,0.009698867798,0.02403259277,0.04849433899,0.009698867798,0.02403259277,0.04849433899,0.02360839844,0.06695556641
E02086,39.75,22.5,2015-01-01T07:00:00,2015-01-01T11:00:00,2015-01-01T12:00:00,5,6,wet_snow,6,wet_snow,0,5,2.41038208,0.003448486328,3.919952393,7.538619614,7.921199799,0.005235671997,0.01330375671,0.02617835999,0.005289316177,0.01351833344,0.02644658089,0.05863037109,0.110748291
E00256,40.25,21.75,2019-02-24T11:00:00,2019-02-24T15:00:00,2019-02-24T16:00:00,5,6,wet_snow,6,wet_snow,0,5,0.2918273926,0.1759338379,0.4973449707,7.642988586,7.850971222,0.01682281494,0.02403259277,0.08411407471,0.01695156097,0.02371072769,0.08475780487,0.01446533203,0.01837158203
E01512,40,22.25,2020-02-20T23:00:00,2020-02-21T03:00:00,2020-02-21T04:00:00,5,6,wet_snow,6,wet_snow,0,5,2.747930908,2.326324463,3.056671143,7.351087761,7.831572533,0.06351470947,0.0789642334,0.3175735474,0.01021385193,0.02188682556,0.05106925964,0.02702636719,0.03298950195
E00847,40,21.75,2012-02-16T08:00:00,2012-02-16T12:00:00,2012-02-16T13:00:00,5,6,wet_snow,6,wet_snow,0,5,1.878765869,0.9195861816,2.464874268,5.438907242,7.752607346,0.1795578003,0.3132820129,0.8977890015,0.1661682129,0.2882838249,0.8308410645,0.02096557617,0.03909301758
E02235,39.5,21.75,2014-12-29T16:00:00,2014-12-29T20:00:00,2014-12-29T21:00:00,5,6,wet_snow,6,wet_snow,0,5,2.32119751,0.7645568848,4.578521729,6.944343185,7.742038727,0.03622055054,0.05407333374,0.1811027527,0.03077030182,0.04731416702,0.1538515091,0.1831787109,0.2167053223
E00900,40,21.75,2014-02-01T05:00:00,2014-02-01T09:00:00,2014-02-01T10:00:00,5,6,wet_snow,6,wet_snow,0,5,3.394073486,3.170318604,3.583404541,6.279208565,7.670144081,0.02875328064,0.05536079407,0.1437664032,0.01824975014,0.03738999367,0.09124875069,0.1524475098,0.1923217773
E02981,39.25,22,2019-02-24T10:00:00,2019-02-24T14:00:00,2019-02-24T15:00:00,5,6,wet_snow,6,wet_snow,0,5,0.2978088379,0.1494445801,0.4393615723,7.28406353,7.61594677,0.2205848694,0.3373146057,1.102924347,0.2176451683,0.3333449364,1.088225842,0.1370788574,0.169128418
E00838,40,21.75,2012-01-29T12:00:00,2012-01-29T16:00:00,2012-01-29T17:00:00,5,6,wet_snow,6,wet_snow,0,5,1.673834229,1.416778564,1.895172119,7.227361298,7.589947701,0.07844924927,0.1068592072,0.3922462463,0.0684928894,0.08234381676,0.342464447,0.1436462402,0.1566772461
E02793,39.25,21.75,2017-02-14T10:00:00,2017-02-14T14:00:00,2017-02-14T15:00:00,5,6,wet_snow,6,wet_snow,0,5,3.665118408,3.418365479,3.949249268,6.729073906,7.579806328,0.01725196838,0.05407333374,0.08625984192,0.01399040222,0.04259347916,0.06995201111,0.0266418457,0.03704833984
E03045,39.25,22.25,2015-12-31T09:00:00,2015-12-31T13:00:00,2015-12-31T14:00:00,5,6,wet_snow,6,wet_snow,0,5,1.829693604,1.207061768,2.123809814,7.302059555,7.571988106,0.1756095886,0.2094268799,0.8780479431,0.1743221283,0.2079248428,0.8716106415,0.02276000977,0.04425048828
E02668,39.25,21.75,2012-02-11T11:00:00,2012-02-11T15:00:00,2012-02-11T16:00:00,5,6,wet_snow,6,wet_snow,0,5,0.670513916,0.4104309082,0.9881896973,4.581515312,7.57013607,0.4814243317,0.6291389465,2.407121658,0.4098522663,0.4940629005,2.049261332,0.03563232422,0.04467773438
E00142,40.25,21.75,2016-01-03T12:00:00,2016-01-03T16:00:00,2016-01-03T17:00:00,5,6,wet_snow,6,wet_snow,0,5,1.304547119,1.195220947,1.456695557,6.702500343,7.566918373,1.512594223,1.907157898,7.562971115,1.054859161,1.23295784,5.274295807,0.1450805664,0.2310791016
E03140,39.25,22.5,2012-02-07T23:00:00,2012-02-08T03:00:00,2012-02-08T04:00:00,5,6,wet_snow,6,wet_snow,0,5,2.148345947,1.867218018,2.307037354,5.459427071,7.55056572,0.8635425568,1.291751862,4.317712784,0.7707595825,1.055288315,3.853797913,0.1699401855,0.297454834
E02050,39.75,22.25,2020-01-05T20:00:00,2020-01-06T00:00:00,2020-01-06T01:00:00,5,6,wet_snow,6,wet_snow,0,5,3.832647705,3.647003174,4.116607666,7.123267174,7.504330635,0.08308410645,0.2227306366,0.4154205322,0.05300045013,0.1429080963,0.2650022507,0.002349853516,0.003814697266
E03319,39.25,22.75,2019-01-03T14:00:00,2019-01-03T18:00:00,2019-01-03T19:00:00,5,6,wet_snow,6,wet_snow,0,5,2.066534424,1.84463501,2.312408447,6.716365814,7.501403809,2.716026306,4.23746109,13.58013153,2.344958782,3.526890278,11.72479248,0.2982788086,0.5036010742
E00473,40.25,22,2017-12-18T10:00:00,2017-12-18T14:00:00,2017-12-18T15:00:00,5,6,wet_snow,6,wet_snow,0,5,2.156549072,1.271759033,2.714752197,7.063479996,7.421686172,0.8515262604,1.079320908,4.257631302,0.6706809998,0.8372783661,3.353404999,0.04018554687,0.07037353516
E01073,40,22,2012-02-11T11:00:00,2012-02-11T15:00:00,2012-02-11T16:00:00,5,6,wet_snow,6,wet_snow,0,5,1.083404541,0.7776184082,1.343658447,6.593527031,7.405467987,0.2980041504,0.3300189972,1.490020752,0.2349936962,0.2640902996,1.174968481,0.02482299805,0.04290771484
E00987,40,21.75,2017-12-19T09:00:00,2017-12-19T13:00:00,2017-12-19T14:00:00,5,6,wet_snow,6,wet_snow,0,5,3.417095947,1.742340088,4.168121338,7.034168816,7.350606918,0.0003433227539,0.0004291534424,0.00171661377,0.0002789497375,0.000536441803,0.001394748688,0.002325439453,0.003326416016
E01401,40,22.25,2016-01-04T00:00:00,2016-01-04T04:00:00,2016-01-04T05:00:00,5,3,freezing_rain,3,freezing_rain,5,0,-0.6414978027,-1.191986084,-0.2598571777,6.786408615,7.327370644,0.0008583068848,0.002574920654,0.004291534424,0,0,0,0.001995849609,0.002532958984
E00575,40.25,22.25,2012-01-29T10:00:00,2012-01-29T14:00:00,2012-01-29T15:00:00,5,6,wet_snow,6,wet_snow,0,5,0.5592346191,0.3347473145,1.006011963,7.073779106,7.310220718,0.179643631,0.2635002136,0.8982181549,0.1796650887,0.2638220787,0.8983254433,0.1762512207,0.1812133789
E01175,40,22,2016-01-25T09:00:00,2016-01-25T13:00:00,2016-01-25T14:00:00,5,6,wet_snow,6,wet_snow,0,5,4.108209229,1.267120361,5.345489502,6.533175087,7.236109734,0.0022315979,0.006008148193,0.0111579895,0.002510547638,0.005900859833,0.01255273819,0.007720947266,0.01577758789
E01087,40,22,2012-12-08T08:00:00,2012-12-08T12:00:00,2012-12-08T13:00:00,5,6,wet_snow,6,wet_snow,0,5,3.356207275,1.724761963,4.355377197,7.054473877,7.19183445,0.08316993713,0.2244472504,0.4158496857,0.06654024124,0.1668334007,0.3327012062,0.1586791992,0.2138671875
E02254,39.5,21.75,2016-01-17T17:00:00,2016-01-17T21:00:00,2016-01-17T22:00:00,5,6,wet_snow,6,wet_snow,0,5,1.481890869,1.1300354,1.922271729,6.830871391,7.182307243,0.1941490173,0.3089904785,0.9707450867,0.1611256599,0.2271294594,0.8056282997,0.0981628418,0.1343383789
E02792,39.25,21.75,2017-02-13T10:00:00,2017-02-13T14:00:00,2017-02-13T15:00:00,5,6,wet_snow,6,wet_snow,0,5,1.913067627,1.670074463,2.142974854,6.93191452,7.1802845,0.07475852966,0.1064300537,0.3737926483,0.06555318832,0.09473562241,0.3277659416,0.1578857422,0.1811828613
E01760,39.75,21.75,2017-12-22T19:00:00,2017-12-22T23:00:00,2017-12-23T00:00:00,5,6,wet_snow,6,wet_snow,0,5,0.9923400879,0.6212463379,1.275787354,5.929553795,7.164154053,0.0238609314,0.07209777832,0.119304657,0.0238931179,0.07263422012,0.1194655895,0.01884765625,0.06451416016
E00718,40.25,22.25,2019-01-26T04:00:00,2019-01-26T08:00:00,2019-01-26T09:00:00,5,6,wet_snow,6,wet_snow,0,5,1.493170166,1.160308838,1.779937744,6.645649719,7.101641655,0.1516628265,0.2446174622,0.7583141327,0.1457512379,0.2365708351,0.7287561893,0.1480041504,0.2858886719
E01561,40,22.5,2016-01-20T06:00:00,2016-01-20T10:00:00,2016-01-20T11:00:00,5,6,wet_snow,6,wet_snow,0,5,0.09844360352,-0.6730651855,1.065826416,6.566993141,7.005494118,0.1453971863,0.2004146576,0.7269859314,0.1432299614,0.1893639565,0.716149807,0.05748291016,0.08065795898
E03164,39.25,22.5,2015-02-17T19:00:00,2015-02-17T23:00:00,2015-02-18T00:00:00,5,6,wet_snow,6,wet_snow,0,5,1.714312744,1.129180908,2.616363525,5.901420021,6.981991768,0.2209281921,0.2703666687,1.104640961,0.2108538151,0.2608180046,1.054269075,0.09713745117,0.1227111816
E02557,39.5,22.5,2019-01-07T12:00:00,2019-01-07T16:00:00,2019-01-07T17:00:00,5,6,wet_snow,6,wet_snow,0,5,3.023223877,2.160064697,4.045440674,6.251187325,6.891465187,0.006351470947,0.007724761963,0.03175735474,0.005965232849,0.007402896881,0.02982616425,0.001794433594,0.005126953125
E01665,39.75,21.75,2012-02-08T09:00:00,2012-02-08T13:00:00,2012-02-08T14:00:00,5,6,wet_snow,6,wet_snow,0,5,1.495391846,0.255645752,2.340118408,6.000036812,6.891394615,0.379114151,0.461769104,1.895570755,0.3719258308,0.4613399506,1.859629154,0.07735595703,0.1430358887
E03223,39.25,22.5,2019-02-13T06:00:00,2019-02-13T10:00:00,2019-02-13T11:00:00,5,6,wet_snow,6,wet_snow,0,5,4.023931885,3.750152588,4.673614502,5.094299698,6.877297401,0.3131103516,0.7214069366,1.565551758,0.2777910233,0.640296936,1.388955116,0.1113037109,0.1462097168
E02920,39.25,22,2015-12-31T09:00:00,2015-12-31T13:00:00,2015-12-31T14:00:00,5,6,wet_snow,6,wet_snow,0,5,0.6293029785,3.051757812e-05,0.9675598145,6.61026268,6.866961479,0.1556968689,0.230884552,0.7784843445,0.1554393768,0.230884552,0.7771968842,0.04142456055,0.05395507812
E00016,40.25,21.75,2012-02-03T23:00:00,2012-02-04T03:00:00,2012-02-04T04:00:00,5,3,freezing_rain,3,freezing_rain,5,0,0.9092590332,0.1396789551,1.733306885,6.514293861,6.865573883,0.03355979919,0.04291534424,0.167798996,0.0007081031799,0.003111362457,0.0035405159,0.1408935547,0.1625671387
E02926,39.25,22,2016-01-17T20:00:00,2016-01-18T00:00:00,2016-01-18T01:00:00,5,6,wet_snow,6,wet_snow,0,5,1.497198486,1.022003174,1.924468994,6.411227417,6.849816322,0.3228092194,0.4428863525,1.614046097,0.30823946,0.4166007042,1.5411973,0.09904785156,0.1485900879
E00377,40.25,22,2014-01-28T10:00:00,2014-01-28T14:00:00,2014-01-28T15:00:00,5,6,wet_snow,6,wet_snow,0,5,-0.1082946777,-0.4163513184,0.2721252441,6.34922142,6.723054886,0.2780914307,0.4373073578,1.390457153,0.2617621422,0.4012584686,1.308810711,0.1084655762,0.1488952637
E00403,40.25,22,2015-01-29T02:00:00,2015-01-29T06:00:00,2015-01-29T07:00:00,5,6,wet_snow,6,wet_snow,0,5,1.959014893,1.728546143,2.11807251,6.339257622,6.699803352,0.3577423096,0.4368782043,1.788711548,0.2934122086,0.3491699696,1.467061043,0.0631652832,0.07443237305
E00839,40,21.75,2012-02-02T11:00:00,2012-02-02T15:00:00,2012-02-02T16:00:00,5,6,wet_snow,6,wet_snow,0,5,-0.0383972168,-0.1709899902,0.1280822754,5.964673233,6.641924858,0.3158569336,0.360918045,1.579284668,0.3109002113,0.3608107567,1.554501057,0.04561767578,0.06378173828
E02616,39.5,22.75,2015-02-11T17:00:00,2015-02-11T21:00:00,2015-02-11T22:00:00,5,6,wet_snow,6,wet_snow,0,5,2.318927002,1.402496338,3.845611572,5.664911461,6.524856567,0.007982254028,0.01158714294,0.03991127014,0.0003218650818,0.000536441803,0.001609325409,0.002789306641,0.004821777344
E00786,40.25,22.75,2012-01-31T07:00:00,2012-01-31T11:00:00,2012-01-31T12:00:00,5,6,wet_snow,6,wet_snow,0,5,1.283258057,1.018096924,1.516265869,6.035643768,6.474094391,0.01304626465,0.01974105835,0.06523132324,0.01314282417,0.02011656761,0.06571412086,0.01940917969,0.02627563477
E02778,39.25,21.75,2017-01-22T10:00:00,2017-01-22T14:00:00,2017-01-22T15:00:00,5,6,wet_snow,6,wet_snow,0,5,2.461383057,2.190582275,2.634429932,6.332414055,6.443594933,0.08222579956,0.1090049744,0.4111289978,0.07887840271,0.1033186913,0.3943920135,0.2520324707,0.2627868652
E00706,40.25,22.25,2018-12-18T14:00:00,2018-12-18T18:00:00,2018-12-18T19:00:00,5,6,wet_snow,6,wet_snow,0,5,1.438092041,1.227325439,1.592559814,5.34237709,6.437106133,0.4109573364,0.5458831787,2.054786682,0.3657245636,0.4650950432,1.828622818,0.04938964844,0.06072998047
E01780,39.75,21.75,2019-01-12T08:00:00,2019-01-12T12:00:00,2019-01-12T13:00:00,5,6,wet_snow,6,wet_snow,0,5,2.607110596,2.17666626,2.91116333,6.199832153,6.397816658,0.08823394775,0.1630783081,0.4411697388,0.0881588459,0.1626491547,0.4407942295,0.07011108398,0.08221435547
E02798,39.25,21.75,2017-12-20T10:00:00,2017-12-20T14:00:00,2017-12-20T15:00:00,5,6,wet_snow,6,wet_snow,0,5,1.469268799,1.015655518,1.778961182,6.289137459,6.396868706,0.002403259277,0.005149841309,0.01201629639,0.002660751343,0.005686283112,0.01330375671,0.05192871094,0.08178710938
E02520,39.5,22.5,2015-02-18T08:00:00,2015-02-18T12:00:00,2015-02-18T13:00:00,5,6,wet_snow,6,wet_snow,0,5,3.28147583,1.906768799,4.275421143,5.756419754,6.39226532,0.02180099487,0.03519058228,0.1090049744,0.0218975544,0.03497600555,0.109487772,0.03829956055,0.0517578125
E00626,40.25,22.25,2015-02-08T22:00:00,2015-02-09T02:00:00,2015-02-09T03:00:00,5,6,wet_snow,6,wet_snow,0,5,0.8231994629,0.484161377,1.029937744,6.046269035,6.391721725,0.03742218018,0.08068084717,0.1871109009,0.037368536,0.08068084717,0.18684268,0.1120788574,0.1405029297
E02519,39.5,22.5,2015-02-17T19:00:00,2015-02-17T23:00:00,2015-02-18T00:00:00,5,6,wet_snow,6,wet_snow,0,5,1.939703369,1.078399658,3.014801025,5.614115334,6.338905334,0.1229095459,0.1596450806,0.6145477295,0.1151955128,0.1586794853,0.5759775639,0.07396850586,0.1014099121
E01819,39.75,22,2012-02-07T19:00:00,2012-02-07T23:00:00,2012-02-08T00:00:00,5,6,wet_snow,6,wet_snow,0,5,1.396124268,0.8590393066,1.930450439,5.021595383,6.279746056,0.381860733,0.4411697388,1.909303665,0.355618,0.402867794,1.77809,0.236126709,0.2713317871
E00231,40.25,21.75,2018-12-17T23:00:00,2018-12-18T03:00:00,2018-12-18T04:00:00,5,6,wet_snow,6,wet_snow,0,5,1.359674072,0.8692932129,2.091583252,5.859272957,6.272475243,0.806722641,1.046705246,4.033613205,0.7056570053,1.028895378,3.528285027,0.08339233398,0.1438903809
E00740,40.25,22.5,2012-01-30T02:00:00,2012-01-30T06:00:00,2012-01-30T07:00:00,5,6,wet_snow,6,wet_snow,0,5,0.06150512695,-0.5419616699,0.6084289551,5.73566227,6.256501198,0.04428863525,0.06437301636,0.2214431763,0.04415988922,0.0639975071,0.2207994461,0.04476318359,0.0500793457
E00318,40.25,22,2012-02-23T01:00:00,2012-02-23T05:00:00,2012-02-23T06:00:00,5,3,freezing_rain,3,freezing_rain,5,0,1.130206299,0.4830627441,1.590362549,6.1850811,6.247995377,0.005578994751,0.009441375732,0.02789497375,0,0,0,0.0126159668,0.02395629883
E02840,39.25,21.75,2019-01-14T20:00:00,2019-01-15T00:00:00,2019-01-15T01:00:00,5,6,wet_snow,6,wet_snow,0,5,0.7999572754,0.2276916504,1.2315979,4.810072899,6.208697319,0.6048488617,0.7274150848,3.024244308,0.5128598213,0.6374537945,2.564299107,0.07786865234,0.1250610352
E02804,39.25,21.75,2018-01-14T08:00:00,2018-01-14T12:00:00,2018-01-14T13:00:00,5,6,wet_snow,6,wet_snow,0,5,3.066387939,2.380889893,3.491729736,5.886784935,6.191567421,0.183763504,0.2441883087,0.9188175201,0.1327586174,0.1914024353,0.663793087,0.1651672363,0.1874389648
E00743,40.25,22.5,2012-01-31T07:00:00,2012-01-31T11:00:00,2012-01-31T12:00:00,5,6,wet_snow,6,wet_snow,0,5,-1.484710693,-3.547943115,-0.2986755371,5.995214081,6.184055328,0.02592086792,0.04205703735,0.1296043396,0.02603888512,0.04232525826,0.1301944256,0.01983032227,0.02426147461
E00438,40.25,22,2016-12-16T10:00:00,2016-12-16T14:00:00,2016-12-16T15:00:00,5,6,wet_snow,6,wet_snow,0,5,2.003204346,1.627349854,2.145050049,5.852754402,6.106584549,0.01493453979,0.02059936523,0.07467269897,0.01487016678,0.02027750015,0.07435083389,0.04528808594,0.05807495117
E00989,40,21.75,2017-12-21T10:00:00,2017-12-21T14:00:00,2017-12-21T15:00:00,5,6,wet_snow,6,wet_snow,0,5,-0.5566589355,-0.7652282715,-0.2055358887,5.934919739,6.103116989,0.2973175049,0.3261566162,1.486587524,0.2935838699,0.3219723701,1.46791935,0.02344970703,0.02542114258
E02918,39.25,22,2015-02-18T10:00:00,2015-02-18T14:00:00,2015-02-18T15:00:00,5,6,wet_snow,6,wet_snow,0,5,1.986212158,1.500030518,2.693756104,5.57541256,6.084648132,0.04016876221,0.09570121765,0.200843811,0.04010438919,0.09602308273,0.200521946,0.05412597656,0.0944519043
E00944,40,21.75,2016-12-17T08:00:00,2016-12-17T12:00:00,2016-12-17T13:00:00,5,6,wet_snow,6,wet_snow,0,5,3.338800049,1.779815674,4.474639893,5.685551834,6.036103249,0.05278587341,0.06608963013,0.2639293671,0.03793716431,0.06265640259,0.1896858215,0.04697875977,0.07473754883
E00069,40.25,21.75,2013-02-12T03:00:00,2013-02-12T07:00:00,2013-02-12T08:00:00,5,6,wet_snow,6,wet_snow,0,5,1.5347229,1.01651001,1.951812744,5.535826683,6.029938698,0,0,0,0.0001502037048,0.0002682209015,0.0007510185242,0.05196533203,0.06665039062
E00176,40.25,21.75,2017-01-23T08:00:00,2017-01-23T12:00:00,2017-01-23T13:00:00,5,6,wet_snow,6,wet_snow,0,5,1.098809814,-0.3261413574,1.940216064,5.62499752,6.010124207,0.008926391602,0.01201629639,0.04463195801,0.006866455078,0.009870529175,0.03433227539,0.2025085449,0.2149047852
E03051,39.25,22.25,2016-01-17T20:00:00,2016-01-18T00:00:00,2016-01-18T01:00:00,5,6,wet_snow,6,wet_snow,0,5,2.772198486,2.238800049,3.17300415,5.363375854,5.959191322,0.3434944153,0.4995346069,1.717472076,0.2584576607,0.4179954529,1.292288303,0.1131164551,0.1690063477
E01195,40,22,2017-01-19T10:00:00,2017-01-19T14:00:00,2017-01-19T15:00:00,5,6,wet_snow,6,wet_snow,0,5,3.027154541,2.379058838,3.227203369,5.134635925,5.944229126,0.03810882568,0.03991127014,0.1905441284,0.02372145653,0.03057718277,0.1186072826,0.0598449707,0.07073974609
E01740,39.75,21.75,2017-01-16T14:00:00,2017-01-16T18:00:00,2017-01-16T19:00:00,5,6,wet_snow,6,wet_snow,0,5,0.734942627,0.5516662598,0.8382873535,5.493396378,5.935599327,0.7528209686,1.348400116,3.764104843,0.6947565079,1.300013065,3.473782539,0.08857421875,0.1210327148
E03043,39.25,22.25,2015-02-18T10:00:00,2015-02-18T14:00:00,2015-02-18T15:00:00,5,6,wet_snow,6,wet_snow,0,5,3.479571533,3.228546143,3.869537354,5.116232872,5.932304382,0.03862380981,0.0871181488,0.1931190491,0.0383234024,0.08625984192,0.191617012,0.06001586914,0.09811401367
E02948,39.25,22,2016-12-31T13:00:00,2016-12-31T17:00:00,2016-12-31T18:00:00,5,6,wet_snow,6,wet_snow,0,5,2.878106689,0.9884338379,3.502227783,4.104738617,5.919582367,0.0004291534424,0.001287460327,0.002145767212,0.0006222724915,0.001931190491,0.003111362457,0.022265625,0.04397583008
E00420,40.25,22,2015-12-30T11:00:00,2015-12-30T15:00:00,2015-12-30T16:00:00,5,6,wet_snow,6,wet_snow,0,5,2.193170166,1.572052002,2.508087158,4.902429962,5.918399811,0.5185031891,0.5789279938,2.592515945,0.4671764374,0.5209922791,2.335882187,0.3602661133,0.4549865723
E00452,40.25,22,2017-01-17T10:00:00,2017-01-17T14:00:00,2017-01-17T15:00:00,5,6,wet_snow,6,wet_snow,0,5,0.7936096191,0.4002990723,0.9413146973,5.661013985,5.759864807,0.1278877258,0.2072811127,0.6394386292,0.1147663593,0.1893639565,0.5738317966,0.02529907227,0.03240966797
E01259,40,22,2019-01-14T10:00:00,2019-01-14T14:00:00,2019-01-14T15:00:00,5,6,wet_snow,6,wet_snow,0,5,2.078375244,1.479278564,2.573028564,5.4650383,5.742599487,0.02257347107,0.06394386292,0.1128673553,0.02227306366,0.06222724915,0.1113653183,0.007629394531,0.02267456055
E00714,40.25,22.25,2019-01-12T10:00:00,2019-01-12T14:00:00,2019-01-12T15:00:00,5,6,wet_snow,6,wet_snow,0,5,1.549176025,0.8323059082,1.935211182,5.333892059,5.718710899,0.004806518555,0.01630783081,0.02403259277,0.004870891571,0.01641511917,0.02435445786,0.03324584961,0.06106567383
E02120,39.75,22.5,2016-12-31T08:00:00,2016-12-31T12:00:00,2016-12-31T13:00:00,5,6,wet_snow,6,wet_snow,0,5,3.297174072,1.686187744,4.27041626,4.799677277,5.614992142,0.022315979,0.03604888916,0.111579895,0.02212285995,0.03497600555,0.1106142998,0.01328125,0.03726196289
E01302,40,22.25,2012-01-27T11:00:00,2012-01-27T15:00:00,2012-01-27T16:00:00,5,6,wet_snow,6,wet_snow,0,5,3.335308838,2.998565674,3.632110596,5.410447121,5.566596031,0.003175735474,0.006008148193,0.01587867737,0.003272294998,0.005686283112,0.01636147499,0.0248840332,0.04846191406
E02988,39.25,22,2019-12-30T22:00:00,2019-12-31T02:00:00,2019-12-31T03:00:00,5,6,wet_snow,6,wet_snow,0,5,2.406109619,1.670074463,2.94644165,5.017673874,5.54228878,0.01064300537,0.01587867737,0.05321502686,0.009655952454,0.01480579376,0.04827976227,0.02297363281,0.02935791016
E01147,40,22,2014-02-04T09:00:00,2014-02-04T13:00:00,2014-02-04T14:00:00,5,6,wet_snow,6,wet_snow,0,5,3.385992432,2.218170166,3.920074463,5.102208328,5.495158195,0.04420280457,0.06823539734,0.2210140228,0.04145622253,0.06324648857,0.2072811127,0.04368286133,0.06176757812
E01422,40,22.25,2017-01-15T12:00:00,2017-01-15T16:00:00,2017-01-15T17:00:00,5,6,wet_snow,6,wet_snow,0,5,3.531158447,2.867950439,4.53616333,4.722008133,5.492386818,0,0,0,5.36441803e-05,0.0001072883606,0.0002682209015,0.002410888672,0.00537109375
E00139,40.25,21.75,2015-12-30T15:00:00,2015-12-30T19:00:00,2015-12-30T20:00:00,5,6,wet_snow,6,wet_snow,0,5,2.197515869,1.580841064,3.010406494,3.997532272,5.449868202,0.7066440582,0.9952068329,3.533220291,0.6623339653,0.9861946106,3.311669827,0.3307312012,0.3663024902
E00941,40,21.75,2016-12-14T10:00:00,2016-12-14T14:00:00,2016-12-14T15:00:00,5,6,wet_snow,6,wet_snow,0,5,2.797320557,2.563018799,3.177886963,4.61251297,5.420750618,0.0002574920654,0.001287460327,0.001287460327,0.0002574920654,0.001072883606,0.001287460327,0.02573852539,0.05749511719
E01182,40,22,2016-12-16T10:00:00,2016-12-16T14:00:00,2016-12-16T15:00:00,5,6,wet_snow,6,wet_snow,0,5,2.339532471,2.021881104,2.495147705,4.872676277,5.402482986,0.03622055054,0.06866455078,0.1811027527,0.01147985458,0.01974105835,0.05739927292,0.07360229492,0.09149169922
E00425,40.25,22,2016-01-22T10:00:00,2016-01-22T14:00:00,2016-01-22T15:00:00,5,6,wet_snow,6,wet_snow,0,5,2.529742432,1.974884033,3.088409424,5.080318451,5.371649742,0.002489089966,0.006008148193,0.01244544983,0.002338886261,0.00536441803,0.0116944313,0.01556396484,0.04016113281
E01685,39.75,21.75,2013-02-10T23:00:00,2013-02-11T03:00:00,2013-02-11T04:00:00,5,6,wet_snow,6,wet_snow,0,5,1.509967041,0.9979553223,1.70791626,4.278018379,5.357169151,0.004720687866,0.009870529175,0.02360343933,0.003089904785,0.004398822784,0.01544952393,0.0001770019531,0.0003662109375
E03232,39.25,22.5,2019-12-29T00:00:00,2019-12-29T04:00:00,2019-12-29T05:00:00,5,6,wet_snow,6,wet_snow,0,5,2.700860596,2.141265869,3.319000244,5.05752449,5.320012093,0.1362991333,0.3527641296,0.6814956665,0.1164293289,0.2595305443,0.5821466446,0.005541992187,0.006988525391
E02720,39.25,21.75,2014-02-04T09:00:00,2014-02-04T13:00:00,2014-02-04T14:00:00,5,6,wet_snow,6,wet_snow,0,5,2.171148682,1.368560791,2.685211182,5.012169266,5.29566288,0.179901123,0.2411842346,0.8995056152,0.14508605,0.202023983,0.7254302502,0.2522583008,0.267791748
E00640,40.25,22.25,2016-01-20T11:00:00,2016-01-20T15:00:00,2016-01-20T16:00:00,5,6,wet_snow,6,wet_snow,0,5,-0.5014831543,-0.7190856934,-0.2753601074,4.816242027,5.190839767,0.01029968262,0.02059936523,0.05149841309,0.01064300537,0.02081394196,0.05321502686,0.01347045898,0.02105712891
E03073,39.25,22.25,2016-12-31T13:00:00,2016-12-31T17:00:00,2016-12-31T18:00:00,5,6,wet_snow,6,wet_snow,0,5,3.459747314,1.531402588,4.148956299,3.203176117,5.172512054,0.00111579895,0.00171661377,0.005578994751,0.001072883606,0.002253055573,0.00536441803,0.03036499023,0.05700683594
E01115,40,22,2013-02-10T00:00:00,2013-02-10T04:00:00,2013-02-10T05:00:00,5,3,freezing_rain,3,freezing_rain,5,0,0.6894592285,-0.01498413086,1.484283447,4.600660133,5.154025078,0.004291534424,0.01502037048,0.02145767212,0,0,0,0.002355957031,0.005340576172
E03272,39.25,22.75,2015-01-01T19:00:00,2015-01-01T23:00:00,2015-01-02T00:00:00,5,6,wet_snow,6,wet_snow,0,5,-0.4496520996,-1.118743896,0.3033752441,4.341921806,5.012062073,0.001029968262,0.00171661377,0.005149841309,0.001094341278,0.00177025795,0.00547170639,0.0409362793,0.04989624023
E01227,40,22,2018-01-14T19:00:00,2018-01-14T23:00:00,2018-01-15T00:00:00,5,6,wet_snow,6,wet_snow,0,5,1.850567627,1.722320557,2.012481689,4.81464901,4.967689514,0.04102706909,0.05407333374,0.2051353455,0.02315282822,0.03132820129,0.1157641411,0.1445617676,0.1521911621
E01738,39.75,21.75,2017-01-15T23:00:00,2017-01-16T03:00:00,2017-01-16T04:00:00,5,6,wet_snow,6,wet_snow,0,5,1.487823486,1.213165283,1.7394104,4.505316353,4.960668564,1.256904602,1.441526413,6.28452301,1.092174053,1.299262047,5.460870266,0.1368896484,0.1683044434
E01323,40,22.25,2012-12-06T21:00:00,2012-12-07T01:00:00,2012-12-07T02:00:00,5,3,freezing_rain,3,freezing_rain,5,0,-0.2054138184,-0.740814209,0.2333068848,3.93579216,4.951802254,0.006093978882,0.01587867737,0.03046989441,0,0,0,0.007366943359,0.008666992188
E01370,40,22.25,2014-01-28T19:00:00,2014-01-28T23:00:00,2014-01-29T00:00:00,5,6,wet_snow,6,wet_snow,0,5,0.6782775879,0.6210021973,0.7433166504,4.178556061,4.945302963,0.5305194855,0.741147995,2.652597427,0.497367382,0.6841778755,2.48683691,0.02731323242,0.03564453125
E01434,40,22.25,2017-01-30T11:00:00,2017-01-30T15:00:00,2017-01-30T16:00:00,5,6,wet_snow,6,wet_snow,0,5,1.860162354,1.717193604,1.999664307,4.667740822,4.878912926,0.07012367249,0.1201629639,0.3506183624,0.05938410759,0.1006364822,0.2969205379,0.2122497559,0.2202453613
E01068,40,22,2012-02-05T20:00:00,2012-02-06T00:00:00,2012-02-06T01:00:00,5,3,freezing_rain,3,freezing_rain,5,0,0.3197814941,-0.01229858398,0.7066955566,4.619421387,4.848610878,0.006351470947,0.02017021179,0.03175735474,0,0,0,0.01984863281,0.03015136719
E03289,39.25,22.75,2015-02-11T20:00:00,2015-02-12T00:00:00,2015-02-12T01:00:00,5,6,wet_snow,6,wet_snow,0,5,2.941168213,1.987213135,4.015777588,4.564152718,4.835822105,0.08651733398,0.2763748169,0.4325866699,0.02212285995,0.08422136307,0.1106142998,0.02164306641,0.09652709961
E01075,40,22,2012-02-12T19:00:00,2012-02-12T23:00:00,2012-02-13T00:00:00,5,3,freezing_rain,3,freezing_rain,5,0,0.7903137207,0.3629455566,1.170074463,4.658845329,4.833853722,0.05621910095,0.130033493,0.2810955048,0.0003004074097,0.0006973743439,0.001502037048,0.03671875,0.07272338867
E01906,39.75,22,2019-01-09T10:00:00,2019-01-09T14:00:00,2019-01-09T15:00:00,5,6,wet_snow,6,wet_snow,0,5,-0.2425720215,-0.5550231934,0.1864318848,4.715276718,4.795992851,1.094341278,1.67798996,5.47170639,1.094040871,1.675415039,5.470204353,0.1260314941,0.1590576172
E01307,40,22.25,2012-02-05T21:00:00,2012-02-06T01:00:00,2012-02-06T02:00:00,5,3,freezing_rain,3,freezing_rain,5,0,0.09058227539,-0.5149841309,0.5174865723,4.641977882,4.789167404,0.001974105835,0.006008148193,0.009870529175,0,0,0,0.02192993164,0.03076171875
E01000,40,21.75,2018-02-15T00:00:00,2018-02-15T04:00:00,2018-02-15T05:00:00,5,6,wet_snow,6,wet_snow,0,5,1.5065979,0.9308166504,2.151763916,4.176817894,4.781467438,0.04797935486,0.1441955566,0.2398967743,0.03679990768,0.1047134399,0.1839995384,0.002917480469,0.006927490234
E02350,39.5,22,2015-01-01T07:00:00,2015-01-01T11:00:00,2015-01-01T12:00:00,5,6,wet_snow,6,wet_snow,0,5,2.12600708,-0.2621765137,3.937530518,4.366353989,4.728876114,0.01982688904,0.03776550293,0.09913444519,0.01976251602,0.03781914711,0.09881258011,0.1110473633,0.166595459
E01439,40,22.25,2017-02-14T10:00:00,2017-02-14T14:00:00,2017-02-14T15:00:00,5,6,wet_snow,6,wet_snow,0,5,3.745977783,3.5909729,4.048858643,4.211300468,4.688204765,0.04806518555,0.08926391602,0.2403259277,0.01512765884,0.02853870392,0.07563829422,0.0299987793,0.05380249023
E00519,40.25,22,2019-01-19T03:00:00,2019-01-19T07:00:00,2019-01-19T08:00:00,5,3,freezing_rain,3,freezing_rain,5,0,-0.530267334,-0.9727478027,0.03018188477,4.21194973,4.686021805,0.001029968262,0.00171661377,0.005149841309,0,0,0,0.003234863281,0.003967285156
E01213,40,22,2017-02-14T08:00:00,2017-02-14T12:00:00,2017-02-14T13:00:00,5,6,wet_snow,6,wet_snow,0,5,3.534747314,1.726348877,4.672271729,4.483823395,4.620429039,0.07261276245,0.1047134399,0.3630638123,0.02390384674,0.07199048996,0.1195192337,0.03001708984,0.04998779297
E00458,40.25,22,2017-01-23T11:00:00,2017-01-23T15:00:00,2017-01-23T16:00:00,5,6,wet_snow,6,wet_snow,0,5,0.7754455566,0.5073547363,0.9792785645,4.49065361,4.586432457,0.007123947144,0.0171661377,0.03561973572,0.007091760635,0.01673698425,0.03545880318,0.1347961426,0.1659851074
E02538,39.5,22.5,2016-12-31T09:00:00,2016-12-31T13:00:00,2016-12-31T14:00:00,5,6,wet_snow,6,wet_snow,0,5,3.469122314,1.552642822,4.311553955,4.407425117,4.53416729,0.009784698486,0.01845359802,0.04892349243,0.009323358536,0.01802444458,0.04661679268,0.0009704589844,0.001647949219
E02305,39.5,21.75,2019-01-12T09:00:00,2019-01-12T13:00:00,2019-01-12T14:00:00,5,6,wet_snow,6,wet_snow,0,5,2.076251221,1.906402588,2.25088501,4.17545414,4.510121346,0.2904510498,0.4652023315,1.452255249,0.2887880802,0.4638075829,1.443940401,0.09729003906,0.1348266602
E02929,39.25,22,2016-01-20T10:00:00,2016-01-20T14:00:00,2016-01-20T15:00:00,5,6,wet_snow,6,wet_snow,0,5,-0.06520385742,-0.3571472168,0.274810791,3.787906647,4.485962868,0.1413631439,0.2630710602,0.7068157196,0.1407837868,0.26242733,0.7039189339,0.126159668,0.1527099609
E00969,40,21.75,2017-01-24T23:00:00,2017-01-25T03:00:00,2017-01-25T04:00:00,5,6,wet_snow,6,wet_snow,0,5,1.999591064,1.832672119,2.156036377,4.144611168,4.481062889,0.3002357483,0.402545929,1.501178741,0.2423000336,0.3279805183,1.211500168,0.03659057617,0.1058654785
E03113,39.25,22.25,2019-12-30T22:00:00,2019-12-31T02:00:00,2019-12-31T03:00:00,5,6,wet_snow,6,wet_snow,0,5,3.030328369,2.179840088,3.495269775,4.009861374,4.469046593,0.01270294189,0.02059936523,0.06351470947,0.0100851059,0.01555681229,0.05042552948,0.03285522461,0.04122924805
E02289,39.5,21.75,2017-12-22T07:00:00,2017-12-22T11:00:00,2017-12-22T12:00:00,5,6,wet_snow,6,wet_snow,0,5,0.3522033691,-0.7354431152,1.777496338,4.21549015,4.467236519,0.4421138763,0.4892349243,2.210569382,0.4341959953,0.4886984825,2.170979977,0.1025695801,0.1370239258
E00144,40.25,21.75,2016-01-20T11:00:00,2016-01-20T15:00:00,2016-01-20T16:00:00,5,6,wet_snow,6,wet_snow,0,5,0.1293762207,-0.1077575684,0.3222961426,4.042609215,4.464517593,0.002746582031,0.006008148193,0.01373291016,0.002982616425,0.006008148193,0.01491308212,0.03690185547,0.0539855957
E02530,39.5,22.5,2016-01-22T18:00:00,2016-01-22T22:00:00,2016-01-22T23:00:00,5,6,wet_snow,6,wet_snow,0,5,2.421954346,1.560943604,3.731231689,4.115084648,4.463797569,0.0006866455078,0.002574920654,0.003433227539,0.0008797645569,0.002413988113,0.004398822784,0.04533691406,0.05221557617
E01995,39.75,22.25,2016-12-14T08:00:00,2016-12-14T12:00:00,2016-12-14T13:00:00,5,6,wet_snow,6,wet_snow,0,5,3.807159424,1.923126221,5.051300049,3.726986122,4.447378159,0.01064300537,0.03004074097,0.05321502686,0.005085468292,0.02006292343,0.02542734146,0.04039306641,0.08013916016
E01839,39.75,22,2014-01-27T01:00:00,2014-01-27T05:00:00,2014-01-27T06:00:00,5,6,wet_snow,6,wet_snow,0,5,0.8278869629,0.4151916504,1.378814697,4.198580742,4.439476967,0.003862380981,0.005578994751,0.01931190491,0.003679990768,0.00547170639,0.01839995384,0.06405029297,0.0969543457
E03054,39.25,22.25,2016-01-20T10:00:00,2016-01-20T14:00:00,2016-01-20T15:00:00,5,6,wet_snow,6,wet_snow,0,5,0.8250305176,0.5523986816,1.163482666,3.691422272,4.375611305,0.1544952393,0.297832489,0.7724761963,0.1449894905,0.2945065498,0.7249474525,0.1171630859,0.1514892578
E01431,40,22.25,2017-01-24T10:00:00,2017-01-24T14:00:00,2017-01-24T15:00:00,5,6,wet_snow,6,wet_snow,0,5,1.241339111,0.9422912598,1.552398682,4.223416138,4.374035835,0.2370643616,0.4446029663,1.185321808,0.1643121243,0.3396749496,0.8215606213,0.03630981445,0.04507446289
E01992,39.75,22.25,2016-01-24T08:00:00,2016-01-24T12:00:00,2016-01-24T13:00:00,5,6,wet_snow,6,wet_snow,0,5,2.716265869,1.293487549,3.729522705,3.692444992,4.338165283,0.002574920654,0.007724761963,0.01287460327,0.002660751343,0.008153915405,0.01330375671,0.02603759766,0.05874633789
E02138,39.75,22.5,2019-01-09T09:00:00,2019-01-09T13:00:00,2019-01-09T14:00:00,5,6,wet_snow,6,wet_snow,0,5,0.7042053223,-1.528900146,1.558013916,4.110768127,4.302936554,0.3776550293,0.7518768311,1.888275146,0.3718400002,0.7262349129,1.859200001,0.1205993652,0.1536254883
E02273,39.5,21.75,2017-01-16T05:00:00,2017-01-16T09:00:00,2017-01-16T10:00:00,5,6,wet_snow,6,wet_snow,0,5,1.389752197,1.0206604,1.662261963,3.684096146,4.289684296,1.703052521,2.070665359,8.515262604,1.431076527,1.731204987,7.155382633,0.3066711426,0.3689575195
E01723,39.75,21.75,2016-12-14T08:00:00,2016-12-14T12:00:00,2016-12-14T13:00:00,5,6,wet_snow,6,wet_snow,0,5,2.554425049,0.8450012207,3.556060791,3.827962685,4.275242805,0.01072883606,0.0364780426,0.0536441803,0.01072883606,0.03637075424,0.0536441803,0.1125732422,0.2046203613
E01864,39.75,22,2016-01-24T08:00:00,2016-01-24T12:00:00,2016-01-24T13:00:00,5,6,wet_snow,6,wet_snow,0,5,2.493609619,0.9848937988,3.667022705,3.79381218,4.216094971,0.0022315979,0.006866455078,0.0111579895,0.002188682556,0.006759166718,0.01094341278,0.02190551758,0.05447387695
E02426,39.5,22.25,2015-01-01T07:00:00,2015-01-01T11:00:00,2015-01-01T12:00:00,5,6,wet_snow,6,wet_snow,0,5,3.15491333,1.345245361,4.457061768,3.713424301,4.162469864,0.01484870911,0.03304481506,0.07424354553,0.01487016678,0.03304481506,0.07435083389,0.05866088867,0.09548950195
E02034,39.75,22.25,2019-01-09T10:00:00,2019-01-09T14:00:00,2019-01-09T15:00:00,5,6,wet_snow,6,wet_snow,0,5,0.3714904785,0.02114868164,0.5438537598,3.997112656,4.063176155,0.7985687256,1.315784454,3.992843628,0.7745575905,1.214504242,3.872787952,0.1553649902,0.1905517578
E01867,39.75,22,2016-12-14T08:00:00,2016-12-14T12:00:00,2016-12-14T13:00:00,5,6,wet_snow,6,wet_snow,0,5,3.121612549,1.428985596,4.199737549,3.47600956,4.055516243,0.008411407471,0.03046989441,0.04205703735,0.008518695831,0.03046989441,0.04259347916,0.06865844727,0.133392334
E01163,40,22,2015-12-11T00:00:00,2015-12-11T04:00:00,2015-12-11T05:00:00,5,6,wet_snow,6,wet_snow,0,5,3.082745361,2.936553955,3.223052979,3.887420464,4.00196743,0.004549026489,0.006437301636,0.02274513245,0.003111362457,0.004076957703,0.01555681229,0.1242614746,0.1519470215
E01119,40,22,2013-02-17T02:00:00,2013-02-17T06:00:00,2013-02-17T07:00:00,5,6,wet_snow,6,wet_snow,0,5,3.365631104,3.322540283,3.397369385,3.769060707,3.953804016,0.4401397705,0.5875110626,2.200698853,0.3310704231,0.4446029663,1.655352116,0.05314331055,0.07824707031
E01711,39.75,21.75,2016-01-01T10:00:00,2016-01-01T14:00:00,2016-01-01T15:00:00,5,6,wet_snow,6,wet_snow,0,5,2.289434814,1.517364502,2.674102783,3.816063881,3.9226017,0.000171661377,0.0008583068848,0.0008583068848,6.437301636e-05,0.0003218650818,0.0003218650818,0.02015380859,0.02551269531
E03204,39.25,22.5,2017-12-21T14:00:00,2017-12-21T18:00:00,2017-12-21T19:00:00,5,6,wet_snow,6,wet_snow,0,5,0.2829650879,0.1197814941,0.4867248535,3.192454338,3.903577805,1.077861786,1.474571228,5.389308929,0.9243535995,1.18650198,4.621767998,0.08046875,0.1427001953
E02466,39.5,22.25,2019-01-09T09:00:00,2019-01-09T13:00:00,2019-01-09T14:00:00,5,6,wet_snow,6,wet_snow,0,5,0.3366271973,-1.929290771,1.140533447,3.609791565,3.882512093,0.4336166382,0.9372711182,2.168083191,0.4166221619,0.8683919907,2.083110809,0.03155517578,0.04403686523
E03153,39.25,22.5,2014-12-30T00:00:00,2014-12-30T04:00:00,2014-12-30T05:00:00,5,6,wet_snow,6,wet_snow,0,5,2.169683838,1.472076416,3.105377197,3.604771233,3.774475098,0.01296043396,0.02918243408,0.0648021698,0.01195192337,0.02950429916,0.05975961685,0.0548034668,0.08111572266
E01198,40,22,2017-01-21T08:00:00,2017-01-21T12:00:00,2017-01-21T13:00:00,5,6,wet_snow,6,wet_snow,0,5,3.089630127,1.890655518,3.921417236,3.227608299,3.763655663,0.007467269897,0.00901222229,0.03733634949,0.0002789497375,0.0006437301636,0.001394748688,0.0806640625,0.08599853516
E02390,39.5,22,2019-01-09T09:00:00,2019-01-09T13:00:00,2019-01-09T14:00:00,5,6,wet_snow,6,wet_snow,0,5,0.1194396973,-1.284759521,0.8104553223,3.629518127,3.761920929,0.936756134,1.60074234,4.68378067,0.9362411499,1.600420475,4.68120575,0.03726196289,0.04425048828
E02931,39.25,22,2016-01-21T03:00:00,2016-01-21T07:00:00,2016-01-21T08:00:00,5,3,freezing_rain,3,freezing_rain,5,0,-3.139447021,-4.825286865,-1.732513428,2.725777054,3.688076019,0.0006866455078,0.0008583068848,0.003433227539,6.437301636e-05,0.0002682209015,0.0003218650818,0.02178344727,0.03680419922
E02943,39.25,22,2016-12-21T02:00:00,2016-12-21T06:00:00,2016-12-21T07:00:00,5,3,freezing_rain,3,freezing_rain,5,0,-1.531243896,-2.87411499,-0.2273864746,3.291578293,3.626184464,0.2089118958,0.4098415375,1.044559479,0.04669189453,0.1033186913,0.2334594727,0.277923584,0.3689880371
E02684,39.25,21.75,2012-12-12T14:00:00,2012-12-12T18:00:00,2012-12-12T19:00:00,5,6,wet_snow,6,wet_snow,0,5,2.964849854,0.7450256348,4.297271729,3.124341583,3.557337761,0.04351615906,0.07381439209,0.2175807953,0.04306554794,0.07263422012,0.2153277397,0.005914306641,0.01165771484
E01745,39.75,21.75,2017-01-27T08:00:00,2017-01-27T12:00:00,2017-01-27T13:00:00,5,6,wet_snow,6,wet_snow,0,5,2.226055908,1.056182861,2.847076416,3.148254204,3.362342834,0.02094268799,0.05578994751,0.1047134399,0.0208568573,0.05578994751,0.1042842865,0.1052368164,0.1544189453
E00903,40,21.75,2014-02-02T23:00:00,2014-02-03T03:00:00,2014-02-03T04:00:00,5,6,wet_snow,6,wet_snow,0,5,1.458453369,1.290435791,1.561431885,3.146670532,3.219129562,0.0238609314,0.02789497375,0.119304657,0.01789569855,0.0217795372,0.08947849274,0.1371826172,0.1530151367
E03056,39.25,22.25,2016-01-21T03:00:00,2016-01-21T07:00:00,2016-01-21T08:00:00,5,3,freezing_rain,3,freezing_rain,5,0,-1.422650146,-2.856536865,-0.1133728027,2.149605179,3.136318207,0.0006866455078,0.0008583068848,0.003433227539,4.291534424e-05,0.0002145767212,0.0002145767212,0.0282043457,0.04611206055
E03068,39.25,22.25,2016-12-21T02:00:00,2016-12-21T06:00:00,2016-12-21T07:00:00,5,3,freezing_rain,3,freezing_rain,5,0,-1.808197021,-3.962005615,0.02066040039,2.781031418,3.130090714,0.1981830597,0.3188610077,0.9909152985,0.0002360343933,0.0003218650818,0.001180171967,0.2715026855,0.340423584
E01967,39.75,22.25,2014-01-27T01:00:00,2014-01-27T05:00:00,2014-01-27T06:00:00,5,6,wet_snow,6,wet_snow,0,5,1.827886963,1.421051025,2.329986572,2.914401054,3.121117592,0.01750946045,0.02403259277,0.08754730225,0.004291534424,0.006330013275,0.02145767212,0.06857299805,0.1094665527
E02128,39.75,22.5,2017-01-27T05:00:00,2017-01-27T09:00:00,2017-01-27T10:00:00,5,6,wet_snow,6,wet_snow,0,5,1.560406494,0.8775939941,2.514190674,2.448686028,3.119909286,0.06943702698,0.1055717468,0.3471851349,0.06438374519,0.08089542389,0.321918726,0.1350463867,0.1770019531
E01848,39.75,22,2015-02-16T02:00:00,2015-02-16T06:00:00,2015-02-16T07:00:00,5,3,freezing_rain,3,freezing_rain,5,0,-3.041448975,-3.263031006,-2.528411865,2.974036789,3.064796448,0.0002574920654,0.0004291534424,0.001287460327,0,0,0,0.002545166016,0.0048828125
E01976,39.75,22.25,2015-02-16T02:00:00,2015-02-16T06:00:00,2015-02-16T07:00:00,5,3,freezing_rain,3,freezing_rain,5,0,-1.636761475,-1.774505615,-1.449066162,2.939466476,3.046858788,0.001459121704,0.003004074097,0.007295608521,0,0,0,0.005841064453,0.009429931641
E00153,40.25,21.75,2016-12-08T03:00:00,2016-12-08T07:00:00,2016-12-08T08:00:00,5,6,wet_snow,6,wet_snow,0,5,0.839239502,0.5094299316,1.084503174,2.913951492,3.043055534,0.03819465637,0.04978179932,0.1909732819,0.01778841019,0.0209748745,0.08894205093,0.228326416,0.2607727051
E02121,39.75,22.5,2016-12-31T19:00:00,2016-12-31T23:00:00,2017-01-01T00:00:00,5,6,wet_snow,6,wet_snow,0,5,0.8386291504,0.1896057129,2.100006104,2.792929077,3.009672165,0.01012802124,0.02274513245,0.0506401062,0.01012802124,0.02242326736,0.0506401062,0.003875732422,0.0107421875
E02702,39.25,21.75,2013-02-19T05:00:00,2013-02-19T09:00:00,2013-02-19T10:00:00,5,6,wet_snow,6,wet_snow,0,5,1.814776611,1.335601807,2.797393799,2.750539017,2.840272903,2.301549911,2.800226212,11.50774956,1.800760031,2.275586128,9.003799438,0.2582275391,0.3360290527
E00278,40.25,21.75,2020-01-23T23:00:00,2020-01-24T03:00:00,2020-01-24T04:00:00,5,6,wet_snow,6,wet_snow,0,5,-1.340423584,-1.778167725,-0.9934997559,2.384253502,2.526949883,0.0006866455078,0.002145767212,0.003433227539,0.0002789497375,0.001180171967,0.001394748688,0.07509765625,0.1293945312
E00679,40.25,22.25,2017-01-31T02:00:00,2017-01-31T06:00:00,2017-01-31T07:00:00,5,6,wet_snow,6,wet_snow,0,5,1.579766846,1.440826416,1.693634033,2.463233948,2.513083458,0.1086616516,0.1441955566,0.5433082581,0.09829759598,0.132393837,0.4914879799,0.2178833008,0.2666625977
E00982,40,21.75,2017-02-13T23:00:00,2017-02-14T03:00:00,2017-02-14T04:00:00,5,6,wet_snow,6,wet_snow,0,5,0.3854797363,-0.09176635742,0.8354797363,2.140340614,2.471870422,0.02171516418,0.02574920654,0.1085758209,0.01622200012,0.0212430954,0.08111000061,0.04223632812,0.05557250977
E02369,39.5,22,2016-12-14T02:00:00,2016-12-14T06:00:00,2016-12-14T07:00:00,5,6,wet_snow,6,wet_snow,0,5,-1.265814209,-1.811859131,-0.586517334,2.21431179,2.42099762,0.0007724761963,0.001287460327,0.003862380981,0.0007724761963,0.001180171967,0.003862380981,0.05250244141,0.07162475586
E02214,39.5,21.75,2012-02-02T11:00:00,2012-02-02T15:00:00,2012-02-02T16:00:00,5,6,wet_snow,6,wet_snow,0,5,0.2432434082,-0.02352905273,0.5646057129,2.180493546,2.360836029,0.5832195282,0.6982326508,2.916097641,0.5761170387,0.6770968437,2.880585194,0.1022277832,0.1235961914
E02445,39.5,22.25,2016-12-14T02:00:00,2016-12-14T06:00:00,2016-12-14T07:00:00,5,6,wet_snow,6,wet_snow,0,5,-0.427923584,-0.9200134277,0.397857666,2.27759304,2.352594376,0.004978179932,0.006866455078,0.02489089966,0.0004935264587,0.0008583068848,0.002467632294,0.04513549805,0.06237792969
E01394,40,22.25,2015-02-16T02:00:00,2015-02-16T06:00:00,2015-02-16T07:00:00,5,3,freezing_rain,3,freezing_rain,5,0,-2.187542725,-2.770111084,-1.49130249,1.809778976,2.326155663,0.004892349243,0.008583068848,0.02446174622,0,0,0,0.01483154297,0.01791381836
E02534,39.5,22.5,2016-12-22T02:00:00,2016-12-22T06:00:00,2016-12-22T07:00:00,5,3,freezing_rain,3,freezing_rain,5,0,-1.447357178,-1.876312256,-0.7080993652,1.954350471,2.028244972,0.002660751343,0.004291534424,0.01330375671,0,0,0,0.03664550781,0.04357910156
E01310,40,22.25,2012-02-06T17:00:00,2012-02-06T20:00:00,2012-02-06T21:00:00,4,6,wet_snow,6,wet_snow,0,4,2.712188721,2.230987549,3.079498291,20.83960772,27.69236755,1.789784431,2.082681656,7.159137726,1.343411207,1.551389694,5.373644829,0.274772644,0.3771362305
E00917,40,21.75,2015-01-12T08:00:00,2015-01-12T11:00:00,2015-01-12T12:00:00,4,6,wet_snow,6,wet_snow,0,4,3.465942383,1.978912354,4.939727783,16.33600974,18.66339111,0.006330013275,0.01158714294,0.0253200531,0.006276369095,0.01131892204,0.02510547638,0.01862335205,0.03701782227
E00389,40.25,22,2014-12-28T18:00:00,2014-12-28T21:00:00,2014-12-28T22:00:00,4,3,freezing_rain,3,freezing_rain,4,0,0.9071350098,0.5565490723,1.414459229,13.24885869,17.4916954,1.433157921,1.738071442,5.732631683,0.1492381096,0.3744363785,0.5969524384,0.02612304688,0.04312133789
E01638,40,22.75,2018-02-26T06:00:00,2018-02-26T09:00:00,2018-02-26T10:00:00,4,6,wet_snow,6,wet_snow,0,4,3.472900391,2.857940674,4.370513916,15.60709906,16.23074913,4.854905605,5.713748932,19.41962242,3.367620707,4.157960415,13.47048187,0.6147384644,1.104003906
E00700,40.25,22.25,2018-02-25T20:00:00,2018-02-25T23:00:00,2018-02-26T00:00:00,4,6,wet_snow,6,wet_snow,0,4,0.9101867676,0.7137756348,1.047271729,13.26797843,15.70450497,2.405190468,2.897644043,9.620761871,2.289023995,2.861273289,9.156095505,0.3604125977,0.4075927734
E00163,40.25,21.75,2016-12-29T10:00:00,2016-12-29T13:00:00,2016-12-29T14:00:00,4,6,wet_snow,6,wet_snow,0,4,2.767883301,2.620513916,2.913238525,15.23747182,15.42632866,0.001072883606,0.00171661377,0.004291534424,0.001314282417,0.001609325409,0.005257129669,0.002655029297,0.003631591797
E01573,40,22.5,2018-02-26T06:00:00,2018-02-26T09:00:00,2018-02-26T10:00:00,4,6,wet_snow,6,wet_snow,0,4,0.6843261719,0.2679748535,1.082672119,14.44059515,14.85341835,3.952825069,4.744720459,15.81130028,3.530269861,4.489910603,14.1210804,0.3759231567,0.8225708008
E00922,40,21.75,2015-02-10T11:00:00,2015-02-10T14:00:00,2015-02-10T15:00:00,4,6,wet_snow,6,wet_snow,0,4,1.525848389,1.146392822,1.785308838,14.2409308,14.32677364,0.04688501358,0.1094341278,0.1875400543,0.04586577415,0.1064300537,0.1834630966,0.003318786621,0.006896972656
E01602,40,22.75,2012-02-28T11:00:00,2012-02-28T14:00:00,2012-02-28T15:00:00,4,6,wet_snow,6,wet_snow,0,4,4.853057861,4.156402588,5.414459229,13.80094624,14.30156708,0.02199411392,0.04935264587,0.08797645569,5.36441803e-05,0.0001072883606,0.0002145767212,0.001136779785,0.001434326172
E02606,39.5,22.75,2015-01-06T07:00:00,2015-01-06T10:00:00,2015-01-06T11:00:00,4,6,wet_snow,6,wet_snow,0,4,2.914733887,0.546661377,4.852081299,11.03137207,14.01724243,0.01791715622,0.04591941833,0.07166862488,0.0002145767212,0.0006437301636,0.0008583068848,0.001571655273,0.002502441406
E00336,40.25,22,2013-01-06T10:00:00,2013-01-06T13:00:00,2013-01-06T14:00:00,4,6,wet_snow,6,wet_snow,0,4,3.25189209,3.125640869,3.382843018,12.84637475,13.73483372,0.0003218650818,0.001287460327,0.001287460327,0.0004827976227,0.001394748688,0.001931190491,0.002403259277,0.003784179688
E02166,39.75,22.75,2015-01-07T07:00:00,2015-01-07T10:00:00,2015-01-07T11:00:00,4,6,wet_snow,6,wet_snow,0,4,2.956237793,1.837554932,3.531158447,12.96460199,13.23772526,0.0006437301636,0.002574920654,0.002574920654,5.36441803e-05,0.0001072883606,0.0002145767212,0.003105163574,0.003845214844
E01537,40,22.5,2012-02-28T11:00:00,2012-02-28T14:00:00,2012-02-28T15:00:00,4,6,wet_snow,6,wet_snow,0,4,2.388214111,2.029449463,2.621490479,13.029706,13.14141941,0.003433227539,0.005149841309,0.01373291016,0.00351369381,0.00536441803,0.01405477524,0.004272460938,0.008392333984
E00558,40.25,22,2020-02-22T07:00:00,2020-02-22T10:00:00,2020-02-22T11:00:00,4,6,wet_snow,6,wet_snow,0,4,3.886413574,1.870513916,5.862945557,11.06143761,13.0889225,0.01437664032,0.0283241272,0.05750656128,0.01161396503,0.02853870392,0.04645586014,0.0168838501,0.02435302734
E01286,40,22,2020-02-06T11:00:00,2020-02-06T14:00:00,2020-02-06T15:00:00,4,6,wet_snow,6,wet_snow,0,4,2.976287842,2.402252197,3.350006104,11.89245224,12.57291985,0.002253055573,0.005149841309,0.00901222229,0.001984834671,0.004291534424,0.007939338684,0.006828308105,0.008575439453
E02646,39.5,22.75,2019-01-07T15:00:00,2019-01-07T18:00:00,2019-01-07T19:00:00,4,6,wet_snow,6,wet_snow,0,4,1.935394287,1.402496338,2.339752197,11.41264272,12.42747498,0.01051425934,0.022315979,0.04205703735,0.00713467598,0.01072883606,0.02853870392,0.001892089844,0.003967285156
E00344,40.25,22,2013-01-24T03:00:00,2013-01-24T06:00:00,2013-01-24T07:00:00,4,3,freezing_rain,3,freezing_rain,4,0,0.269744873,0.1305236816,0.462310791,10.66318774,12.15128136,0.4618763924,0.915813446,1.847505569,0,0,0,0.0287322998,0.04119873047
E00265,40.25,21.75,2019-12-28T08:00:00,2019-12-28T11:00:00,2019-12-28T12:00:00,4,6,wet_snow,6,wet_snow,0,4,3.205566406,2.288726807,4.125030518,10.96524692,12.09264946,0.00901222229,0.02145767212,0.03604888916,0.003352761269,0.006437301636,0.01341104507,0.001907348633,0.003234863281
E00528,40.25,22,2019-02-15T15:00:00,2019-02-15T18:00:00,2019-02-15T19:00:00,4,6,wet_snow,6,wet_snow,0,4,2.917388916,2.126983643,3.583770752,9.017195225,12.03888798,0.0759601593,0.2300262451,0.3038406372,0.03734976053,0.08100271225,0.1493990421,0.001831054688,0.004516601562
E00239,40.25,21.75,2019-01-01T09:00:00,2019-01-01T12:00:00,2019-01-01T13:00:00,4,6,wet_snow,6,wet_snow,0,4,4.981964111,3.498199463,5.659210205,10.70676208,11.83793354,0.03840923309,0.1459121704,0.1536369324,0.02609789371,0.09945631027,0.1043915749,0.004295349121,0.006225585938
E01654,39.75,21.75,2012-01-26T16:00:00,2012-01-26T19:00:00,2012-01-26T20:00:00,4,6,wet_snow,6,wet_snow,0,4,2.933868408,2.180450439,4.239776611,11.64938784,11.78663826,0,0,0,0.0002548098564,0.0004291534424,0.001019239426,0.004898071289,0.01132202148
E02589,39.5,22.75,2012-02-09T07:00:00,2012-02-09T10:00:00,2012-02-09T11:00:00,4,6,wet_snow,6,wet_snow,0,4,1.784790039,0.9833068848,2.889068604,11.23514414,11.77726364,0.1241326332,0.1437664032,0.4965305328,0.1173466444,0.1309990883,0.4693865776,0.0645904541,0.08798217773
E00019,40.25,21.75,2012-02-06T10:00:00,2012-02-06T13:00:00,2012-02-06T14:00:00,4,6,wet_snow,6,wet_snow,0,4,0.9483642578,0.6898498535,1.517608643,8.906165361,11.70136833,1.193475723,1.443243027,4.773902893,0.9590640664,1.237946749,3.836256266,0.1247711182,0.1983337402
E00218,40.25,21.75,2018-02-15T17:00:00,2018-02-15T20:00:00,2018-02-15T21:00:00,4,6,wet_snow,6,wet_snow,0,4,2.819458008,2.19619751,3.164093018,10.58894777,11.5866003,0.0901222229,0.1583576202,0.3604888916,0.0633135438,0.08722543716,0.2532541752,0.02764129639,0.03503417969
E01514,40,22.25,2020-02-22T07:00:00,2020-02-22T10:00:00,2020-02-22T11:00:00,4,6,wet_snow,6,wet_snow,0,4,4.364929199,2.753326416,6.148101807,10.11343956,11.56743813,0.02274513245,0.04549026489,0.09098052979,0.01601278782,0.04312992096,0.06405115128,0.01197814941,0.02746582031
E01291,40,22,2020-02-22T07:00:00,2020-02-22T10:00:00,2020-02-22T11:00:00,4,6,wet_snow,6,wet_snow,0,4,4.717468262,2.356842041,6.984039307,9.757238388,11.51958656,0.01459121704,0.03604888916,0.05836486816,0.007751584053,0.01899003983,0.03100633621,0.01657104492,0.03009033203
E01467,40,22.25,2018-02-27T23:00:00,2018-02-28T02:00:00,2018-02-28T03:00:00,4,3,freezing_rain,3,freezing_rain,4,0,1.937835693,1.635772705,2.229766846,9.50029707,11.07298565,0.2510547638,0.376367569,1.004219055,0.02354979515,0.08239746094,0.0941991806,0.05061340332,0.08499145508
E02849,39.25,21.75,2019-02-16T08:00:00,2019-02-16T11:00:00,2019-02-16T12:00:00,4,6,wet_snow,6,wet_snow,0,4,3.950683594,2.93069458,4.863677979,10.29260278,11.05353737,0.03840923309,0.05750656128,0.1536369324,0.03820806742,0.05761384964,0.1528322697,0.061668396,0.07763671875
E02830,39.25,21.75,2018-12-25T04:00:00,2018-12-25T07:00:00,2018-12-25T08:00:00,4,6,wet_snow,6,wet_snow,0,4,3.230712891,2.835723877,4.092193604,8.462583303,10.94738197,1.623594761,1.862955093,6.494379044,1.051238179,1.621341705,4.204952717,0.3136749268,0.4643554688
E02119,39.75,22.5,2016-12-30T09:00:00,2016-12-30T12:00:00,2016-12-30T13:00:00,4,6,wet_snow,6,wet_snow,0,4,4.072723389,3.441680908,4.322540283,10.2607336,10.85755062,0.0009655952454,0.002145767212,0.003862380981,0.0009924173355,0.001609325409,0.003969669342,0.002655029297,0.004089355469
E02176,39.75,22.75,2015-12-31T02:00:00,2015-12-31T05:00:00,2015-12-31T06:00:00,4,6,wet_snow,6,wet_snow,0,4,2.862701416,2.616973877,3.066558838,10.01680756,10.84379959,0.2761602402,0.3167152405,1.104640961,0.2548098564,0.3000855446,1.019239426,0.1569213867,0.1770935059
E01240,40,22,2018-02-15T07:00:00,2018-02-15T10:00:00,2018-02-15T11:00:00,4,6,wet_snow,6,wet_snow,0,4,2.869262695,1.972930908,3.8644104,9.455584526,10.76006699,0.3545880318,0.4574775696,1.418352127,0.2704203129,0.322830677,1.081681252,0.01183319092,0.01754760742
E01160,40,22,2015-02-11T11:00:00,2015-02-11T14:00:00,2015-02-11T15:00:00,4,6,wet_snow,6,wet_snow,0,4,2.597625732,2.345977783,2.768951416,10.09224248,10.66072559,0.005042552948,0.006866455078,0.02017021179,0.005055963993,0.006973743439,0.02022385597,0.00456237793,0.005279541016
E01583,40,22.75,2012-01-30T00:00:00,2012-01-30T03:00:00,2012-01-30T04:00:00,4,6,wet_snow,6,wet_snow,0,4,2.908081055,2.651641846,3.141876221,10.48464155,10.62852573,0.02199411392,0.04506111145,0.08797645569,0.01956671476,0.03578066826,0.07826685905,0.05952453613,0.07693481445
E01027,40,21.75,2019-02-13T18:00:00,2019-02-13T21:00:00,2019-02-13T22:00:00,4,6,wet_snow,6,wet_snow,0,4,2.521484375,2.288604736,2.744659424,9.802788973,10.53514481,0.002253055573,0.005149841309,0.00901222229,0.002306699753,0.005042552948,0.009226799011,0.02820587158,0.06411743164
E00636,40.25,22.25,2016-01-17T00:00:00,2016-01-17T03:00:00,2016-01-17T04:00:00,4,6,wet_snow,6,wet_snow,0,4,1.446258545,1.195220947,1.68081665,8.507055998,10.50726223,0.5937337875,0.7505893707,2.37493515,0.3688842058,0.3967523575,1.475536823,0.07054901123,0.1251525879
E02065,39.75,22.5,2012-01-31T11:00:00,2012-01-31T14:00:00,2012-01-31T15:00:00,4,6,wet_snow,6,wet_snow,0,4,1.961242676,1.778961182,2.093902588,9.502564907,10.47970772,0.00182390213,0.002145767212,0.007295608521,0.001904368401,0.002682209015,0.007617473602,0.08272171021,0.09603881836
E00825,40.25,22.75,2019-02-25T07:00:00,2019-02-25T10:00:00,2019-02-25T11:00:00,4,6,wet_snow,6,wet_snow,0,4,3.897949219,3.707672119,4.089874268,10.24403024,10.46930218,0.02188682556,0.03776550293,0.08754730225,0.01662969589,0.02918243408,0.06651878357,0.1360702515,0.2126464844
E02949,39.25,22,2017-01-06T13:00:00,2017-01-06T16:00:00,2017-01-06T17:00:00,4,6,wet_snow,6,wet_snow,0,4,2.906402588,1.386138916,5.063140869,9.805395126,10.3162384,0.07359981537,0.216293335,0.2943992615,0.07017999887,0.2036869526,0.2807199955,0.05619812012,0.07873535156
E00535,40.25,22,2019-12-29T10:00:00,2019-12-29T13:00:00,2019-12-29T14:00:00,4,6,wet_snow,6,wet_snow,0,4,1.820648193,1.704376221,1.893218994,10.17996073,10.25518417,0.002574920654,0.004291534424,0.01029968262,0.002159178257,0.00364780426,0.008636713028,0.002868652344,0.003601074219
E00697,40.25,22.25,2018-02-15T05:00:00,2018-02-15T08:00:00,2018-02-15T09:00:00,4,6,wet_snow,6,wet_snow,0,4,2.399688721,1.835723877,3.007843018,8.917867422,10.1280365,0.1487016678,0.2836704254,0.5948066711,0.1424789429,0.2746582031,0.5699157715,0.04527282715,0.0888671875
E02655,39.25,21.75,2012-01-11T11:00:00,2012-01-11T14:00:00,2012-01-11T15:00:00,4,6,wet_snow,6,wet_snow,0,4,4.753112793,4.453521729,5.057769775,9.694821835,9.944974899,0,0,0,2.682209015e-05,0.0001072883606,0.0001072883606,0.002098083496,0.003997802734
E03297,39.25,22.75,2015-12-31T05:00:00,2015-12-31T08:00:00,2015-12-31T09:00:00,4,6,wet_snow,6,wet_snow,0,4,2.539367676,2.200836182,2.745025635,9.25731492,9.930803299,0.2459049225,0.3081321716,0.9836196899,0.2203702927,0.2539515495,0.8814811707,0.04565429688,0.09506225586
E01251,40,22,2018-12-25T02:00:00,2018-12-25T05:00:00,2018-12-25T06:00:00,4,6,wet_snow,6,wet_snow,0,4,2.722167969,2.413848877,3.164703369,8.634503603,9.831511497,0.7175445557,0.8334159851,2.870178223,0.443610549,0.6063938141,1.774442196,0.1391983032,0.2107849121
E02801,39.25,21.75,2018-01-04T06:00:00,2018-01-04T09:00:00,2018-01-04T10:00:00,4,6,wet_snow,6,wet_snow,0,4,2.119018555,1.916778564,2.56741333,7.862666368,9.744375229,1.415026188,1.922178268,5.660104752,0.9742453694,1.220834255,3.896981478,0.173210144,0.2570495605
E02378,39.5,22,2017-01-06T15:00:00,2017-01-06T18:00:00,2017-01-06T19:00:00,4,6,wet_snow,6,wet_snow,0,4,1.401580811,-0.05355834961,2.792877197,9.374011517,9.737373352,0.005257129669,0.008153915405,0.02102851868,0.00536441803,0.008046627045,0.02145767212,0.06617736816,0.09194946289
E02757,39.25,21.75,2016-12-22T10:00:00,2016-12-22T13:00:00,2016-12-22T14:00:00,4,6,wet_snow,6,wet_snow,0,4,3.437835693,3.321929932,3.633453369,9.022748232,9.571005821,0.04280805588,0.07252693176,0.1712322235,0.0411182642,0.06952285767,0.1644730568,0.07378387451,0.1081237793
E02155,39.75,22.75,2012-02-01T16:00:00,2012-02-01T19:00:00,2012-02-01T20:00:00,4,6,wet_snow,6,wet_snow,0,4,1.99206543,1.789581299,2.309112549,9.25668335,9.544606209,0.3575921059,0.4291534424,1.430368423,0.2978056669,0.3414988518,1.191222668,0.07769775391,0.1229553223
E03074,39.25,22.25,2017-01-06T13:00:00,2017-01-06T16:00:00,2017-01-06T17:00:00,4,6,wet_snow,6,wet_snow,0,4,4.694488525,3.235748291,6.768218994,8.925756454,9.536201477,0.005578994751,0.01330375671,0.022315979,0.004935264587,0.01233816147,0.01974105835,0.03859710693,0.05242919922
E01272,40,22,2019-12-29T10:00:00,2019-12-29T13:00:00,2019-12-29T14:00:00,4,6,wet_snow,6,wet_snow,0,4,3.125335693,3.022125244,3.261993408,9.179716587,9.499324799,0.0006437301636,0.0008583068848,0.002574920654,0.0005096197128,0.0007510185242,0.002038478851,0.002510070801,0.002960205078
E00782,40.25,22.5,2019-02-25T07:00:00,2019-02-25T10:00:00,2019-02-25T11:00:00,4,6,wet_snow,6,wet_snow,0,4,0.6142578125,-0.6028747559,1.487701416,9.203014612,9.350521088,0.02167224884,0.03519058228,0.08668899536,0.02191364765,0.03561973572,0.08765459061,0.08344268799,0.1532287598
E00481,40.25,22,2018-01-13T19:00:00,2018-01-13T22:00:00,2018-01-13T23:00:00,4,6,wet_snow,6,wet_snow,0,4,2.06652832,1.386871338,2.576324463,8.320468187,9.332402229,0.181210041,0.260925293,0.7248401642,0.1732975245,0.2504110336,0.6931900978,0.02318572998,0.0393371582
E01024,40,21.75,2019-01-26T08:00:00,2019-01-26T11:00:00,2019-01-26T12:00:00,4,6,wet_snow,6,wet_snow,0,4,2.444549561,1.272125244,3.803375244,8.907590866,9.300151825,0.09291172028,0.2111434937,0.3716468811,0.07566511631,0.1745581627,0.3026604652,0.02108764648,0.06903076172
E03008,39.25,22.25,2012-01-31T11:00:00,2012-01-31T14:00:00,2012-01-31T15:00:00,4,6,wet_snow,6,wet_snow,0,4,2.151184082,1.890289307,2.327423096,8.741090298,9.274629593,0.07209777832,0.100851059,0.2883911133,0.07172226906,0.09967088699,0.2868890762,0.1572151184,0.1828155518
E00698,40.25,22.25,2018-02-15T21:00:00,2018-02-16T00:00:00,2018-02-16T01:00:00,4,6,wet_snow,6,wet_snow,0,4,2.554443359,2.367828369,3.020294189,8.5414114,9.27186203,0.5641222,0.6248474121,2.2564888,0.5230844021,0.5802154541,2.092337608,0.123046875,0.1758117676
E01028,40,21.75,2019-02-14T21:00:00,2019-02-15T00:00:00,2019-02-15T01:00:00,4,6,wet_snow,6,wet_snow,0,4,2.691741943,2.069610596,3.620758057,8.726819754,9.208440781,0,0,0,0,0,0,0.009582519531,0.0126953125
E02991,39.25,22,2020-01-05T22:00:00,2020-01-06T01:00:00,2020-01-06T02:00:00,4,6,wet_snow,6,wet_snow,0,4,2.318908691,2.225128174,2.468170166,8.741698742,9.17034626,0.3476142883,0.5424499512,1.390457153,0.3290534019,0.474858284,1.316213608,0.07328033447,0.1047058105
E03263,39.25,22.75,2013-01-08T00:00:00,2013-01-08T03:00:00,2013-01-08T04:00:00,4,6,wet_snow,6,wet_snow,0,4,2.51272583,1.350738525,3.547027588,8.883916855,9.091230392,0.001072883606,0.002574920654,0.004291534424,0.001180171967,0.002789497375,0.004720687866,0.003997802734,0.007141113281
E01243,40,22,2018-02-27T23:00:00,2018-02-28T02:00:00,2018-02-28T03:00:00,4,3,freezing_rain,3,freezing_rain,4,0,2.155609131,1.444854736,2.837432861,7.490287304,9.090563774,0.2453684807,0.4853725433,0.9814739227,0.02758651972,0.08336305618,0.1103460789,0.03247070312,0.05563354492
E01588,40,22.75,2012-01-31T03:00:00,2012-01-31T06:00:00,2012-01-31T07:00:00,4,6,wet_snow,6,wet_snow,0,4,0.6692199707,0.5450744629,0.7906799316,8.245969296,9.085261345,0.01341104507,0.02059936523,0.0536441803,0.01342445612,0.02049207687,0.05369782448,0.1275100708,0.1383361816
E01364,40,22.25,2014-01-26T01:00:00,2014-01-26T04:00:00,2014-01-26T05:00:00,4,6,wet_snow,6,wet_snow,0,4,1.775604248,1.084625244,2.588043213,8.794378042,9.074158669,0.6214141846,0.7690429688,2.485656738,0.4989042878,0.6654024124,1.995617151,0.1354675293,0.1490478516
E03149,39.25,22.5,2012-02-28T10:00:00,2012-02-28T13:00:00,2012-02-28T14:00:00,4,6,wet_snow,6,wet_snow,0,4,5.177429199,4.71585083,5.608795166,8.737008572,8.975395203,0.0003218650818,0.0008583068848,0.001287460327,0.0003218650818,0.0008583068848,0.001287460327,0.00715637207,0.008880615234
E00472,40.25,22,2017-12-05T10:00:00,2017-12-05T13:00:00,2017-12-05T14:00:00,4,6,wet_snow,6,wet_snow,0,4,5.316436768,4.780303955,5.631744385,8.208230734,8.96844101,0.001180171967,0.002574920654,0.004720687866,0.001327693462,0.003379583359,0.005310773849,0.008422851562,0.01379394531
E00164,40.25,21.75,2016-12-31T10:00:00,2016-12-31T13:00:00,2016-12-31T14:00:00,4,6,wet_snow,6,wet_snow,0,4,1.46484375,1.170562744,1.79006958,8.632663012,8.917956352,0.009334087372,0.01587867737,0.03733634949,0.009280443192,0.01555681229,0.03712177277,0.002136230469,0.004821777344
E02454,39.5,22.25,2017-01-06T15:00:00,2017-01-06T18:00:00,2017-01-06T19:00:00,4,6,wet_snow,6,wet_snow,0,4,3.089569092,1.647613525,4.513580322,7.808093548,8.905342102,0.001180171967,0.002145767212,0.004720687866,0.001206994057,0.002253055573,0.004827976227,0.03917694092,0.04760742188
E02883,39.25,22,2012-01-31T11:00:00,2012-01-31T14:00:00,2012-01-31T15:00:00,4,6,wet_snow,6,wet_snow,0,4,0.4666137695,0.2398986816,0.6368713379,8.418336391,8.891817093,0.07027387619,0.09827613831,0.2810955048,0.07027387619,0.09859800339,0.2810955048,0.1317253113,0.1675262451
E03147,39.25,22.5,2012-02-17T10:00:00,2012-02-17T13:00:00,2012-02-17T14:00:00,4,6,wet_snow,6,wet_snow,0,4,6.139434814,5.683502197,6.478424072,8.130188942,8.889621735,0.0004291534424,0.0008583068848,0.00171661377,0.0004827976227,0.0008583068848,0.001931190491,0.0114402771,0.01541137695
E01265,40,22,2019-02-15T15:00:00,2019-02-15T18:00:00,2019-02-15T19:00:00,4,6,wet_snow,6,wet_snow,0,4,3.085357666,2.651397705,3.684356689,6.312605381,8.807442665,0.1519203186,0.5518913269,0.6076812744,0.09456127882,0.3264784813,0.3782451153,0.002426147461,0.005493164062
E00951,40,21.75,2016-12-31T09:00:00,2016-12-31T12:00:00,2016-12-31T13:00:00,4,6,wet_snow,6,wet_snow,0,4,1.453338623,-0.4786071777,2.444244385,8.623379946,8.740221977,0.007081031799,0.01287460327,0.0283241272,0.006973743439,0.01233816147,0.02789497375,0.00513458252,0.008972167969
E03333,39.25,22.75,2019-02-25T01:00:00,2019-02-25T04:00:00,2019-02-25T05:00:00,4,6,wet_snow,6,wet_snow,0,4,2.962738037,2.798980713,3.16885376,8.552627087,8.661122322,0.08540153503,0.1467704773,0.3416061401,0.06981790066,0.1019239426,0.2792716026,0.1526641846,0.1915588379
E01518,40,22.5,2012-01-30T00:00:00,2012-01-30T03:00:00,2012-01-30T04:00:00,4,6,wet_snow,6,wet_snow,0,4,0.3192138672,-0.1921081543,0.6067199707,8.505271435,8.638291359,0.1112580299,0.1617908478,0.4450321198,0.110077858,0.1568555832,0.4403114319,0.08678436279,0.09616088867
E00621,40.25,22.25,2014-12-29T11:00:00,2014-12-29T14:00:00,2014-12-29T15:00:00,4,6,wet_snow,6,wet_snow,0,4,3.127532959,1.967926025,3.666656494,8.514027119,8.614261627,0.02768039703,0.04377365112,0.1107215881,0.01260638237,0.03991127014,0.05042552948,0.07789611816,0.1792907715
E02713,39.25,21.75,2014-01-26T03:00:00,2014-01-26T06:00:00,2014-01-26T07:00:00,4,6,wet_snow,6,wet_snow,0,4,1.772460938,1.580718994,1.859039307,8.095344067,8.4815588,0.6293535233,0.87890625,2.517414093,0.4868477583,0.5717933178,1.947391033,0.03462982178,0.0598449707
E02745,39.25,21.75,2015-12-30T11:00:00,2015-12-30T14:00:00,2015-12-30T15:00:00,4,6,wet_snow,6,wet_snow,0,4,2.900115967,1.962677002,3.701446533,8.286778688,8.409998894,0.7778406143,0.9059429169,3.111362457,0.4987031221,0.6279587746,1.994812489,0.3648452759,0.4733581543
E00581,40.25,22.25,2012-02-11T11:00:00,2012-02-11T14:00:00,2012-02-11T15:00:00,4,6,wet_snow,6,wet_snow,0,4,-0.01348876953,-0.2339782715,0.1854553223,7.58326149,8.401561737,0.582253933,0.7076740265,2.329015732,0.5783781409,0.7038652897,2.313512564,0.08277130127,0.1088256836
E01979,39.75,22.25,2015-12-30T19:00:00,2015-12-30T22:00:00,2015-12-30T23:00:00,4,6,wet_snow,6,wet_snow,0,4,2.792358398,2.243560791,3.376251221,7.889133692,8.3888731,0.3825902939,0.4973888397,1.530361176,0.3376364708,0.4078030586,1.350545883,0.0661239624,0.1478271484
E00843,40,21.75,2012-02-11T09:00:00,2012-02-11T12:00:00,2012-02-11T13:00:00,4,6,wet_snow,6,wet_snow,0,4,1.689331055,1.527618408,1.917388916,8.156614304,8.370311737,0.4831194878,0.6287097931,1.932477951,0.4372134805,0.6125092506,1.748853922,0.06197357178,0.07904052734
E02255,39.5,21.75,2016-01-18T10:00:00,2016-01-18T13:00:00,2016-01-18T14:00:00,4,6,wet_snow,6,wet_snow,0,4,1.717498779,1.269561768,2.302642822,8.118007183,8.336956978,0.0141620636,0.02574920654,0.05664825439,0.01434981823,0.02564191818,0.05739927292,0.001197814941,0.002899169922
E00726,40.25,22.25,2019-02-24T12:00:00,2019-02-24T15:00:00,2019-02-24T16:00:00,4,6,wet_snow,6,wet_snow,0,4,-0.6849365234,-0.8064880371,-0.5534362793,7.517863989,8.062885284,0.006651878357,0.0111579895,0.02660751343,0.006383657455,0.01083612442,0.02553462982,0.002838134766,0.005187988281
E01739,39.75,21.75,2017-01-16T06:00:00,2017-01-16T09:00:00,2017-01-16T10:00:00,4,6,wet_snow,6,wet_snow,0,4,1.474456787,1.175567627,1.694488525,5.902328014,7.999457359,1.080608368,1.299476624,4.322433472,0.98721385,1.260638237,3.9488554,0.1768035889,0.1921691895
E00332,40.25,22,2012-12-22T11:00:00,2012-12-22T14:00:00,2012-12-22T15:00:00,4,6,wet_snow,6,wet_snow,0,4,0.4979248047,0.2772521973,0.712310791,7.512560844,7.943388939,0.1548171043,0.1944065094,0.6192684174,0.1543611288,0.1935482025,0.6174445152,0.01210021973,0.01629638672
E02788,39.25,21.75,2017-02-10T03:00:00,2017-02-10T06:00:00,2017-02-10T07:00:00,4,6,wet_snow,6,wet_snow,0,4,3.768463135,3.659332275,3.837799072,7.488561392,7.885112762,0.5890130997,0.6342887878,2.356052399,0.4584699869,0.5072593689,1.833879948,0.3840179443,0.4163513184
E01333,40,22.25,2012-12-22T11:00:00,2012-12-22T14:00:00,2012-12-22T15:00:00,4,6,wet_snow,6,wet_snow,0,4,1.026245117,0.9061584473,1.159576416,6.94835186,7.731474876,0.3994345665,0.4900932312,1.597738266,0.3321647644,0.4130601883,1.328659058,0.05841064453,0.06655883789
E00360,40.25,22,2013-02-19T19:00:00,2013-02-19T22:00:00,2013-02-19T23:00:00,4,6,wet_snow,6,wet_snow,0,4,0.3077392578,-0.7161560059,1.216949463,5.32369113,7.658454895,0.1180171967,0.3313064575,0.4720687866,0.1042842865,0.2887129784,0.417137146,0.04674530029,0.06039428711
E02919,39.25,22,2015-12-30T20:00:00,2015-12-30T23:00:00,2015-12-31T00:00:00,4,6,wet_snow,6,wet_snow,0,4,1.4609375,1.323638916,1.593536377,7.203486204,7.646354675,0.6868600845,0.886631012,2.747440338,0.6383657455,0.7937192917,2.553462982,0.1703033447,0.2396850586
E01446,40,22.25,2018-01-04T05:00:00,2018-01-04T08:00:00,2018-01-04T09:00:00,4,6,wet_snow,6,wet_snow,0,4,1.679290771,1.102813721,2.319976807,6.765241146,7.627878189,1.37758255,1.959514618,5.5103302,1.105432212,1.688235998,4.421729088,0.2321624756,0.427734375
E03044,39.25,22.25,2015-12-30T20:00:00,2015-12-30T23:00:00,2015-12-31T00:00:00,4,6,wet_snow,6,wet_snow,0,4,2.419921875,2.265045166,2.583770752,7.139765501,7.569206238,0.5263566971,0.684928894,2.105426788,0.4564583302,0.542986393,1.825833321,0.1343536377,0.1973571777
E02716,39.25,21.75,2014-01-31T18:00:00,2014-01-31T21:00:00,2014-01-31T22:00:00,4,6,wet_snow,6,wet_snow,0,4,3.323150635,3.069488525,3.551177979,7.22642231,7.56043911,0.2205848694,0.2712249756,0.8823394775,0.1640439034,0.1917243004,0.6561756134,0.207611084,0.2247314453
E02661,39.25,21.75,2012-01-27T12:00:00,2012-01-27T15:00:00,2012-01-27T16:00:00,4,6,wet_snow,6,wet_snow,0,4,3.919769287,3.553253174,4.297393799,7.418934822,7.556531906,0.0004291534424,0.001287460327,0.00171661377,0.0004157423973,0.001341104507,0.001662969589,0.002986907959,0.005493164062
E00475,40.25,22,2017-12-22T10:00:00,2017-12-22T13:00:00,2017-12-22T14:00:00,4,6,wet_snow,6,wet_snow,0,4,0.3800354004,0.1968078613,0.4747619629,7.354278326,7.544917107,0.01405477524,0.02875328064,0.05621910095,0.01417547464,0.02869963646,0.05670189857,0.04336547852,0.08325195312
E01709,39.75,21.75,2015-12-30T17:00:00,2015-12-30T20:00:00,2015-12-30T21:00:00,4,6,wet_snow,6,wet_snow,0,4,2.131317139,1.843170166,2.460235596,6.609955072,7.522662163,0.5279660225,0.6604671478,2.11186409,0.4933923483,0.6420135498,1.973569393,0.2573852539,0.3199157715
E00365,40.25,22,2013-12-03T03:00:00,2013-12-03T06:00:00,2013-12-03T07:00:00,4,6,wet_snow,6,wet_snow,0,4,3.131164551,2.906646729,3.365020752,7.311410904,7.520915985,0.4137039185,0.6093978882,1.654815674,0.2433031797,0.3098487854,0.973212719,0.08489227295,0.1024169922
E00595,40.25,22.25,2012-12-22T07:00:00,2012-12-22T10:00:00,2012-12-22T11:00:00,4,6,wet_snow,6,wet_snow,0,4,0.5266723633,-0.03182983398,1.135528564,6.777769089,7.434391022,0.3570556641,0.3879547119,1.428222656,0.3527641296,0.3836631775,1.411056519,0.08255004883,0.1003723145
E02400,39.5,22,2020-01-06T02:00:00,2020-01-06T05:00:00,2020-01-06T06:00:00,4,6,wet_snow,6,wet_snow,0,4,3.400177002,2.924713135,3.657745361,7.250832081,7.427568436,0.001931190491,0.005149841309,0.007724761963,0.002038478851,0.005042552948,0.008153915405,0.01538085938,0.02722167969
E00727,40.25,22.25,2019-02-25T14:00:00,2019-02-25T17:00:00,2019-02-25T18:00:00,4,6,wet_snow,6,wet_snow,0,4,0.121673584,-0.4698181152,0.6449279785,6.917804241,7.412360191,0.03529787064,0.04549026489,0.1411914825,0.03527104855,0.04549026489,0.1410841942,0.2338790894,0.2867431641
E00631,40.25,22.25,2015-02-17T12:00:00,2015-02-17T15:00:00,2015-02-17T16:00:00,4,6,wet_snow,6,wet_snow,0,4,1.09286499,0.6974182129,1.535552979,7.040179253,7.323925972,0.3342032433,0.4068374634,1.336812973,0.3203362226,0.3692865372,1.281344891,0.1200866699,0.1410217285
E01079,40,22,2012-02-16T10:00:00,2012-02-16T13:00:00,2012-02-16T14:00:00,4,6,wet_snow,6,wet_snow,0,4,1.419952393,1.136749268,1.678863525,6.792528868,7.272143364,0.1390457153,0.1922607422,0.5561828613,0.1205652952,0.1730561256,0.4822611809,0.004844665527,0.007720947266
E00921,40,21.75,2015-02-08T21:00:00,2015-02-09T00:00:00,2015-02-09T01:00:00,4,6,wet_snow,6,wet_snow,0,4,1.650634766,1.046295166,2.723297119,6.987514496,7.226696014,0.2096414566,0.3926753998,0.8385658264,0.108602643,0.2387166023,0.4344105721,0.0821762085,0.1030883789
E02791,39.25,21.75,2017-02-12T11:00:00,2017-02-12T14:00:00,2017-02-12T15:00:00,4,6,wet_snow,6,wet_snow,0,4,2.533996582,2.209136963,2.760406494,6.992946863,7.212804794,0.0617980957,0.09183883667,0.2471923828,0.05171298981,0.08175373077,0.2068519592,0.1873016357,0.206817627
E01400,40,22.25,2016-01-03T19:00:00,2016-01-03T22:00:00,2016-01-03T23:00:00,4,3,freezing_rain,3,freezing_rain,4,0,0.4999084473,-0.2215270996,1.380523682,6.291217566,7.198537827,0.008690357208,0.0171661377,0.03476142883,0,0,0,0.0333480835,0.05709838867
E01329,40,22.25,2012-12-18T14:00:00,2012-12-18T17:00:00,2012-12-18T18:00:00,4,6,wet_snow,6,wet_snow,0,4,3.137237549,2.612945557,3.509674072,6.444048882,7.196653366,0.4700303078,0.6154060364,1.880121231,0.3851920366,0.4400968552,1.540768147,0.1608581543,0.1820983887
E01920,39.75,22,2019-12-30T19:00:00,2019-12-30T22:00:00,2019-12-30T23:00:00,4,6,wet_snow,6,wet_snow,0,4,2.191558838,1.815582275,2.506256104,6.619281054,7.183888435,0.004184246063,0.006866455078,0.01673698425,0.004050135612,0.006330013275,0.01620054245,0.006927490234,0.01031494141
E01669,39.75,21.75,2012-02-11T06:00:00,2012-02-11T09:00:00,2012-02-11T10:00:00,4,6,wet_snow,6,wet_snow,0,4,2.35949707,2.111602783,2.605377197,6.587384462,7.169758797,0.8084177971,0.9256839752,3.233671188,0.772382319,0.9249866009,3.089529276,0.1223831177,0.1373901367
E03012,39.25,22.25,2012-02-07T23:00:00,2012-02-08T02:00:00,2012-02-08T03:00:00,4,6,wet_snow,6,wet_snow,0,4,2.199737549,1.910186768,2.334381104,4.993707895,7.091796875,0.9926319122,1.314926147,3.970527649,0.8564293385,1.059579849,3.425717354,0.1963882446,0.2639465332
E02268,39.5,21.75,2016-12-31T08:00:00,2016-12-31T11:00:00,2016-12-31T12:00:00,4,6,wet_snow,6,wet_snow,0,4,1.917633057,0.2135314941,3.233795166,6.409080982,7.083971977,0.001180171967,0.002574920654,0.004720687866,0.001113116741,0.002574920654,0.004452466965,0.003288269043,0.006744384766
E02067,39.75,22.5,2012-02-02T06:00:00,2012-02-02T09:00:00,2012-02-02T10:00:00,4,6,wet_snow,6,wet_snow,0,4,1.213226318,0.940826416,1.424224854,6.57505703,7.082259178,1.267075539,1.298618317,5.068302155,1.227352023,1.262784004,4.909408092,0.2478485107,0.2822265625
E00837,40,21.75,2012-01-29T07:00:00,2012-01-29T10:00:00,2012-01-29T11:00:00,4,6,wet_snow,6,wet_snow,0,4,1.413818359,0.898223877,2.082183838,5.895519018,7.059244156,0.1959085464,0.2265930176,0.7836341858,0.1866817474,0.2247691154,0.7467269897,0.113243103,0.1445617676
E00056,40.25,21.75,2013-01-26T14:00:00,2013-01-26T17:00:00,2013-01-26T18:00:00,4,6,wet_snow,6,wet_snow,0,4,2.733978271,1.791534424,3.281524658,6.16282773,7.059017181,0.003325939178,0.00901222229,0.01330375671,0.003205239773,0.008797645569,0.01282095909,0.02696228027,0.03948974609
E02887,39.25,22,2012-02-07T23:00:00,2012-02-08T02:00:00,2012-02-08T03:00:00,4,6,wet_snow,6,wet_snow,0,4,1.513214111,1.218780518,1.690216064,5.386774302,7.041992188,0.9463906288,1.197338104,3.785562515,0.8533984423,1.028466225,3.413593769,0.1809616089,0.2348632812
E01851,39.75,22,2015-12-30T19:00:00,2015-12-30T22:00:00,2015-12-30T23:00:00,4,6,wet_snow,6,wet_snow,0,4,2.467651367,1.985748291,2.970001221,6.597141504,7.022662163,0.429046154,0.5857944489,1.716184616,0.4009097815,0.516808033,1.603639126,0.09745025635,0.2124328613
E01690,39.75,21.75,2014-01-26T20:00:00,2014-01-26T23:00:00,2014-01-27T00:00:00,4,6,wet_snow,6,wet_snow,0,4,1.770843506,1.186431885,2.6534729,6.901583433,6.997578621,0.01502037048,0.02918243408,0.06008148193,0.009387731552,0.01662969589,0.03755092621,0.01264953613,0.02114868164
E02135,39.75,22.5,2019-01-04T09:00:00,2019-01-04T12:00:00,2019-01-04T13:00:00,4,6,wet_snow,6,wet_snow,0,4,0.8781738281,0.3752746582,1.214630127,5.454308033,6.966712952,0.3903150558,0.8394241333,1.561260223,0.387096405,0.8254766464,1.54838562,0.08351898193,0.1010131836
E00933,40,21.75,2015-12-30T16:00:00,2015-12-30T19:00:00,2015-12-30T20:00:00,4,6,wet_snow,6,wet_snow,0,4,2.006134033,1.569122314,2.926422119,5.891984701,6.953774452,0.4601597786,0.55103302,1.840639114,0.4228770733,0.5180954933,1.691508293,0.242477417,0.2882995605
E01373,40,22.25,2014-02-01T10:00:00,2014-02-01T13:00:00,2014-02-01T14:00:00,4,6,wet_snow,6,wet_snow,0,4,2.37487793,2.29006958,2.510284424,6.166103363,6.921376228,0.03368854523,0.0678062439,0.1347541809,0.03296434879,0.06630420685,0.1318573952,0.09757995605,0.1423950195
E02317,39.5,21.75,2019-12-28T22:00:00,2019-12-29T01:00:00,2019-12-29T02:00:00,4,6,wet_snow,6,wet_snow,0,4,2.072784424,1.788604736,2.256500244,6.689085722,6.862431526,0.004720687866,0.006866455078,0.01888275146,0.005096197128,0.006651878357,0.02038478851,0.005470275879,0.009002685547
E03116,39.25,22.25,2020-01-05T22:00:00,2020-01-06T01:00:00,2020-01-06T02:00:00,4,6,wet_snow,6,wet_snow,0,4,3.09967041,2.948883057,3.360748291,6.548827648,6.832455635,0.4012584686,0.5930900574,1.605033875,0.3643244505,0.4853725433,1.457297802,0.07814025879,0.1159362793
E01523,40,22.5,2012-01-31T03:00:00,2012-01-31T06:00:00,2012-01-31T07:00:00,4,6,wet_snow,6,wet_snow,0,4,-3.005584717,-3.234466553,-2.752288818,6.40783453,6.769831657,0.05439519882,0.07724761963,0.2175807953,0.05422085524,0.07730126381,0.2168834209,0.09568023682,0.09786987305
E03192,39.25,22.5,2017-01-06T16:00:00,2017-01-06T19:00:00,2017-01-06T20:00:00,4,6,wet_snow,6,wet_snow,0,4,2.808135986,1.506988525,4.522857666,6.391105652,6.739343643,0.07231235504,0.0871181488,0.2892494202,0.07067620754,0.08765459061,0.2827048302,0.09397888184,0.1199951172
E02670,39.25,21.75,2012-02-14T12:00:00,2012-02-14T15:00:00,2012-02-14T16:00:00,4,6,wet_snow,6,wet_snow,0,4,0.6758117676,0.4875793457,0.8347473145,6.367129326,6.731428146,0.6573557854,0.8638858795,2.629423141,0.5458295345,0.7398068905,2.183318138,0.0299987793,0.09439086914
E00074,40.25,21.75,2013-12-03T03:00:00,2013-12-03T06:00:00,2013-12-03T07:00:00,4,6,wet_snow,6,wet_snow,0,4,3.238098145,3.072662354,3.454864502,6.113779068,6.729412079,0.5333304405,0.6222724915,2.133321762,0.3740340471,0.4551172256,1.496136189,0.08128356934,0.09429931641
E00518,40.25,22,2019-01-14T11:00:00,2019-01-14T14:00:00,2019-01-14T15:00:00,4,6,wet_snow,6,wet_snow,0,4,1.202789307,0.7292785645,1.600372314,6.453722954,6.725021362,0.05160570145,0.1094341278,0.2064228058,0.04516839981,0.08400678635,0.1806735992,0.02605438232,0.03707885742
E00648,40.25,22.25,2016-12-17T08:00:00,2016-12-17T11:00:00,2016-12-17T12:00:00,4,6,wet_snow,6,wet_snow,0,4,2.548736572,1.285675049,3.921905518,6.529914856,6.689423561,0.02907514572,0.05106925964,0.1163005829,0.02717077732,0.0440955162,0.1086831093,0.01760101318,0.02053833008
E03308,39.25,22.75,2016-12-30T04:00:00,2016-12-30T07:00:00,2016-12-30T08:00:00,4,6,wet_snow,6,wet_snow,0,4,2.187988281,1.585479736,2.972564697,6.261353731,6.655451775,0.003111362457,0.004291534424,0.01244544983,0.002843141556,0.004613399506,0.01137256622,0.009643554688,0.01358032227
E01492,40,22.25,2019-01-25T20:00:00,2019-01-25T23:00:00,2019-01-26T00:00:00,4,6,wet_snow,6,wet_snow,0,4,2.408660889,1.887481689,3.051177979,6.398919821,6.631256104,1.206994057,1.734638214,4.827976227,0.9816214442,1.393675804,3.926485777,0.08132171631,0.2052612305
E00296,40.25,22,2012-01-12T10:00:00,2012-01-12T13:00:00,2012-01-12T14:00:00,4,6,wet_snow,6,wet_snow,0,4,3.139038086,3.014434814,3.2706604,6.328555584,6.615943909,0,0,0,0,0,0,0.007499694824,0.01040649414
E02665,39.25,21.75,2012-02-05T23:00:00,2012-02-06T02:00:00,2012-02-06T03:00:00,4,3,freezing_rain,3,freezing_rain,4,0,0.8262634277,0.6991271973,0.8971252441,5.545951843,6.558698654,0.02413988113,0.04420280457,0.09655952454,0,0,0,0.01124572754,0.03015136719
E01134,40,22,2014-01-28T08:00:00,2014-01-28T11:00:00,2014-01-28T12:00:00,4,6,wet_snow,6,wet_snow,0,4,1.329315186,0.9034729004,1.647125244,5.501186132,6.545808792,0.1061081886,0.1858234406,0.4244327545,0.0914901495,0.1564264297,0.365960598,0.1163253784,0.1589355469
E01407,40,22.25,2016-01-25T10:00:00,2016-01-25T13:00:00,2016-01-25T14:00:00,4,6,wet_snow,6,wet_snow,0,4,3.87512207,3.499542236,4.130645752,6.221210718,6.509404182,0.003325939178,0.006866455078,0.01330375671,0.003553926945,0.006866455078,0.01421570778,0.01165771484,0.01712036133
E02248,39.5,21.75,2015-02-17T15:00:00,2015-02-17T18:00:00,2015-02-17T19:00:00,4,6,wet_snow,6,wet_snow,0,4,1.667663574,1.365142822,2.141143799,5.131729364,6.500040054,0.2844214439,0.3411769867,1.137685776,0.2614080906,0.2769112587,1.045632362,0.1416702271,0.1549682617
E00248,40.25,21.75,2019-01-31T04:00:00,2019-01-31T07:00:00,2019-01-31T08:00:00,4,3;6,freezing_rain;wet_snow,6,wet_snow,1,3,1.681427002,1.499908447,1.839752197,4.629840612,6.485016823,0.5189538002,0.9329795837,2.075815201,0.347211957,0.7142186165,1.388847828,0.01746368408,0.02755737305
E02947,39.25,22,2016-12-31T08:00:00,2016-12-31T11:00:00,2016-12-31T12:00:00,4,6,wet_snow,6,wet_snow,0,4,1.453765869,-0.2493591309,2.649810791,5.524071217,6.337878227,0.00171661377,0.004720687866,0.006866455078,0.001636147499,0.004237890244,0.006544589996,0.003067016602,0.01010131836
E00201,40.25,21.75,2018-01-04T04:00:00,2018-01-04T07:00:00,2018-01-04T08:00:00,4,6,wet_snow,6,wet_snow,0,4,1.509124756,1.374298096,1.725982666,5.543531418,6.007640839,1.225447655,1.599025726,4.901790619,1.090532541,1.52285099,4.362130165,0.1446456909,0.2430725098
E00378,40.25,22,2014-01-31T19:00:00,2014-01-31T22:00:00,2014-01-31T23:00:00,4,6,wet_snow,6,wet_snow,0,4,3.007476807,2.538482666,3.447906494,5.526959658,5.97059536,0.02682209015,0.03004074097,0.1072883606,0.02604424953,0.02800226212,0.1041769981,0.2074203491,0.2195129395
E00379,40.25,22,2014-02-01T07:00:00,2014-02-01T10:00:00,2014-02-01T11:00:00,4,6,wet_snow,6,wet_snow,0,4,2.136566162,1.791656494,2.385772705,5.820937872,5.953310966,0.04227161407,0.07767677307,0.1690864563,0.04170835018,0.07585287094,0.1668334007,0.1635055542,0.1784973145
E01324,40,22.25,2012-12-07T08:00:00,2012-12-07T11:00:00,2012-12-07T12:00:00,4,6,wet_snow,6,wet_snow,0,4,4.6121521,3.146270752,5.90335083,5.458986521,5.922222137,0.0002145767212,0.0004291534424,0.0008583068848,0.0002011656761,0.0003755092621,0.0008046627045,0.002990722656,0.0068359375
E00246,40.25,21.75,2019-01-25T20:00:00,2019-01-25T23:00:00,2019-01-26T00:00:00,4,6,wet_snow,6,wet_snow,0,4,1.72164917,1.203887939,2.221099854,5.452874899,5.869537354,1.209676266,1.365566254,4.838705063,1.108905673,1.233065128,4.435622692,0.06002044678,0.1322631836
E02048,39.75,22.25,2019-12-30T19:00:00,2019-12-30T22:00:00,2019-12-30T23:00:00,4,6,wet_snow,6,wet_snow,0,4,2.287261963,1.854644775,2.57925415,5.16078496,5.85381031,0.00536441803,0.008583068848,0.02145767212,0.002655386925,0.004398822784,0.0106215477,0.007736206055,0.01107788086
E03234,39.25,22.5,2019-12-29T22:00:00,2019-12-30T01:00:00,2019-12-30T02:00:00,4,6,wet_snow,6,wet_snow,0,4,2.657836914,2.056304932,3.204742432,5.5976789,5.808925629,0.3245472908,1.014947891,1.298189163,0.161857903,0.3946602345,0.647431612,0.0297088623,0.04693603516
E00440,40.25,22,2016-12-21T11:00:00,2016-12-21T14:00:00,2016-12-21T15:00:00,4,6,wet_snow,6,wet_snow,0,4,3.1847229,2.585113525,3.637359619,5.496245146,5.730589867,0.08089542389,0.1399040222,0.3235816956,0.0808686018,0.1394748688,0.3234744072,0.1236953735,0.1812438965
E01362,40,22.25,2013-12-18T08:00:00,2013-12-18T11:00:00,2013-12-18T12:00:00,4,6,wet_snow,6,wet_snow,0,4,3.808502197,1.801055908,5.578033447,5.569467306,5.671039581,0,0,0,2.682209015e-05,0.0001072883606,0.0001072883606,0.002799987793,0.007202148438
E00465,40.25,22,2017-02-10T03:00:00,2017-02-10T06:00:00,2017-02-10T07:00:00,4,6,wet_snow,6,wet_snow,0,4,3.185943604,3.151763916,3.21206665,5.590123892,5.664409637,0.1366853714,0.1433372498,0.5467414856,0.125259161,0.1296043396,0.501036644,0.2050552368,0.210723877
E02455,39.5,22.25,2017-01-10T10:00:00,2017-01-10T13:00:00,2017-01-10T14:00:00,4,6,wet_snow,6,wet_snow,0,4,0.1673583984,-0.03561401367,0.3071594238,5.490381241,5.634593964,0.08239746094,0.1596450806,0.3295898438,0.08247792721,0.1599669456,0.3299117088,0.02175140381,0.03912353516
E03301,39.25,22.75,2016-01-18T21:00:00,2016-01-19T00:00:00,2016-01-19T01:00:00,4,6,wet_snow,6,wet_snow,0,4,2.042114258,1.804351807,2.459991455,5.12140727,5.509166718,0.02188682556,0.04806518555,0.08754730225,0.00983029604,0.01335740089,0.03932118416,0.001678466797,0.003326416016
E00507,40.25,22,2018-12-17T18:00:00,2018-12-17T21:00:00,2018-12-17T22:00:00,4,6,wet_snow,6,wet_snow,0,4,1.827362061,1.621734619,2.160797119,4.913537264,5.501228333,0.01137256622,0.02145767212,0.04549026489,0.008811056614,0.0171661377,0.03524422646,0.05310821533,0.08737182617
E00451,40.25,22,2017-01-15T12:00:00,2017-01-15T15:00:00,2017-01-15T16:00:00,4,6,wet_snow,6,wet_snow,0,4,5.462097168,4.15725708,6.34085083,4.691235542,5.488480568,0,0,0,4.023313522e-05,0.0001609325409,0.0001609325409,0.006607055664,0.0110168457
E03072,39.25,22.25,2016-12-31T08:00:00,2016-12-31T11:00:00,2016-12-31T12:00:00,4,6,wet_snow,6,wet_snow,0,4,2.117828369,0.2740783691,3.419342041,4.760643482,5.48338604,0.004076957703,0.00901222229,0.01630783081,0.003862380981,0.008475780487,0.01544952393,0.006164550781,0.02188110352
E02465,39.5,22.25,2019-01-05T10:00:00,2019-01-05T13:00:00,2019-01-05T14:00:00,4,6,wet_snow,6,wet_snow,0,4,2.440185547,1.486480713,3.319244385,5.219788074,5.462162018,0.04066228867,0.1098632812,0.1626491547,0.04059523344,0.1101851463,0.1623809338,0.0002822875977,0.000732421875
E03151,39.25,22.5,2013-01-08T09:00:00,2013-01-08T12:00:00,2013-01-08T13:00:00,4,6,wet_snow,6,wet_snow,0,4,2.547912598,1.354888916,3.141998291,5.219223499,5.43859005,0.0002145767212,0.0008583068848,0.0008583068848,0.0003218650818,0.0008583068848,0.001287460327,0.001411437988,0.002807617188
E02389,39.5,22,2019-01-05T10:00:00,2019-01-05T13:00:00,2019-01-05T14:00:00,4,6,wet_snow,6,wet_snow,0,4,1.809814453,1.037261963,2.319244385,5.177795887,5.379154205,0.02113580704,0.06008148193,0.08454322815,0.02093464136,0.06013512611,0.08373856544,0.0002288818359,0.0005798339844
E02476,39.5,22.25,2020-01-06T02:00:00,2020-01-06T05:00:00,2020-01-06T06:00:00,4,6,wet_snow,6,wet_snow,0,4,3.549591064,2.905181885,3.913604736,5.03574419,5.329220772,0.004720687866,0.01029968262,0.01888275146,0.004988908768,0.01083612442,0.01995563507,0.007125854492,0.01214599609
E01507,40,22.25,2020-01-20T07:00:00,2020-01-20T10:00:00,2020-01-20T11:00:00,4,6,wet_snow,6,wet_snow,0,4,2.512786865,1.564117432,3.543243408,5.082686424,5.309955597,0.07349252701,0.08282661438,0.293970108,0.005109608173,0.01282095909,0.02043843269,0.1304244995,0.1611328125
E02379,39.5,22,2017-01-10T10:00:00,2017-01-10T13:00:00,2017-01-10T14:00:00,4,6,wet_snow,6,wet_snow,0,4,-0.2169189453,-0.5238952637,-0.006317138672,5.007715225,5.246850967,0.01566410065,0.02317428589,0.06265640259,0.01590549946,0.02360343933,0.06362199783,0.01298522949,0.02758789062
E02397,39.5,22,2019-12-29T21:00:00,2019-12-30T00:00:00,2019-12-30T01:00:00,4,6,wet_snow,6,wet_snow,0,4,1.335693359,1.019561768,1.636383057,5.016303539,5.132386208,0.00171661377,0.003862380981,0.006866455078,0.001636147499,0.003433227539,0.006544589996,0.02250671387,0.03140258789
E00671,40.25,22.25,2017-01-23T07:00:00,2017-01-23T10:00:00,2017-01-23T11:00:00,4,6,wet_snow,6,wet_snow,0,4,-0.08190917969,-1.085418701,1.201812744,4.684180737,5.132194519,0.06866455078,0.08583068848,0.2746582031,0.06823539734,0.08540153503,0.2729415894,0.1967544556,0.2484436035
E01427,40,22.25,2017-01-20T12:00:00,2017-01-20T15:00:00,2017-01-20T16:00:00,4,6,wet_snow,6,wet_snow,0,4,2.704620361,2.460601807,2.83694458,4.67651391,4.994989395,0.1467704773,0.1888275146,0.5870819092,0.1227110624,0.1407623291,0.4908442497,0.1771316528,0.2821044922
E02015,39.75,22.25,2017-01-27T08:00:00,2017-01-27T11:00:00,2017-01-27T12:00:00,4,6,wet_snow,6,wet_snow,0,4,3.267089844,2.173370361,4.100128174,3.768378258,4.982460022,0.04291534424,0.08239746094,0.171661377,0.04062205553,0.07590651512,0.1624882221,0.1186065674,0.1239929199
E01107,40,22,2013-01-25T01:00:00,2013-01-25T04:00:00,2013-01-25T05:00:00,4,3,freezing_rain,3,freezing_rain,4,0,0.7229919434,0.526763916,0.8028869629,4.785403013,4.92253685,0.008261203766,0.01201629639,0.03304481506,0,0,0,0.001083374023,0.001800537109
E01104,40,22,2013-01-13T19:00:00,2013-01-13T22:00:00,2013-01-13T23:00:00,4,3,freezing_rain,3,freezing_rain,4,0,0.2393493652,-0.09921264648,0.5868225098,4.824520588,4.92070961,0.0008583068848,0.00171661377,0.003433227539,0,0,0,0.03827667236,0.05123901367
E02783,39.25,21.75,2017-01-29T11:00:00,2017-01-29T14:00:00,2017-01-29T15:00:00,4,6,wet_snow,6,wet_snow,0,4,1.689086914,1.426055908,1.977325439,4.576932669,4.879751205,0.008046627045,0.01029968262,0.03218650818,0.003889203072,0.00536441803,0.01555681229,0.08145904541,0.09390258789
E02473,39.5,22.25,2019-12-29T21:00:00,2019-12-30T00:00:00,2019-12-30T01:00:00,4,6,wet_snow,6,wet_snow,0,4,2.426513672,1.931671143,2.877105713,4.697944164,4.878479958,0.006651878357,0.01029968262,0.02660751343,0.006611645222,0.01046061516,0.02644658089,0.01808929443,0.02496337891
E00530,40.25,22,2019-12-04T12:00:00,2019-12-04T15:00:00,2019-12-04T16:00:00,4,6,wet_snow,6,wet_snow,0,4,1.438568115,1.2628479,1.553131104,4.498029709,4.836778641,0.02403259277,0.05321502686,0.09613037109,0.02375096083,0.05321502686,0.09500384331,0.1371078491,0.1740112305
E01717,39.75,21.75,2016-01-22T07:00:00,2016-01-22T10:00:00,2016-01-22T11:00:00,4,6,wet_snow,6,wet_snow,0,4,3.485626221,1.503936768,4.87588501,4.406180859,4.833268166,0.004076957703,0.004720687866,0.01630783081,0.002548098564,0.004184246063,0.01019239426,0.1454849243,0.1611633301
E01167,40,22,2015-12-17T00:00:00,2015-12-17T03:00:00,2015-12-17T04:00:00,4,6,wet_snow,6,wet_snow,0,4,3.115325928,2.837310791,3.431304932,4.733828545,4.829710007,0.1872181892,0.2210140228,0.748872757,0.1218661666,0.1586258411,0.4874646664,0.09365081787,0.1318359375
E02638,39.5,22.75,2017-01-11T10:00:00,2017-01-11T13:00:00,2017-01-11T14:00:00,4,6,wet_snow,6,wet_snow,0,4,-1.298126221,-1.508636475,-1.139251709,4.086081982,4.798084259,2.131068707,2.875757217,8.524274826,2.123907208,2.863204479,8.495628357,0.1421432495,0.2596740723
E01269,40,22,2019-12-04T16:00:00,2019-12-04T19:00:00,2019-12-04T20:00:00,4,6,wet_snow,6,wet_snow,0,4,2.50579834,2.287261963,3.104522705,4.395175934,4.768937111,0.01502037048,0.022315979,0.06008148193,0.007228553295,0.01266002655,0.02891421318,0.1114273071,0.1440124512
E01281,40,22,2020-01-20T07:00:00,2020-01-20T10:00:00,2020-01-20T11:00:00,4,6,wet_snow,6,wet_snow,0,4,2.722259521,1.362945557,4.101837158,4.432784081,4.715229034,0.06844997406,0.0819683075,0.2737998962,0.000362098217,0.001019239426,0.001448392868,0.06296539307,0.07360839844
E01869,39.75,22,2016-12-15T22:00:00,2016-12-16T01:00:00,2016-12-16T02:00:00,4,3,freezing_rain,3,freezing_rain,4,0,0.896697998,0.6373596191,1.09854126,4.31543231,4.624606133,0.007939338684,0.01888275146,0.03175735474,0,0,0,0.02318572998,0.02737426758
E01006,40,21.75,2018-12-13T08:00:00,2018-12-13T11:00:00,2018-12-13T12:00:00,4,6,wet_snow,6,wet_snow,0,4,1.443572998,0.6761779785,2.134185791,4.182649612,4.608795166,0.1138329506,0.1313209534,0.4553318024,0.1101046801,0.1180171967,0.4404187202,0.04650878906,0.08963012695
E03173,39.25,22.5,2016-01-17T23:00:00,2016-01-18T02:00:00,2016-01-18T03:00:00,4,6,wet_snow,6,wet_snow,0,4,2.498779297,1.794830322,2.929473877,4.303726912,4.600652695,0.6074666977,0.7141113281,2.429866791,0.5089491606,0.5589723587,2.035796642,0.09020233154,0.1225585938
E02705,39.25,21.75,2013-12-07T21:00:00,2013-12-08T00:00:00,2013-12-08T01:00:00,4,6,wet_snow,6,wet_snow,0,4,0.3746032715,-0.2742614746,1.086334229,4.228505373,4.600547791,0,0,0,2.682209015e-05,0.0001072883606,0.0001072883606,0.00415802002,0.008422851562
E01164,40,22,2015-12-11T06:00:00,2015-12-11T09:00:00,2015-12-11T10:00:00,4,6,wet_snow,6,wet_snow,0,4,2.942047119,2.547027588,3.217926025,4.263465405,4.583195686,0.009977817535,0.01587867737,0.03991127014,0.008475780487,0.01308917999,0.03390312195,0.0765914917,0.0993347168
E03014,39.25,22.25,2012-02-09T11:00:00,2012-02-09T14:00:00,2012-02-09T15:00:00,4,6,wet_snow,6,wet_snow,0,4,1.702575684,1.572906494,1.932037354,4.349874973,4.568303108,0.2611398697,0.3295898438,1.044559479,0.2486541867,0.3092050552,0.9946167469,0.07426452637,0.1167907715
E01657,39.75,21.75,2012-01-28T22:00:00,2012-01-29T01:00:00,2012-01-29T02:00:00,4,6,wet_snow,6,wet_snow,0,4,1.3074646,1.082427979,1.444122314,4.40562439,4.56776619,0.2153277397,0.2617835999,0.8613109589,0.1884788275,0.2146840096,0.7539153099,0.2959823608,0.3597412109
E01779,39.75,21.75,2019-01-11T23:00:00,2019-01-12T02:00:00,2019-01-12T03:00:00,4,6,wet_snow,6,wet_snow,0,4,2.359283447,1.944488525,2.535797119,4.424092293,4.549864769,0.4461050034,0.6248474121,1.784420013,0.3405869007,0.4240036011,1.362347603,0.02425384521,0.03729248047
E00662,40.25,22.25,2017-01-17T07:00:00,2017-01-17T10:00:00,2017-01-17T11:00:00,4,6,wet_snow,6,wet_snow,0,4,1.220794678,0.7550354004,1.601226807,4.33205533,4.536325455,0.1839995384,0.2223014832,0.7359981537,0.1757383347,0.2002000809,0.7029533386,0.07899475098,0.1097106934
E02815,39.25,21.75,2018-02-26T12:00:00,2018-02-26T15:00:00,2018-02-26T16:00:00,4,6,wet_snow,6,wet_snow,0,4,1.995758057,1.849151611,2.210968018,4.122511864,4.532416344,0.4227161407,0.7162570953,1.690864563,0.348713994,0.6607890129,1.394855976,0.1300888062,0.1817932129
E02924,39.25,22,2016-01-03T00:00:00,2016-01-03T03:00:00,2016-01-03T04:00:00,4,3,freezing_rain,3,freezing_rain,4,0,-0.0432434082,-1.346282959,1.303131104,4.386189699,4.531292915,0.01330375671,0.03862380981,0.05321502686,0,0,0,0.03896331787,0.05673217773
E01710,39.75,21.75,2015-12-31T11:00:00,2015-12-31T14:00:00,2015-12-31T15:00:00,4,6,wet_snow,6,wet_snow,0,4,1.549591064,1.182037354,1.772247314,3.888415098,4.508511543,0.1085758209,0.1553535461,0.4343032837,0.1083344221,0.1552462578,0.4333376884,0.01620483398,0.02697753906
E01997,39.75,22.25,2016-12-15T22:00:00,2016-12-16T01:00:00,2016-12-16T02:00:00,4,3,freezing_rain,3,freezing_rain,4,0,1.116912842,0.8678283691,1.514556885,4.157473326,4.49081707,0.01029968262,0.022315979,0.04119873047,0,0,0,0.01358795166,0.01556396484
E03206,39.25,22.5,2017-12-22T15:00:00,2017-12-22T18:00:00,2017-12-22T19:00:00,4,6,wet_snow,6,wet_snow,0,4,0.7774047852,0.4200744629,1.138458252,3.955234766,4.486085892,0.5291461945,0.7235527039,2.116584778,0.441531837,0.5231380463,1.766127348,0.03150939941,0.04977416992
E00974,40,21.75,2017-01-29T08:00:00,2017-01-29T11:00:00,2017-01-29T12:00:00,4,6,wet_snow,6,wet_snow,0,4,1.384094238,0.3341369629,2.516021729,3.596829414,4.479969025,0.1069664955,0.1411914825,0.4278659821,0.09786039591,0.1241326332,0.3914415836,0.06950378418,0.09545898438
E01184,40,22,2016-12-21T11:00:00,2016-12-21T14:00:00,2016-12-21T15:00:00,4,6,wet_snow,6,wet_snow,0,4,3.784820557,3.12612915,4.069000244,4.221342802,4.452269554,0.1498818398,0.1914024353,0.599527359,0.07933974266,0.1237034798,0.3173589706,0.1197814941,0.1701965332
E01887,39.75,22,2017-01-27T08:00:00,2017-01-27T11:00:00,2017-01-27T12:00:00,4,6,wet_snow,6,wet_snow,0,4,2.945800781,1.937042236,3.588409424,3.586493492,4.389686584,0.03561973572,0.07123947144,0.1424789429,0.03574043512,0.0716149807,0.1429617405,0.1259536743,0.1429748535
E02021,39.75,22.25,2017-12-22T07:00:00,2017-12-22T10:00:00,2017-12-22T11:00:00,4,6,wet_snow,6,wet_snow,0,4,2.447753906,1.241119385,3.810699463,4.12960434,4.358819962,0.02038478851,0.03004074097,0.08153915405,0.004613399506,0.01137256622,0.01845359802,0.08348846436,0.1113891602
E01096,40,22,2012-12-23T09:00:00,2012-12-23T12:00:00,2012-12-23T13:00:00,4,6,wet_snow,6,wet_snow,0,4,2.323516846,1.26260376,2.733306885,3.580841064,4.259729385,0.0003218650818,0.0008583068848,0.001287460327,0,0,0,0.0287399292,0.03277587891
E01649,39.75,21.75,2012-01-14T16:00:00,2012-01-14T19:00:00,2012-01-14T20:00:00,4,6,wet_snow,6,wet_snow,0,4,1.563323975,0.4928283691,3.209136963,3.94582963,4.210490227,0.01512765884,0.03561973572,0.06051063538,0.01032650471,0.02328157425,0.04130601883,0.1752929688,0.2226257324
E01751,39.75,21.75,2017-02-13T05:00:00,2017-02-13T08:00:00,2017-02-13T09:00:00,4,6,wet_snow,6,wet_snow,0,4,1.893768311,1.4190979,2.639801025,2.795931101,4.208162308,0.05922317505,0.08368492126,0.2368927002,0.05651414394,0.07917881012,0.2260565758,0.1755142212,0.218170166
E03243,39.25,22.5,2020-02-06T20:00:00,2020-02-06T23:00:00,2020-02-07T00:00:00,4,6,wet_snow,6,wet_snow,0,4,2.372528076,1.949371338,2.917633057,3.606063604,4.146972656,0.003433227539,0.006866455078,0.01373291016,0.003433227539,0.006222724915,0.01373291016,0.02132415771,0.02410888672
E00427,40.25,22,2016-01-27T01:00:00,2016-01-27T04:00:00,2016-01-27T05:00:00,4,3,freezing_rain,3,freezing_rain,4,0,-0.2135314941,-0.4229431152,-0.1084899902,3.916521788,4.13826561,0.002038478851,0.002574920654,0.008153915405,0,0,0,0.02202606201,0.04983520508
E01114,40,22,2013-02-09T03:00:00,2013-02-09T06:00:00,2013-02-09T07:00:00,4,3,freezing_rain,3,freezing_rain,4,0,0.3521728516,0.2895812988,0.4286193848,4.012183189,4.111941338,0.008046627045,0.01072883606,0.03218650818,0.0004559755325,0.0008583068848,0.00182390213,0.008979797363,0.0139465332
E01396,40,22.25,2015-12-11T03:00:00,2015-12-11T06:00:00,2015-12-11T07:00:00,4,6,wet_snow,6,wet_snow,0,4,3.429077148,3.25100708,3.6769104,4.055363655,4.095975876,0.001287460327,0.00171661377,0.005149841309,0.0008583068848,0.0009655952454,0.003433227539,0.06642913818,0.08200073242
E02746,39.25,21.75,2016-01-01T12:00:00,2016-01-01T15:00:00,2016-01-01T16:00:00,4,6,wet_snow,6,wet_snow,0,4,2.063964844,1.839263916,2.293243408,3.898608923,4.046694756,0,0,0,2.682209015e-05,0.0001072883606,0.0001072883606,0.03044128418,0.03302001953
E01457,40,22.25,2018-01-26T08:00:00,2018-01-26T11:00:00,2018-01-26T12:00:00,4,6,wet_snow,6,wet_snow,0,4,2.62878418,0.8460998535,4.376617432,3.619156361,4.017122269,0,0,0,5.36441803e-05,0.0001072883606,0.0002145767212,0.01316070557,0.02877807617
E01131,40,22,2013-12-25T02:00:00,2013-12-25T05:00:00,2013-12-25T06:00:00,4,3,freezing_rain,3,freezing_rain,4,0,2.089630127,1.842437744,2.23916626,3.483782768,4.01336956,0.09484291077,0.1218795776,0.3793716431,0,0,0,0.006233215332,0.01974487305
E02222,39.5,21.75,2012-02-20T02:00:00,2012-02-20T05:00:00,2012-02-20T06:00:00,4,3,freezing_rain,3,freezing_rain,4,0,0.5086364746,0.4442443848,0.5704650879,3.84799695,4.010498047,0.001502037048,0.00171661377,0.006008148193,2.682209015e-05,0.0001072883606,0.0001072883606,0.01992797852,0.02709960938
E01893,39.75,22,2017-12-22T07:00:00,2017-12-22T10:00:00,2017-12-22T11:00:00,4,6,wet_snow,6,wet_snow,0,4,2.065429688,1.04385376,3.386871338,3.696987152,3.942804337,0.05300045013,0.06093978882,0.2120018005,0.05251765251,0.06104707718,0.21007061,0.07609558105,0.1023864746
E02889,39.25,22,2012-02-09T11:00:00,2012-02-09T14:00:00,2012-02-09T15:00:00,4,6,wet_snow,6,wet_snow,0,4,-0.01959228516,-0.1828308105,0.2367248535,3.582296848,3.873967171,0.2639293671,0.3210067749,1.055717468,0.2593562007,0.3114044666,1.037424803,0.08789825439,0.1342468262
E02108,39.75,22.5,2016-01-24T08:00:00,2016-01-24T11:00:00,2016-01-24T12:00:00,4,6,wet_snow,6,wet_snow,0,4,2.954162598,1.900909424,3.845977783,3.358651638,3.832317352,0.0002145767212,0.0008583068848,0.0008583068848,0.0003889203072,0.001126527786,0.001555681229,0.01448822021,0.02127075195
E01353,40,22.25,2013-02-19T03:00:00,2013-02-19T06:00:00,2013-02-19T07:00:00,4,6,wet_snow,6,wet_snow,0,4,2.524230957,2.371612549,2.627471924,2.989274502,3.824784279,1.411378384,1.709318161,5.645513535,1.164521277,1.434230804,4.658084869,0.1896896362,0.2178955078
E02338,39.5,22,2012-02-14T02:00:00,2012-02-14T05:00:00,2012-02-14T06:00:00,4,3,freezing_rain,3,freezing_rain,4,0,0.1523132324,-0.4734802246,1.227935791,3.455182076,3.813669205,0.0136256218,0.02403259277,0.05450248718,0.0009655952454,0.00171661377,0.003862380981,0.02213287354,0.02554321289
E01442,40,22.25,2017-12-18T02:00:00,2017-12-18T05:00:00,2017-12-18T06:00:00,4,3,freezing_rain,3,freezing_rain,4,0,0.8695373535,0.7879943848,0.9988098145,3.355888367,3.801505089,0.002253055573,0.003433227539,0.00901222229,0,0,0,0.00496673584,0.006652832031
E02304,39.5,21.75,2019-01-12T02:00:00,2019-01-12T05:00:00,2019-01-12T06:00:00,4,6,wet_snow,6,wet_snow,0,4,1.945465088,1.80581665,2.199615479,2.985384226,3.75934124,0.7348179817,1.11322403,2.939271927,0.6295144558,0.8687138557,2.518057823,0.07258605957,0.1225280762
E03194,39.25,22.5,2017-01-26T21:00:00,2017-01-27T00:00:00,2017-01-27T01:00:00,4,6,wet_snow,6,wet_snow,0,4,2.24005127,2.128082275,2.482452393,3.293652534,3.757012367,0.2235889435,0.2840995789,0.8943557739,0.1892834902,0.2327084541,0.7571339607,0.0827331543,0.1294250488
E01016,40,21.75,2019-01-02T21:00:00,2019-01-03T00:00:00,2019-01-03T01:00:00,4,6,wet_snow,6,wet_snow,0,4,0.07864379883,-1.28817749,0.7193908691,3.56004262,3.698246002,0.03926753998,0.1004219055,0.1570701599,0.03795325756,0.1003146172,0.1518130302,0.007949829102,0.01428222656
E00876,40,21.75,2013-01-12T23:00:00,2013-01-13T02:00:00,2013-01-13T03:00:00,4,6,wet_snow,6,wet_snow,0,4,-0.8772277832,-1.531829834,-0.3338317871,3.499181747,3.617069244,0,0,0,0,0,0,0.002006530762,0.0029296875
E01332,40,22.25,2012-12-21T14:00:00,2012-12-21T17:00:00,2012-12-21T18:00:00,4,6,wet_snow,6,wet_snow,0,4,1.904754639,0.4007873535,2.604522705,2.733900547,3.486710548,0.001072883606,0.00171661377,0.004291534424,0.0009119510651,0.001502037048,0.00364780426,0.00447845459,0.01184082031
E00548,40.25,22,2020-01-19T21:00:00,2020-01-20T00:00:00,2020-01-20T01:00:00,4,3,freezing_rain,3,freezing_rain,4,0,1.106933594,0.1754455566,1.724273682,3.306820154,3.446757317,0.01748800278,0.03261566162,0.06995201111,0.002628564835,0.0100851059,0.01051425934,0.07899475098,0.1118164062
E03185,39.25,22.5,2016-12-22T03:00:00,2016-12-22T06:00:00,2016-12-22T07:00:00,4,3,freezing_rain,3,freezing_rain,4,0,-1.016448975,-1.413421631,-0.4710388184,3.255189657,3.39054966,0.01727342606,0.03089904785,0.06909370422,0,0,0,0.02641296387,0.0290222168
E00134,40.25,21.75,2015-12-10T23:00:00,2015-12-11T02:00:00,2015-12-11T03:00:00,4,6,wet_snow,6,wet_snow,0,4,2.12979126,2.023834229,2.176177979,3.291862488,3.324233055,0.01384019852,0.01845359802,0.05536079407,0.01118481159,0.01679062843,0.04473924637,0.1548690796,0.1772460938
E00602,40.25,22.25,2013-01-27T01:00:00,2013-01-27T04:00:00,2013-01-27T05:00:00,4,6,wet_snow,6,wet_snow,0,4,1.718719482,1.323028564,2.219024658,3.172592163,3.305230141,0.01276731491,0.01630783081,0.05106925964,0.01233816147,0.0136256218,0.04935264587,0.05350494385,0.09671020508
E02478,39.5,22.5,2012-01-08T00:00:00,2012-01-08T03:00:00,2012-01-08T04:00:00,4,6,wet_snow,6,wet_snow,0,4,3.04574585,1.85244751,4.150054932,3.015488863,3.302527428,0,0,0,0,0,0,0.01226043701,0.01956176758
E00543,40.25,22,2020-01-14T03:00:00,2020-01-14T06:00:00,2020-01-14T07:00:00,4,3,freezing_rain,3,freezing_rain,4,0,-0.3378601074,-0.4434509277,-0.2334899902,3.097538471,3.230049133,0.0008583068848,0.00171661377,0.003433227539,2.682209015e-05,0.0001072883606,0.0001072883606,0.01555633545,0.02191162109
E00401,40.25,22,2015-01-27T00:00:00,2015-01-27T03:00:00,2015-01-27T04:00:00,4,6,wet_snow,6,wet_snow,0,4,1.968933105,1.913360596,2.018341064,3.083339453,3.166744232,0.187754631,0.2995491028,0.7510185242,0.1112982631,0.187754631,0.4451930523,0.04190063477,0.05157470703
E01077,40,22,2012-02-14T11:00:00,2012-02-14T14:00:00,2012-02-14T15:00:00,4,6,wet_snow,6,wet_snow,0,4,0.7109680176,0.4094543457,0.8464660645,2.794034004,3.161980629,0.0100851059,0.02617835999,0.04034042358,0.008341670036,0.02022385597,0.03336668015,0.0001602172852,0.0005187988281
E01924,39.75,22,2020-01-20T22:00:00,2020-01-21T01:00:00,2020-01-21T02:00:00,4,3,freezing_rain,3,freezing_rain,4,0,-1.540924072,-1.847747803,-1.106292725,2.896481276,3.154759407,0.001502037048,0.00171661377,0.006008148193,0,0,0,0.02004241943,0.02590942383
E02052,39.75,22.25,2020-01-20T22:00:00,2020-01-21T01:00:00,2020-01-21T02:00:00,4,3,freezing_rain,3,freezing_rain,4,0,-1.389068604,-1.599700928,-1.102386475,2.916012526,3.146946907,0.001931190491,0.002574920654,0.007724761963,0,0,0,0.01728820801,0.02212524414
E00228,40.25,21.75,2018-12-04T01:00:00,2018-12-04T04:00:00,2018-12-04T05:00:00,4,3,freezing_rain,3,freezing_rain,4,0,0.4521789551,0.09048461914,0.962310791,2.630343437,3.142071724,0.00171661377,0.002574920654,0.006866455078,0.0005498528481,0.0008583068848,0.002199411392,0.02210235596,0.02673339844
E00083,40.25,21.75,2014-01-04T04:00:00,2014-01-04T07:00:00,2014-01-04T08:00:00,4,3,freezing_rain,3,freezing_rain,4,0,-0.6125793457,-1.12411499,-0.2334899902,2.94224596,3.103952408,0.001502037048,0.003433227539,0.006008148193,0.0007107853889,0.001502037048,0.002843141556,0.02801513672,0.03286743164
E01772,39.75,21.75,2018-12-13T07:00:00,2018-12-13T10:00:00,2018-12-13T11:00:00,4,6,wet_snow,6,wet_snow,0,4,0.834564209,-0.5635681152,1.710357666,2.721311331,3.089662552,0.3728270531,0.4188537598,1.491308212,0.3670334816,0.4091978073,1.468133926,0.09599304199,0.1797180176
E00889,40,21.75,2013-12-18T00:00:00,2013-12-18T03:00:00,2013-12-18T04:00:00,4,6,wet_snow,6,wet_snow,0,4,-1.033905029,-1.203704834,-0.8890075684,2.768442154,3.088773727,0.001180171967,0.001287460327,0.004720687866,0.001153349876,0.001394748688,0.004613399506,0.0153427124,0.02066040039
E02030,39.75,22.25,2018-12-13T08:00:00,2018-12-13T11:00:00,2018-12-13T12:00:00,4,6,wet_snow,6,wet_snow,0,4,1.873260498,1.073883057,2.548248291,2.756135941,2.950990677,0.238931179,0.2798080444,0.9557247162,0.1577675343,0.185072422,0.631070137,0.1046066284,0.154510498
E00996,40,21.75,2018-01-23T17:00:00,2018-01-23T20:00:00,2018-01-23T21:00:00,4,6,wet_snow,6,wet_snow,0,4,2.858642578,1.892852783,3.538604736,2.522867441,2.89632988,0.004291534424,0.01072883606,0.0171661377,0.003808736801,0.0106215477,0.0152349472,0.001136779785,0.001678466797
E03049,39.25,22.25,2016-01-03T00:00:00,2016-01-03T03:00:00,2016-01-03T04:00:00,4,3,freezing_rain,3,freezing_rain,4,0,-0.8059387207,-1.928314209,0.4183654785,2.688924074,2.835003853,0.0008583068848,0.003433227539,0.003433227539,0.0006839632988,0.002682209015,0.002735853195,0.05201721191,0.105682373
E01902,39.75,22,2018-12-13T08:00:00,2018-12-13T11:00:00,2018-12-13T12:00:00,4,6,wet_snow,6,wet_snow,0,4,1.634979248,0.9527893066,2.188873291,2.586458206,2.772279739,0.28860569,0.3227233887,1.15442276,0.2751141787,0.3138184547,1.100456715,0.1114196777,0.1582336426
E00130,40.25,21.75,2015-12-06T03:00:00,2015-12-06T06:00:00,2015-12-06T07:00:00,4,3,freezing_rain,3,freezing_rain,4,0,-0.8661804199,-1.046966553,-0.6238708496,2.652468204,2.735154152,0.001072883606,0.003433227539,0.004291534424,5.36441803e-05,0.0001072883606,0.0002145767212,0.01497650146,0.01684570312
E02107,39.75,22.5,2016-01-23T17:00:00,2016-01-23T20:00:00,2016-01-23T21:00:00,4,6,wet_snow,6,wet_snow,0,4,-0.07131958008,-1.114837646,0.3480529785,2.372767687,2.664978027,0.002360343933,0.005149841309,0.009441375732,0.002172589302,0.004291534424,0.008690357208,0.01364135742,0.02777099609
E02414,39.5,22.25,2012-02-14T02:00:00,2012-02-14T05:00:00,2012-02-14T06:00:00,4,3,freezing_rain,3,freezing_rain,4,0,0.3818054199,-0.3367614746,1.554107666,2.324566841,2.62421608,0.0171661377,0.03004074097,0.06866455078,0.001153349876,0.002145767212,0.004613399506,0.01953125,0.02233886719
E02261,39.5,21.75,2016-12-14T06:00:00,2016-12-14T09:00:00,2016-12-14T10:00:00,4,6,wet_snow,6,wet_snow,0,4,-0.1893005371,-2.419281006,2.269805908,2.057999849,2.53224659,0.005686283112,0.01459121704,0.02274513245,0.005713105202,0.0146985054,0.02285242081,0.08795928955,0.1755371094
E01157,40,22,2015-01-28T03:00:00,2015-01-28T06:00:00,2015-01-28T07:00:00,4,3,freezing_rain,3,freezing_rain,4,0,1.982940674,1.737701416,2.396759033,2.323055923,2.427498579,0.001287460327,0.002145767212,0.005149841309,0,0,0,0.01810455322,0.01959228516
E02544,39.5,22.5,2017-01-26T23:00:00,2017-01-27T02:00:00,2017-01-27T03:00:00,4,6,wet_snow,6,wet_snow,0,4,2.103637695,1.502593994,2.443145752,2.222465992,2.355574608,0.08872747421,0.1201629639,0.3549098969,0.07668435574,0.09816884995,0.3067374229,0.03406524658,0.06106567383
E02444,39.5,22.25,2016-01-24T02:00:00,2016-01-24T05:00:00,2016-01-24T06:00:00,4,6,wet_snow,6,wet_snow,0,4,-1.521148682,-2.250335693,-0.998626709,1.839915037,2.347158432,0.0006437301636,0.0008583068848,0.002574920654,0.0006303191185,0.0008046627045,0.002521276474,0.006492614746,0.006744384766
E02548,39.5,22.5,2017-12-21T19:00:00,2017-12-21T22:00:00,2017-12-21T23:00:00,4,6,wet_snow,6,wet_snow,0,4,0.8422546387,0.6568908691,0.9376525879,2.129683018,2.138381004,0.3110289574,0.4046916962,1.244115829,0.3031030297,0.3998637199,1.212412119,0.05599975586,0.1062316895
E02368,39.5,22,2016-01-24T02:00:00,2016-01-24T05:00:00,2016-01-24T06:00:00,4,6,wet_snow,6,wet_snow,0,4,-1.459625244,-2.449554443,-0.695892334,1.754709959,1.970205307,0.0006437301636,0.0008583068848,0.002574920654,0.0008180737495,0.001180171967,0.003272294998,0.008506774902,0.0100402832
E02509,39.5,22.5,2014-12-29T23:00:00,2014-12-30T02:00:00,2014-12-30T03:00:00,4,6,wet_snow,6,wet_snow,0,4,1.818267822,0.9625549316,2.276275635,1.323413134,1.611065865,0.004827976227,0.007724761963,0.01931190491,0.003969669342,0.006866455078,0.01587867737,0.07961273193,0.09185791016
E00310,40.25,22,2012-02-06T19:00:00,2012-02-06T21:00:00,2012-02-06T22:00:00,3,6,wet_snow,6,wet_snow,0,3,1.799102783,1.68460083,1.868438721,22.14140956,25.92529678,1.523351669,2.365064621,4.570055008,1.475143433,2.317857742,4.425430298,0.0930480957,0.2005310059
E00117,40.25,21.75,2015-01-12T09:00:00,2015-01-12T11:00:00,2015-01-12T12:00:00,3,6,wet_snow,6,wet_snow,0,3,3.464223226,2.068878174,4.535430908,15.80484772,18.97003174,0.006294250488,0.00901222229,0.01888275146,0.006312131882,0.00895857811,0.01893639565,0.01600138346,0.04745483398
E01601,40,22.75,2012-02-27T23:00:00,2012-02-28T01:00:00,2012-02-28T02:00:00,3,6,wet_snow,6,wet_snow,0,3,4.224924723,3.875396729,4.590484619,18.38815562,18.53445435,0.006008148193,0.007724761963,0.01802444458,0.002557039261,0.003862380981,0.007671117783,0.04965209961,0.05523681641
E01045,40,21.75,2020-02-05T09:00:00,2020-02-05T11:00:00,2020-02-05T12:00:00,3,6,wet_snow,6,wet_snow,0,3,3.147247314,2.031646729,3.828277588,16.44803937,17.26279259,0.3865242004,0.745010376,1.159572601,0.2716362476,0.4990518093,0.8149087429,0.02739461263,0.06915283203
E00396,40.25,22,2015-01-12T09:00:00,2015-01-12T11:00:00,2015-01-12T12:00:00,3,6,wet_snow,6,wet_snow,0,3,2.879587809,1.664581299,3.752227783,14.0717748,17.07452393,0.006008148193,0.009870529175,0.01802444458,0.006026029587,0.009548664093,0.01807808876,0.02328491211,0.0671081543
E01386,40,22.25,2015-01-12T09:00:00,2015-01-12T11:00:00,2015-01-12T12:00:00,3,6,wet_snow,6,wet_snow,0,3,4.095082601,3.139190674,4.615509033,15.70686595,16.31573486,0.001287460327,0.002145767212,0.003862380981,0.001341104507,0.002038478851,0.004023313522,0.02433268229,0.03100585938
E00162,40.25,21.75,2016-12-28T13:00:00,2016-12-28T15:00:00,2016-12-28T16:00:00,3,6,wet_snow,6,wet_snow,0,3,3.44611613,2.484527588,4.869171143,13.96786213,16.27351761,0.07352828979,0.1072883606,0.2205848694,0.05271434784,0.08507966995,0.1581430435,0.0003153483073,0.0004272460938
E02132,39.75,22.5,2018-02-26T07:00:00,2018-02-26T09:00:00,2018-02-26T10:00:00,3,6,wet_snow,6,wet_snow,0,3,2.125518799,1.846099854,2.555328369,15.16777039,16.13838768,3.680562973,4.706954956,11.04168892,3.240859509,4.147875309,9.722578049,0.06511433919,0.1534423828
E01453,40,22.25,2018-01-18T02:00:00,2018-01-18T04:00:00,2018-01-18T05:00:00,3,6,wet_snow,6,wet_snow,0,3,2.136057536,1.850006104,2.406402588,15.61418947,15.93128109,0.3315925598,0.6690502167,0.9947776794,0.2107858658,0.3493309021,0.6323575974,0.001831054688,0.005462646484
E02761,39.25,21.75,2016-12-29T11:00:00,2016-12-29T13:00:00,2016-12-29T14:00:00,3,6,wet_snow,6,wet_snow,0,3,2.962188721,2.678863525,3.158355713,15.47953256,15.80835056,0.001573562622,0.003433227539,0.004720687866,0.001895427704,0.003755092621,0.005686283112,0.00244140625,0.003875732422
E00486,40.25,22,2018-01-18T01:00:00,2018-01-18T03:00:00,2018-01-18T04:00:00,3,6,wet_snow,6,wet_snow,0,3,1.692616781,1.348052979,2.197174072,14.09045156,15.67842674,0.6144046783,1.104640961,1.843214035,0.3435373306,0.4965305328,1.030611992,0.003428141276,0.008514404297
E00949,40,21.75,2016-12-29T09:00:00,2016-12-29T11:00:00,2016-12-29T12:00:00,3,6,wet_snow,6,wet_snow,0,3,3.130808512,1.817657471,3.97769165,14.72915872,14.9722271,0.0002861022949,0.0004291534424,0.0008583068848,0.0004291534424,0.0007510185242,0.001287460327,0.00190226237,0.002532958984
E02819,39.25,21.75,2018-02-28T07:00:00,2018-02-28T09:00:00,2018-02-28T10:00:00,3,6,wet_snow,6,wet_snow,0,3,3.131907145,2.01260376,3.768463135,13.15568701,14.70468903,0,0,0,0.0001430511475,0.0002145767212,0.0004291534424,0.001169840495,0.001861572266
E00283,40.25,21.75,2020-02-06T11:00:00,2020-02-06T13:00:00,2020-02-06T14:00:00,3,6,wet_snow,6,wet_snow,0,3,1.93456014,1.827301025,2.111724854,14.56120777,14.69108391,0.001859664917,0.002574920654,0.005578994751,0.002002716064,0.002467632294,0.006008148193,0.005676269531,0.006713867188
E01641,40,22.75,2019-01-07T13:00:00,2019-01-07T15:00:00,2019-01-07T16:00:00,3,6,wet_snow,6,wet_snow,0,3,2.970204671,2.773590088,3.151031494,14.36319796,14.58470154,0.03218650818,0.04463195801,0.09655952454,0.001323223114,0.003218650818,0.003969669342,0.00136311849,0.002227783203
E00445,40.25,22,2016-12-29T11:00:00,2016-12-29T13:00:00,2016-12-29T14:00:00,3,6,wet_snow,6,wet_snow,0,3,2.087839762,2.027862549,2.189605713,14.16703256,14.22338963,0.0007152557373,0.001287460327,0.002145767212,0.001108646393,0.001609325409,0.003325939178,0.002807617188,0.003387451172
E00206,40.25,21.75,2018-01-18T02:00:00,2018-01-18T04:00:00,2018-01-18T05:00:00,3,6,wet_snow,6,wet_snow,0,3,2.081370036,1.890777588,2.199615479,13.36646811,14.00745296,0.3115653992,0.707244873,0.9346961975,0.1409769058,0.3193974495,0.4229307175,0.01748657227,0.04534912109
E01468,40,22.25,2018-02-28T09:00:00,2018-02-28T11:00:00,2018-02-28T12:00:00,3,6,wet_snow,6,wet_snow,0,3,3.567860921,2.98916626,4.090240479,13.6030852,13.70958996,0.0008583068848,0.00171661377,0.002574920654,0.0008225440979,0.001394748688,0.002467632294,0.0004475911458,0.0006713867188
E02596,39.5,22.75,2012-02-28T13:00:00,2012-02-28T15:00:00,2012-02-28T16:00:00,3,6,wet_snow,6,wet_snow,0,3,4.995107015,4.898590088,5.043365479,12.91481845,13.64162159,0.004148483276,0.008583068848,0.01244544983,0,0,0,0.0008697509766,0.001556396484
E01618,40,22.75,2015-12-30T19:00:00,2015-12-30T21:00:00,2015-12-30T22:00:00,3,6,wet_snow,6,wet_snow,0,3,4.700551351,4.378326416,5.052032471,13.3107872,13.54166508,0.4805088043,0.4862308502,1.441526413,0.3371715546,0.3601670265,1.011514664,0.1462300618,0.1948547363
E01186,40,22,2016-12-29T10:00:00,2016-12-29T12:00:00,2016-12-29T13:00:00,3,6,wet_snow,6,wet_snow,0,3,3.081614176,2.915435791,3.220855713,13.25678921,13.51714897,0.0004291534424,0.001287460327,0.001287460327,0.000536441803,0.001609325409,0.001609325409,0.000498453776,0.0009155273438
E01536,40,22.5,2012-02-27T23:00:00,2012-02-28T01:00:00,2012-02-28T02:00:00,3,6,wet_snow,6,wet_snow,0,3,0.569325765,-0.1187438965,1.010406494,13.11178843,13.32058811,0.002717971802,0.003004074097,0.008153915405,0.00234246254,0.002896785736,0.007027387619,0.03000895182,0.03265380859
E02593,39.5,22.75,2012-02-17T12:00:00,2012-02-17T14:00:00,2012-02-17T15:00:00,3,6,wet_snow,6,wet_snow,0,3,5.844309489,5.769439697,5.949127197,11.96206601,12.96539021,0.0001430511475,0.0004291534424,0.0004291534424,0.0001072883606,0.0002145767212,0.0003218650818,0.003407796224,0.005737304688
E02760,39.25,21.75,2016-12-28T13:00:00,2016-12-28T15:00:00,2016-12-28T16:00:00,3,6,wet_snow,6,wet_snow,0,3,3.791168213,2.416168213,5.003936768,11.47632567,12.89168167,0.02059936523,0.03433227539,0.0617980957,0.004470348358,0.008314847946,0.01341104507,0.003173828125,0.003509521484
E01734,39.75,21.75,2017-01-06T08:00:00,2017-01-06T10:00:00,2017-01-06T11:00:00,3,6,wet_snow,6,wet_snow,0,3,1.543528239,1.041412354,1.959869385,11.67177614,12.80805588,0.0005722045898,0.0008583068848,0.00171661377,0.0004649162292,0.0006437301636,0.001394748688,0.006978352865,0.007659912109
E01613,40,22.75,2015-02-11T10:00:00,2015-02-11T12:00:00,2015-02-11T13:00:00,3,6,wet_snow,6,wet_snow,0,3,4.24706014,3.883453369,4.609405518,11.72531509,12.67998219,0.06122589111,0.09870529175,0.1836776733,0.0006973743439,0.001019239426,0.002092123032,0.004058837891,0.00439453125
E00799,40.25,22.75,2015-02-09T08:00:00,2015-02-09T10:00:00,2015-02-09T11:00:00,3,6,wet_snow,6,wet_snow,0,3,3.654368083,3.566802979,3.783721924,12.50798957,12.62720394,0.6079673767,0.7767677307,1.82390213,0.3933727741,0.4886984825,1.180118322,0.1180013021,0.1327514648
E02871,39.25,21.75,2020-02-22T08:00:00,2020-02-22T10:00:00,2020-02-22T11:00:00,3,6,wet_snow,6,wet_snow,0,3,5.214630127,4.603912354,6.294586182,11.14882024,12.62114906,0.02660751343,0.04463195801,0.07982254028,0.01269578934,0.01974105835,0.03808736801,0.01602172852,0.02517700195
E02736,39.25,21.75,2015-02-11T11:00:00,2015-02-11T13:00:00,2015-02-11T14:00:00,3,6,wet_snow,6,wet_snow,0,3,2.116038005,1.879180908,2.347808838,11.59022331,12.52693653,0.01158714294,0.01587867737,0.03476142883,0.01180171967,0.01625418663,0.035405159,0.004872639974,0.007843017578
E01501,40,22.25,2019-12-30T13:00:00,2019-12-30T15:00:00,2019-12-30T16:00:00,3,6,wet_snow,6,wet_snow,0,3,2.136749268,2.104766846,2.195953369,11.7885205,12.3629179,0.01344680786,0.03347396851,0.04034042358,0.01298189163,0.0318646431,0.0389456749,0.033203125,0.04516601562
E01703,39.75,21.75,2015-02-10T11:00:00,2015-02-10T13:00:00,2015-02-10T14:00:00,3,6,wet_snow,6,wet_snow,0,3,3.347646077,3.255279541,3.396881104,12.24777253,12.29623127,0.004005432129,0.008583068848,0.01201629639,0.003701448441,0.008261203766,0.01110434532,0.006286621094,0.01342773438
E02196,39.75,22.75,2019-01-07T17:00:00,2019-01-07T19:00:00,2019-01-07T20:00:00,3,6,wet_snow,6,wet_snow,0,3,2.394683838,2.131988525,2.613433838,11.529905,12.17919827,0.004434585571,0.008583068848,0.01330375671,0.001859664917,0.003755092621,0.005578994751,0.0009562174479,0.001373291016
E01548,40,22.5,2015-02-11T10:00:00,2015-02-11T12:00:00,2015-02-11T13:00:00,3,6,wet_snow,6,wet_snow,0,3,2.424794515,2.104156494,2.716827393,11.30441666,11.85869312,0.02088546753,0.03991127014,0.06265640259,0.003951787949,0.006061792374,0.01185536385,0.003306070964,0.004455566406
E03258,39.25,22.75,2012-02-10T09:00:00,2012-02-10T11:00:00,2012-02-10T12:00:00,3,6,wet_snow,6,wet_snow,0,3,3.202748617,2.850250244,3.712799072,11.35874303,11.69953728,0.433588028,0.457906723,1.300764084,0.3706812859,0.394821167,1.112043858,0.1256815592,0.154876709
E02859,39.25,21.75,2020-01-05T14:00:00,2020-01-05T16:00:00,2020-01-05T17:00:00,3,6,wet_snow,6,wet_snow,0,3,3.037099202,2.978912354,3.118438721,11.2142566,11.53865337,0.3703594208,0.4334449768,1.111078262,0.3188967705,0.3869891167,0.9566903114,0.03947957357,0.05056762695
E00476,40.25,22,2017-12-23T09:00:00,2017-12-23T11:00:00,2017-12-23T12:00:00,3,6,wet_snow,6,wet_snow,0,3,3.943186442,2.229522705,4.922637939,10.38048013,11.49585438,0,0,0,3.576278687e-05,0.0001072883606,0.0001072883606,0.007781982422,0.01623535156
E01553,40,22.5,2015-12-30T19:00:00,2015-12-30T21:00:00,2015-12-30T22:00:00,3,6,wet_snow,6,wet_snow,0,3,2.120473226,1.849029541,2.626251221,11.15779241,11.42545414,0.6031036377,0.6437301636,1.809310913,0.551712513,0.5690574646,1.655137539,0.134572347,0.175201416
E00655,40.25,22.25,2016-12-30T10:00:00,2016-12-30T12:00:00,2016-12-30T13:00:00,3,6,wet_snow,6,wet_snow,0,3,0.7908833822,0.6594543457,0.8887023926,11.14773115,11.35624409,0.004291534424,0.005578994751,0.01287460327,0.00422000885,0.005686283112,0.01266002655,0.003000895182,0.003326416016
E01694,39.75,21.75,2014-12-29T13:00:00,2014-12-29T15:00:00,2014-12-29T16:00:00,3,6,wet_snow,6,wet_snow,0,3,4.475575765,3.69229126,5.768463135,10.94011752,11.24434376,0.02746582031,0.0506401062,0.08239746094,0.02528429031,0.04634857178,0.07585287094,0.01152547201,0.01718139648
E00266,40.25,21.75,2019-12-28T13:00:00,2019-12-28T15:00:00,2019-12-28T16:00:00,3,6,wet_snow,6,wet_snow,0,3,2.783681234,2.102203369,3.7784729,10.61695862,11.16921902,0.04205703735,0.07467269897,0.1261711121,0.03132820129,0.05375146866,0.09398460388,0.001159667969,0.001647949219
E03247,39.25,22.75,2012-01-31T04:00:00,2012-01-31T06:00:00,2012-01-31T07:00:00,3,6,wet_snow,6,wet_snow,0,3,-0.3128356934,-0.658782959,-0.1038513184,10.80767663,11.07576656,0.02131462097,0.02403259277,0.06394386292,0.02143979073,0.02392530441,0.06431937218,0.184946696,0.1927185059
E02945,39.25,22,2016-12-29T08:00:00,2016-12-29T10:00:00,2016-12-29T11:00:00,3,6,wet_snow,6,wet_snow,0,3,3.329335531,2.57131958,4.349029541,10.53346316,11.0737896,0.0007152557373,0.00171661377,0.002145767212,0.0008583068848,0.001931190491,0.002574920654,0.009908040365,0.01171875
E00326,40.25,22,2012-12-18T10:00:00,2012-12-18T12:00:00,2012-12-18T13:00:00,3,6,wet_snow,6,wet_snow,0,3,2.545155843,2.277496338,2.95791626,10.03663985,10.97231579,1.518058777,2.150058746,4.554176331,1.214361191,1.665115356,3.643083572,0.1519877116,0.1658935547
E00292,40.25,22,2012-01-07T11:00:00,2012-01-07T13:00:00,2012-01-07T14:00:00,3,6,wet_snow,6,wet_snow,0,3,2.051991781,2.021270752,2.09072876,10.30182966,10.88282776,0.01258850098,0.022315979,0.03776550293,0.01255273819,0.022315979,0.03765821457,0.01192220052,0.01565551758
E00251,40.25,21.75,2019-02-14T18:00:00,2019-02-14T20:00:00,2019-02-14T21:00:00,3,6,wet_snow,6,wet_snow,0,3,2.888539632,2.580841064,3.152496338,10.6919206,10.87226963,0,0,0,0,0,0,0.003306070964,0.003875732422
E02162,39.75,22.75,2013-01-08T08:00:00,2013-01-08T10:00:00,2013-01-08T11:00:00,3,6,wet_snow,6,wet_snow,0,3,3.092112223,2.956085205,3.240753174,10.11717637,10.85038471,0.005006790161,0.01373291016,0.01502037048,0.00114440918,0.002145767212,0.003433227539,0.00298055013,0.004089355469
E00408,40.25,22,2015-02-11T12:00:00,2015-02-11T14:00:00,2015-02-11T15:00:00,3,6,wet_snow,6,wet_snow,0,3,1.793487549,1.716827393,1.833404541,10.46492259,10.83426094,0.005865097046,0.01029968262,0.01759529114,0.005954504013,0.01029968262,0.01786351204,0.001586914062,0.001708984375
E02244,39.5,21.75,2015-02-10T12:00:00,2015-02-10T14:00:00,2015-02-10T15:00:00,3,6,wet_snow,6,wet_snow,0,3,3.212392171,2.999908447,3.422271729,10.75216548,10.82872677,0.004005432129,0.007724761963,0.01201629639,0.004148483276,0.007832050323,0.01244544983,0.002278645833,0.004821777344
E00756,40.25,22.5,2015-02-09T08:00:00,2015-02-09T10:00:00,2015-02-09T11:00:00,3,6,wet_snow,6,wet_snow,0,3,0.720123291,0.5179748535,0.9673156738,10.36834113,10.82642269,0.4640579224,0.7115364075,1.392173767,0.4451930523,0.6842315197,1.335579157,0.1034444173,0.1098327637
E01576,40,22.5,2019-01-07T13:00:00,2019-01-07T15:00:00,2019-01-07T16:00:00,3,6,wet_snow,6,wet_snow,0,3,-0.09359741211,-0.7557067871,0.7232971191,10.56567192,10.68666935,0.008726119995,0.01802444458,0.02617835999,0.006741285324,0.01201629639,0.02022385597,0.0001424153646,0.0003967285156
E03228,39.25,22.5,2019-02-24T11:00:00,2019-02-24T13:00:00,2019-02-24T14:00:00,3,6,wet_snow,6,wet_snow,0,3,2.886667887,2.761871338,3.064117432,10.34962718,10.66575146,0.1556396484,0.2875328064,0.4669189453,0.130033493,0.2205848694,0.3901004791,0.0864461263,0.1065673828
E02117,39.75,22.5,2016-12-29T21:00:00,2016-12-29T23:00:00,2016-12-30T00:00:00,3,6,wet_snow,6,wet_snow,0,3,2.88788859,2.447662354,3.457305908,10.27621365,10.65334415,0,0,0,0,0,0,0.001017252604,0.001098632812
E01294,40,22.25,2012-01-06T18:00:00,2012-01-06T20:00:00,2012-01-06T21:00:00,3,6,wet_snow,6,wet_snow,0,3,1.800974528,1.263580322,2.291412354,9.781204224,10.61152458,1.2342453,1.447105408,3.702735901,1.072239876,1.270401478,3.216719627,0.1939290365,0.2506103516
E00109,40.25,21.75,2014-12-27T09:00:00,2014-12-27T11:00:00,2014-12-27T12:00:00,3,6,wet_snow,6,wet_snow,0,3,3.308013916,1.790313721,4.285797119,10.25344817,10.5586338,0,0,0,0.0002861022949,0.000536441803,0.0008583068848,0.0004374186198,0.001251220703
E00234,40.25,21.75,2018-12-25T07:00:00,2018-12-25T09:00:00,2018-12-25T10:00:00,3,6,wet_snow,6,wet_snow,0,3,2.290557861,2.021148682,2.504180908,9.966792107,10.55148983,0,0,0,0.0001966953278,0.0003218650818,0.0005900859833,0.01063028971,0.01950073242
E01684,39.75,21.75,2013-01-07T17:00:00,2013-01-07T19:00:00,2013-01-07T20:00:00,3,6,wet_snow,6,wet_snow,0,3,3.147125244,2.151031494,4.046783447,10.05077489,10.46077251,0.003433227539,0.007724761963,0.01029968262,0.003433227539,0.007939338684,0.01029968262,0.01357014974,0.03021240234
E00912,40,21.75,2015-01-04T20:00:00,2015-01-04T22:00:00,2015-01-04T23:00:00,3,6,wet_snow,6,wet_snow,0,3,3.922556559,2.408843994,5.003570557,10.39245478,10.42804241,0,0,0,7.152557373e-05,0.0001072883606,0.0002145767212,0.05793253581,0.06610107422
E03259,39.25,22.75,2012-02-17T09:00:00,2012-02-17T11:00:00,2012-02-17T12:00:00,3,6,wet_snow,6,wet_snow,0,3,5.120473226,4.014434814,5.841217041,10.03938071,10.3930397,0.001287460327,0.002145767212,0.003862380981,0.001287460327,0.002145767212,0.003862380981,0.01160176595,0.01454162598
E00515,40.25,22,2019-01-01T08:00:00,2019-01-01T10:00:00,2019-01-01T11:00:00,3,6,wet_snow,6,wet_snow,0,3,3.210723877,2.402496338,4.440460205,9.534460386,10.37045956,0.1090049744,0.2840995789,0.3270149231,0.1087188721,0.2843141556,0.3261566162,0.002787272135,0.003784179688
E02167,39.75,22.75,2015-01-07T13:00:00,2015-01-07T15:00:00,2015-01-07T16:00:00,3,6,wet_snow,6,wet_snow,0,3,3.491078695,2.956573486,3.769805908,9.380537987,10.2795229,0,0,0,0,0,0,0.001658121745,0.001708984375
E02992,39.25,22,2020-01-06T07:00:00,2020-01-06T09:00:00,2020-01-06T10:00:00,3,6,wet_snow,6,wet_snow,0,3,2.230621338,0.5737609863,3.271270752,9.299842834,10.2704401,0.02889633179,0.04205703735,0.08668899536,0.02875328064,0.04205703735,0.08625984192,0.01236979167,0.01776123047
E02995,39.25,22,2020-02-06T06:00:00,2020-02-06T08:00:00,2020-02-06T09:00:00,3,6,wet_snow,6,wet_snow,0,3,2.654490153,2.163970947,3.550079346,9.669819832,10.23402882,0.2171516418,0.2557754517,0.6514549255,0.1852869987,0.2258419991,0.5558609962,0.0622660319,0.123626709
E01252,40,22,2018-12-25T08:00:00,2018-12-25T10:00:00,2018-12-25T11:00:00,3,6,wet_snow,6,wet_snow,0,3,3.37201945,3.062774658,3.902252197,9.329333941,10.20444679,0.002002716064,0.006008148193,0.006008148193,0.001788139343,0.004774332047,0.00536441803,0.008331298828,0.01675415039
E01480,40,22.25,2018-12-25T04:00:00,2018-12-25T06:00:00,2018-12-25T07:00:00,3,6,wet_snow,6,wet_snow,0,3,3.056427002,2.64175415,3.449615479,8.652056058,10.0196476,0.6068229675,1.005506516,1.820468903,0.4085183144,0.7296681404,1.225554943,0.1187795003,0.2577667236
E00453,40.25,22,2017-01-18T10:00:00,2017-01-18T12:00:00,2017-01-18T13:00:00,3,6,wet_snow,6,wet_snow,0,3,0.9944559733,0.9022521973,1.170440674,9.548938433,9.971284866,0.5046844482,0.5862236023,1.514053345,0.4981398582,0.582575798,1.494419575,0.04258219401,0.05368041992
E00950,40,21.75,2016-12-30T11:00:00,2016-12-30T13:00:00,2016-12-30T14:00:00,3,6,wet_snow,6,wet_snow,0,3,1.459584554,1.356964111,1.543243408,9.790395737,9.936652184,0.001859664917,0.002145767212,0.005578994751,0.001931190491,0.002360343933,0.005793571472,0.003438313802,0.004333496094
E01249,40,22,2018-12-17T23:00:00,2018-12-18T01:00:00,2018-12-18T02:00:00,3,6,wet_snow,6,wet_snow,0,3,1.943674723,1.716949463,2.386505127,7.736275673,9.753883362,0.7530212402,1.090908051,2.259063721,0.5213499069,0.8531570435,1.564049721,0.1366577148,0.2426757812
E02818,39.25,21.75,2018-02-27T07:00:00,2018-02-27T09:00:00,2018-02-27T10:00:00,3,6,wet_snow,6,wet_snow,0,3,3.073354085,1.007720947,4.403961182,9.574158986,9.717926979,0,0,0,0.0001072883606,0.0002145767212,0.0003218650818,0.000742594401,0.001129150391
E02145,39.75,22.5,2019-12-29T17:00:00,2019-12-29T19:00:00,2019-12-29T20:00:00,3,6,wet_snow,6,wet_snow,0,3,3.592193604,3.483551025,3.793365479,8.33047231,9.693369865,0.0005722045898,0.0008583068848,0.00171661377,0.0007331371307,0.001126527786,0.002199411392,0.003835042318,0.004180908203
E00293,40.25,22,2012-01-09T11:00:00,2012-01-09T13:00:00,2012-01-09T14:00:00,3,6,wet_snow,6,wet_snow,0,3,2.552602132,2.359771729,2.708892822,9.337633769,9.680272102,0.01673698425,0.02446174622,0.05021095276,0.004684925079,0.004935264587,0.01405477524,0.001505533854,0.002136230469
E03227,39.25,22.5,2019-02-24T07:00:00,2019-02-24T09:00:00,2019-02-24T10:00:00,3,6,wet_snow,6,wet_snow,0,3,1.18460083,0.5758361816,1.533477783,7.950499852,9.608857155,0.3660678864,0.4703521729,1.098203659,0.3533363342,0.4531860352,1.060009003,0.04331461589,0.05505371094
E03070,39.25,22.25,2016-12-29T08:00:00,2016-12-29T10:00:00,2016-12-29T11:00:00,3,6,wet_snow,6,wet_snow,0,3,4.481028239,3.440460205,5.786529541,8.438085556,9.569883347,0.001001358032,0.002145767212,0.003004074097,0.001180171967,0.002360343933,0.0035405159,0.009267171224,0.01031494141
E01500,40,22.25,2019-12-28T08:00:00,2019-12-28T10:00:00,2019-12-28T11:00:00,3,6,wet_snow,6,wet_snow,0,3,3.402333577,2.756744385,4.483795166,9.013274193,9.561313629,0.008296966553,0.02489089966,0.02489089966,0.002360343933,0.006651878357,0.007081031799,0.002726236979,0.003997802734
E00657,40.25,22.25,2017-01-05T22:00:00,2017-01-06T00:00:00,2017-01-06T01:00:00,3,6,wet_snow,6,wet_snow,0,3,1.862701416,1.163238525,2.372955322,8.854117393,9.401815414,1.154565811,1.978397369,3.463697433,0.5537509918,0.5690574646,1.661252975,0.09452311198,0.1295166016
E00897,40,21.75,2014-01-26T00:00:00,2014-01-26T02:00:00,2014-01-26T03:00:00,3,6,wet_snow,6,wet_snow,0,3,2.007558187,1.582183838,2.41494751,8.966811498,9.341612816,0.5006790161,0.6214141846,1.502037048,0.3957867622,0.470995903,1.187360287,0.05012003581,0.05862426758
E02756,39.25,21.75,2016-12-21T09:00:00,2016-12-21T11:00:00,2016-12-21T12:00:00,3,6,wet_snow,6,wet_snow,0,3,3.720733643,2.358306885,4.413848877,8.962170601,9.308224678,0.3697872162,0.3905296326,1.109361649,0.3118872643,0.3340959549,0.9356617928,0.1925048828,0.2062683105
E00301,40.25,22,2012-01-26T11:00:00,2012-01-26T13:00:00,2012-01-26T14:00:00,3,6,wet_snow,6,wet_snow,0,3,1.830434163,1.787261963,1.893218994,9.169870694,9.263507843,0.008583068848,0.01201629639,0.02574920654,0.008815526962,0.01201629639,0.02644658089,0.0173034668,0.03286743164
E02296,39.5,21.75,2018-02-26T04:00:00,2018-02-26T06:00:00,2018-02-26T07:00:00,3,6,wet_snow,6,wet_snow,0,3,1.435373942,0.737701416,2.352935791,8.294077237,9.248218536,4.939985275,5.509471893,14.81995583,4.239356518,4.831731319,12.71806908,0.6303710938,1.059509277
E01968,39.75,22.25,2014-12-31T12:00:00,2014-12-31T14:00:00,2014-12-31T15:00:00,3,6,wet_snow,6,wet_snow,0,3,1.221995036,0.9613342285,1.419342041,9.09350872,9.230448723,0.1022815704,0.1429080963,0.3068447113,0.1022279263,0.1425862312,0.3066837788,0.006622314453,0.0119934082
E02492,39.5,22.5,2012-02-01T13:00:00,2012-02-01T15:00:00,2012-02-01T16:00:00,3,6,wet_snow,6,wet_snow,0,3,1.416127523,1.044464111,1.671173096,8.647867839,9.21981144,0.1201629639,0.2244472504,0.3604888916,0.1158714294,0.224339962,0.3476142883,0.005615234375,0.005981445312
E00862,40,21.75,2012-12-19T18:00:00,2012-12-19T20:00:00,2012-12-19T21:00:00,3,6,wet_snow,6,wet_snow,0,3,2.509023031,1.592193604,3.143341064,8.762089411,9.159162521,0.0002861022949,0.0008583068848,0.0008583068848,0.0003933906555,0.0007510185242,0.001180171967,0.005889892578,0.007507324219
E00039,40.25,21.75,2012-12-19T16:00:00,2012-12-19T18:00:00,2012-12-19T19:00:00,3,6,wet_snow,6,wet_snow,0,3,2.620351156,1.586700439,3.962677002,9.039395014,9.064535141,0.00114440918,0.00171661377,0.003433227539,0.000536441803,0.001072883606,0.001609325409,0.00449625651,0.005157470703
E00027,40.25,21.75,2012-02-27T01:00:00,2012-02-27T03:00:00,2012-02-27T04:00:00,3,6,wet_snow,6,wet_snow,0,3,2.087677002,1.862945557,2.20010376,8.231699944,9.024591446,0.4508972168,0.5750656128,1.35269165,0.3789067268,0.5242109299,1.136720181,0.1124165853,0.1165466309
E02663,39.25,21.75,2012-01-29T10:00:00,2012-01-29T12:00:00,2012-01-29T13:00:00,3,6,wet_snow,6,wet_snow,0,3,1.357371012,1.200592041,1.582183838,8.822236697,9.023541451,0.2496242523,0.2806663513,0.748872757,0.2303123474,0.2595305443,0.6909370422,0.1241556803,0.1299743652
E01381,40,22.25,2014-12-28T08:00:00,2014-12-28T10:00:00,2014-12-28T11:00:00,3,6,wet_snow,6,wet_snow,0,3,2.754099528,1.554351807,4.009307861,8.294611931,9.003511429,0.0005722045898,0.00171661377,0.00171661377,0.0004291534424,0.001180171967,0.001287460327,0.05918375651,0.06793212891
E00297,40.25,22,2012-01-14T02:00:00,2012-01-14T04:00:00,2012-01-14T05:00:00,3,3,freezing_rain,3,freezing_rain,3,0,-1.759043376,-2.649261475,-0.3245544434,8.813524882,8.974555969,0.02088546753,0.0506401062,0.06265640259,0,0,0,0.06463623047,0.1045532227
E00693,40.25,22.25,2018-01-24T12:00:00,2018-01-24T14:00:00,2018-01-24T15:00:00,3,6,wet_snow,6,wet_snow,0,3,3.785227458,3.420196533,4.008453369,8.787645658,8.93179512,0.001001358032,0.002574920654,0.003004074097,0.0008583068848,0.002253055573,0.002574920654,0.01972452799,0.0244140625
E02704,39.25,21.75,2013-12-04T07:00:00,2013-12-04T09:00:00,2013-12-04T10:00:00,3,6,wet_snow,6,wet_snow,0,3,2.601633708,0.1607971191,4.29800415,8.178395589,8.836857796,0.001287460327,0.003433227539,0.003862380981,0.001180171967,0.002896785736,0.0035405159,0.03156534831,0.04312133789
E00858,40,21.75,2012-12-11T03:00:00,2012-12-11T05:00:00,2012-12-11T06:00:00,3,6,wet_snow,6,wet_snow,0,3,-0.4108174642,-0.5442810059,-0.266204834,6.707441012,8.787013054,0.5807876587,0.8183956146,1.742362976,0.4988908768,0.7421135902,1.49667263,0.02350870768,0.04473876953
E01713,39.75,21.75,2016-01-17T18:00:00,2016-01-17T20:00:00,2016-01-17T21:00:00,3,6,wet_snow,6,wet_snow,0,3,0.8867899577,0.7042541504,1.00112915,8.647754669,8.782644272,0.05722045898,0.08325576782,0.171661377,0.05507469177,0.08336305618,0.1652240753,0.07700602214,0.1133117676
E00294,40.25,22,2012-01-10T11:00:00,2012-01-10T13:00:00,2012-01-10T14:00:00,3,6,wet_snow,6,wet_snow,0,3,2.036448161,2.005645752,2.056915283,8.179617882,8.720926285,0.02689361572,0.03175735474,0.08068084717,0.0269651413,0.0324010849,0.08089542389,0.04297892253,0.08346557617
E00404,40.25,22,2015-02-02T19:00:00,2015-02-02T21:00:00,2015-02-02T22:00:00,3,6,wet_snow,6,wet_snow,0,3,1.896230062,1.271636963,2.764801025,8.251358032,8.691808701,0.0002861022949,0.0008583068848,0.0008583068848,0.0003576278687,0.0008583068848,0.001072883606,3.051757812e-05,3.051757812e-05
E00885,40,21.75,2013-12-07T05:00:00,2013-12-07T07:00:00,2013-12-07T08:00:00,3,6,wet_snow,6,wet_snow,0,3,2.118438721,1.579742432,2.451202393,8.277990023,8.683099747,0.01645088196,0.04205703735,0.04935264587,0.003826618195,0.006973743439,0.01147985458,0.07126871745,0.09689331055
E03273,39.25,22.75,2015-01-05T20:00:00,2015-01-05T22:00:00,2015-01-05T23:00:00,3,6,wet_snow,6,wet_snow,0,3,2.722564697,1.798248291,3.371246338,8.074065844,8.663119316,0.001430511475,0.003433227539,0.004291534424,0.001037120819,0.002360343933,0.003111362457,0.003560384115,0.006469726562
E03282,39.25,22.75,2015-02-09T10:00:00,2015-02-09T12:00:00,2015-02-09T13:00:00,3,6,wet_snow,6,wet_snow,0,3,2.398183187,2.218292236,2.685943604,8.510545413,8.643736839,1.525783539,1.634645462,4.577350616,1.327586174,1.445496082,3.982758522,0.2414550781,0.2656860352
E00910,40,21.75,2014-12-28T07:00:00,2014-12-28T09:00:00,2014-12-28T10:00:00,3,6,wet_snow,6,wet_snow,0,3,1.396474202,-1.22567749,3.097076416,7.432867686,8.533635139,0.002574920654,0.006008148193,0.007724761963,0.002503395081,0.006115436554,0.007510185242,0.02926635742,0.04263305664
E02307,39.5,21.75,2019-02-12T23:00:00,2019-02-13T01:00:00,2019-02-13T02:00:00,3,6,wet_snow,6,wet_snow,0,3,3.349355062,3.259796143,3.451446533,8.246192614,8.477353096,0.0367641449,0.09398460388,0.1102924347,0.01208782196,0.01952648163,0.03626346588,0.02907307943,0.05834960938
E01152,40,22,2014-12-29T10:00:00,2014-12-29T12:00:00,2014-12-29T13:00:00,3,6,wet_snow,6,wet_snow,0,3,3.798085531,3.232086182,4.403717041,8.00281175,8.434574127,0.008869171143,0.0111579895,0.02660751343,0.00182390213,0.002574920654,0.00547170639,0.04560343424,0.06369018555
E00270,40.25,21.75,2020-01-05T04:00:00,2020-01-05T06:00:00,2020-01-05T07:00:00,3,6,wet_snow,6,wet_snow,0,3,1.838205973,1.652496338,1.942779541,7.685095469,8.35218811,0.01201629639,0.03261566162,0.03604888916,0.01199841499,0.03283023834,0.03599524498,0.005004882812,0.008331298828
E00805,40.25,22.75,2016-01-20T07:00:00,2016-01-20T09:00:00,2016-01-20T10:00:00,3,6,wet_snow,6,wet_snow,0,3,3.505808512,3.310089111,3.748687744,8.009860675,8.297426224,0.05006790161,0.0536441803,0.1502037048,0.03308057785,0.0359416008,0.09924173355,0.04554239909,0.06958007812
E01494,40,22.25,2019-01-26T07:00:00,2019-01-26T09:00:00,2019-01-26T10:00:00,3,6,wet_snow,6,wet_snow,0,3,2.098907471,1.230621338,2.93069458,8.208623886,8.25984478,0.3333091736,0.5312919617,0.9999275208,0.2680242062,0.4432082176,0.8040726185,0.0436706543,0.0608215332
E00075,40.25,21.75,2013-12-07T02:00:00,2013-12-07T04:00:00,2013-12-07T05:00:00,3,6,wet_snow,6,wet_snow,0,3,2.237375895,1.64175415,2.839752197,7.302191416,8.222481728,0.1303195953,0.1613616943,0.390958786,0.02898573875,0.03878474236,0.08695721626,0.1743672689,0.2009277344
E00335,40.25,22,2013-01-05T23:00:00,2013-01-06T01:00:00,2013-01-06T02:00:00,3,3,freezing_rain,3,freezing_rain,3,0,1.334788005,1.186431885,1.550689697,7.558378855,8.181923866,0.0114440918,0.01888275146,0.03433227539,0,0,0,0.005513509115,0.01153564453
E01398,40,22.25,2015-12-30T08:00:00,2015-12-30T10:00:00,2015-12-30T11:00:00,3,6,wet_snow,6,wet_snow,0,3,3.4815979,2.922393799,3.915802002,7.836181641,8.122374535,0.8208274841,0.9441375732,2.462482452,0.5225658417,0.6121873856,1.567697525,0.4113871257,0.4506225586
E01941,39.75,22.25,2012-01-31T11:00:00,2012-01-31T13:00:00,2012-01-31T14:00:00,3,6,wet_snow,6,wet_snow,0,3,2.008331299,1.984527588,2.023590088,7.624072393,8.07052803,0.001287460327,0.00171661377,0.003862380981,0.001394748688,0.001609325409,0.004184246063,0.07155354818,0.07925415039
E00612,40.25,22.25,2014-02-02T07:00:00,2014-02-02T09:00:00,2014-02-02T10:00:00,3,6,wet_snow,6,wet_snow,0,3,2.652903239,1.91116333,3.057647705,7.973479589,8.067547798,0.06036758423,0.06694793701,0.1811027527,0.05747079849,0.06512403488,0.1724123955,0.1682230632,0.1760864258
E03117,39.25,22.25,2020-01-06T07:00:00,2020-01-06T09:00:00,2020-01-06T10:00:00,3,6,wet_snow,6,wet_snow,0,3,3.499501546,2.069854736,4.415802002,7.126991272,7.937432289,0.03347396851,0.05407333374,0.1004219055,0.03325939178,0.05428791046,0.09977817535,0.02025349935,0.02972412109
E02699,39.25,21.75,2013-02-11T23:00:00,2013-02-12T01:00:00,2013-02-12T02:00:00,3,6,wet_snow,6,wet_snow,0,3,0.913482666,0.5753479004,1.274810791,7.856022199,7.909532547,0.002717971802,0.006008148193,0.008153915405,0.002431869507,0.00536441803,0.007295608521,0.02230834961,0.0299987793
E02227,39.5,21.75,2013-01-07T18:00:00,2013-01-07T20:00:00,2013-01-07T21:00:00,3,6,wet_snow,6,wet_snow,0,3,2.82119751,1.664703369,3.989654541,7.488796234,7.868885994,0.002002716064,0.005149841309,0.006008148193,0.001966953278,0.005257129669,0.005900859833,0.02530924479,0.06372070312
E00802,40.25,22.75,2015-12-31T06:00:00,2015-12-31T08:00:00,2015-12-31T09:00:00,3,6,wet_snow,6,wet_snow,0,3,2.791493734,2.775054932,2.80557251,7.160840988,7.868303299,0.2274513245,0.2600669861,0.6823539734,0.174164772,0.1974105835,0.5224943161,0.1375020345,0.1743774414
E03326,39.25,22.75,2019-01-07T09:00:00,2019-01-07T11:00:00,2019-01-07T12:00:00,3,6,wet_snow,6,wet_snow,0,3,2.741038005,1.502105713,3.632720947,6.534609795,7.833890915,0.04978179932,0.1184463501,0.1493453979,0.0190615654,0.03465414047,0.0571846962,0.008799235026,0.01516723633
E02598,39.5,22.75,2012-02-29T06:00:00,2012-02-29T08:00:00,2012-02-29T09:00:00,3,6,wet_snow,6,wet_snow,0,3,1.079701742,0.04043579102,2.933380127,6.92596213,7.822607994,0.01444816589,0.02102851868,0.04334449768,0.01430511475,0.02135038376,0.04291534424,0.04402669271,0.05688476562
E01799,39.75,21.75,2020-02-21T04:00:00,2020-02-21T06:00:00,2020-02-21T07:00:00,3,6,wet_snow,6,wet_snow,0,3,2.560048421,2.051422119,3.155181885,7.233031591,7.80621624,0.01873970032,0.0364780426,0.05621910095,0.0138759613,0.0247836113,0.04162788391,0.03473917643,0.05908203125
E00055,40.25,21.75,2013-01-26T08:00:00,2013-01-26T10:00:00,2013-01-26T11:00:00,3,6,wet_snow,6,wet_snow,0,3,2.334421794,1.885528564,3.229400635,7.61298275,7.801996231,0.005722045898,0.008583068848,0.0171661377,0.00364780426,0.006276369095,0.01094341278,0.1117553711,0.1388549805
E00426,40.25,22,2016-01-25T09:00:00,2016-01-25T11:00:00,2016-01-25T12:00:00,3,6,wet_snow,6,wet_snow,0,3,2.928375244,0.9604797363,4.120025635,6.828682582,7.794560432,0.003147125244,0.006866455078,0.009441375732,0.003325939178,0.007081031799,0.009977817535,0.007527669271,0.01147460938
E01051,40,21.75,2020-02-22T04:00:00,2020-02-22T06:00:00,2020-02-22T07:00:00,3,6,wet_snow,6,wet_snow,0,3,2.651967367,2.405792236,2.866485596,7.654677391,7.79046154,0.0563621521,0.1330375671,0.1690864563,0.02760887146,0.06437301636,0.08282661438,0.0001220703125,0.0001831054688
E01025,40,21.75,2019-01-26T16:00:00,2019-01-26T18:00:00,2019-01-26T19:00:00,3,6,wet_snow,6,wet_snow,0,3,2.678253174,1.992095947,3.687408447,7.50749143,7.788123131,0.007724761963,0.0171661377,0.02317428589,0.004684925079,0.007939338684,0.01405477524,0.007873535156,0.008361816406
E02747,39.25,21.75,2016-01-02T23:00:00,2016-01-03T01:00:00,2016-01-03T02:00:00,3,3,freezing_rain,3,freezing_rain,3,0,-0.1629333496,-0.6258239746,0.2176818848,7.457489014,7.723675728,0.008296966553,0.01630783081,0.02489089966,0,0,0,0.04382324219,0.06457519531
E02709,39.25,21.75,2013-12-17T07:00:00,2013-12-17T09:00:00,2013-12-17T10:00:00,3,6,wet_snow,6,wet_snow,0,3,2.557200114,0.8775939941,3.548736572,6.841252963,7.69919014,0.04305839539,0.05278587341,0.1291751862,0.04127025604,0.04870891571,0.1238107681,0.1558024089,0.1625061035
E01449,40,22.25,2018-01-14T12:00:00,2018-01-14T14:00:00,2018-01-14T15:00:00,3,6,wet_snow,6,wet_snow,0,3,2.497914632,2.395294189,2.581329346,7.5518109,7.635655403,0.125169754,0.1630783081,0.3755092621,0.1166939735,0.152349472,0.3500819206,0.1752421061,0.1854858398
E00196,40.25,21.75,2017-12-19T10:00:00,2017-12-19T12:00:00,2017-12-19T13:00:00,3,6,wet_snow,6,wet_snow,0,3,2.885162354,2.329864502,3.259307861,7.25994873,7.604024887,0.0007152557373,0.001287460327,0.002145767212,0.0005543231964,0.001233816147,0.001662969589,0.002360026042,0.003479003906
E02134,39.75,22.5,2019-01-03T16:00:00,2019-01-03T18:00:00,2019-01-03T19:00:00,3,6,wet_snow,6,wet_snow,0,3,2.152455648,1.988189697,2.471466064,6.626608531,7.598406792,0.5212783813,0.6248474121,1.563835144,0.4546165466,0.5165934563,1.36384964,0.01518758138,0.03176879883
E03120,39.25,22.25,2020-02-06T06:00:00,2020-02-06T08:00:00,2020-02-06T09:00:00,3,6,wet_snow,6,wet_snow,0,3,3.631052653,3.022857666,4.723907471,6.927957853,7.566982269,0.3360271454,0.4510402679,1.008081436,0.2333164215,0.3227233887,0.6999492645,0.0730082194,0.1415405273
E03265,39.25,22.75,2013-01-08T09:00:00,2013-01-08T11:00:00,2013-01-08T12:00:00,3,6,wet_snow,6,wet_snow,0,3,3.322540283,2.763092041,3.733306885,7.205997149,7.560230255,0.0114440918,0.03089904785,0.03433227539,0.004470348358,0.01019239426,0.01341104507,0.001454671224,0.002380371094
E00613,40.25,22.25,2014-02-03T07:00:00,2014-02-03T09:00:00,2014-02-03T10:00:00,3,6,wet_snow,6,wet_snow,0,3,2.725006104,0.5926818848,4.012115479,6.63829422,7.527339935,0.002717971802,0.003433227539,0.008153915405,0.00296831131,0.003433227539,0.008904933929,0.08434041341,0.08871459961
E00351,40.25,22,2013-02-08T02:00:00,2013-02-08T04:00:00,2013-02-08T05:00:00,3,6,wet_snow,6,wet_snow,0,3,1.787384033,1.250030518,2.381256104,6.72813797,7.505727768,0.8561611176,1.055288315,2.568483353,0.6121695042,0.8593797684,1.836508512,0.102722168,0.1600036621
E01225,40,22,2018-01-14T08:00:00,2018-01-14T10:00:00,2018-01-14T11:00:00,3,6,wet_snow,6,wet_snow,0,3,2.557932536,2.101470947,3.234405518,7.213850975,7.494421005,0.169801712,0.1871109009,0.5094051361,0.1441955566,0.1590013504,0.4325866699,0.1119893392,0.1207275391
E00768,40.25,22.5,2017-01-11T01:00:00,2017-01-11T03:00:00,2017-01-11T04:00:00,3,6,wet_snow,6,wet_snow,0,3,-3.883880615,-4.251312256,-3.493743896,7.008933067,7.376211166,0.04019737244,0.09441375732,0.1205921173,0.04019737244,0.09430646896,0.1205921173,0.01452636719,0.0260925293
E00521,40.25,22,2019-01-26T11:00:00,2019-01-26T13:00:00,2019-01-26T14:00:00,3,6,wet_snow,6,wet_snow,0,3,1.879343669,1.752838135,2.118927002,7.263847987,7.371465683,0.1507759094,0.208568573,0.4523277283,0.1260280609,0.1870036125,0.3780841827,0.00791422526,0.0205078125
E00925,40,21.75,2015-02-17T13:00:00,2015-02-17T15:00:00,2015-02-17T16:00:00,3,6,wet_snow,6,wet_snow,0,3,1.881500244,1.404449463,2.428375244,7.318643888,7.355508804,0.1353263855,0.1437664032,0.4059791565,0.1336812973,0.1435518265,0.4010438919,0.07852172852,0.1039123535
E01443,40,22.25,2017-12-18T12:00:00,2017-12-18T14:00:00,2017-12-18T15:00:00,3,6,wet_snow,6,wet_snow,0,3,2.921864827,2.201446533,3.406890869,6.73647054,7.314720154,0.9185314178,1.142835617,2.755594254,0.7013082504,0.7817029953,2.103924751,0.08038330078,0.09729003906
E03143,39.25,22.5,2012-02-09T13:00:00,2012-02-09T15:00:00,2012-02-09T16:00:00,3,6,wet_snow,6,wet_snow,0,3,2.48151652,2.091949463,2.945709229,7.088285446,7.300517082,0.1882553101,0.2343177795,0.5647659302,0.1506149769,0.1773476601,0.4518449306,0.04875691732,0.07446289062
E00811,40.25,22.75,2017-01-11T01:00:00,2017-01-11T03:00:00,2017-01-11T04:00:00,3,6,wet_snow,6,wet_snow,0,3,0.8719787598,0.7894592285,0.9186096191,7.08412838,7.258047104,0.01888275146,0.04377365112,0.05664825439,0.01748800278,0.04023313522,0.05246400833,0.005015055339,0.005706787109
E00512,40.25,22,2018-12-25T02:00:00,2018-12-25T04:00:00,2018-12-25T05:00:00,3,6,wet_snow,6,wet_snow,0,3,2.174550374,2.04019165,2.299468994,7.061518351,7.249480247,0.7010936737,0.8578777313,2.103281021,0.5862236023,0.7699012756,1.758670807,0.09997049967,0.1501464844
E03332,39.25,22.75,2019-02-24T19:00:00,2019-02-24T21:00:00,2019-02-24T22:00:00,3,6,wet_snow,6,wet_snow,0,3,3.64557902,3.58706665,3.699371338,7.057999293,7.245806694,0.3204345703,0.3416061401,0.9613037109,0.2827048302,0.2932190895,0.8481144905,0.2580566406,0.2654724121
E00324,40.25,22,2012-12-08T08:00:00,2012-12-08T10:00:00,2012-12-08T11:00:00,3,6,wet_snow,6,wet_snow,0,3,1.58706665,0.6173400879,2.95010376,7.078047434,7.22458744,0.02431869507,0.04892349243,0.07295608521,0.01802444458,0.03626346588,0.05407333374,0.1165568034,0.1380615234
E02687,39.25,21.75,2012-12-19T21:00:00,2012-12-19T23:00:00,2012-12-20T00:00:00,3,6,wet_snow,6,wet_snow,0,3,1.015126546,0.7530822754,1.388336182,6.818634033,7.164030075,0.009155273438,0.01931190491,0.02746582031,0.005614757538,0.008368492126,0.01684427261,0.04903157552,0.04956054688
E01813,39.75,22,2012-01-31T11:00:00,2012-01-31T13:00:00,2012-01-31T14:00:00,3,6,wet_snow,6,wet_snow,0,3,1.484893799,1.332183838,1.564605713,6.849332809,7.15255928,0.006437301636,0.01373291016,0.01931190491,0.006580352783,0.01373291016,0.01974105835,0.07727050781,0.08438110352
E03329,39.25,22.75,2019-01-07T23:00:00,2019-01-08T01:00:00,2019-01-08T02:00:00,3,6,wet_snow,6,wet_snow,0,3,-1.343190511,-1.9715271,-0.6639099121,7.01488018,7.072731018,0.08869171143,0.1802444458,0.2660751343,0.08043050766,0.1579284668,0.241291523,0.03516642253,0.05355834961
E01840,39.75,22,2014-12-31T12:00:00,2014-12-31T14:00:00,2014-12-31T15:00:00,3,6,wet_snow,6,wet_snow,0,3,1.132802327,0.8460998535,1.337310791,7.00333945,7.060526848,0.05550384521,0.07810592651,0.1665115356,0.05548596382,0.07810592651,0.1664578915,0.05993652344,0.07446289062
E02711,39.25,21.75,2013-12-18T08:00:00,2013-12-18T10:00:00,2013-12-18T11:00:00,3,6,wet_snow,6,wet_snow,0,3,3.795481364,2.640899658,5.530914307,6.824028333,7.048969269,0.03461837769,0.04377365112,0.1038551331,0.02356767654,0.02639293671,0.07070302963,0.03685506185,0.05090332031
E01258,40,22,2019-01-12T11:00:00,2019-01-12T13:00:00,2019-01-12T14:00:00,3,6,wet_snow,6,wet_snow,0,3,2.400339762,2.203277588,2.592437744,6.802544912,7.047230721,0.002002716064,0.005149841309,0.006008148193,0.001019239426,0.002843141556,0.003057718277,0.003346761068,0.004577636719
E02408,39.5,22.25,2012-02-01T07:00:00,2012-02-01T09:00:00,2012-02-01T10:00:00,3,6,wet_snow,6,wet_snow,0,3,0.0989074707,-1.232513428,0.9632873535,4.707081477,7.007561684,0.0138759613,0.0253200531,0.04162788391,0.01244544983,0.02145767212,0.03733634949,0.01259358724,0.01422119141
E00844,40,21.75,2012-02-11T14:00:00,2012-02-11T16:00:00,2012-02-11T17:00:00,3,6,wet_snow,6,wet_snow,0,3,1.079905192,0.9787902832,1.145294189,6.128876686,6.97383213,0.4314422607,0.487947464,1.294326782,0.3273367882,0.4026532173,0.9820103645,0.01568603516,0.02221679688
E01018,40,21.75,2019-01-12T12:00:00,2019-01-12T14:00:00,2019-01-12T15:00:00,3,6,wet_snow,6,wet_snow,0,3,2.144521077,1.863555908,2.344390869,6.524480184,6.956112862,0.0005722045898,0.00171661377,0.00171661377,0.0006437301636,0.001394748688,0.001931190491,0.01384480794,0.02340698242
E00637,40.25,22.25,2016-01-17T08:00:00,2016-01-17T10:00:00,2016-01-17T11:00:00,3,6,wet_snow,6,wet_snow,0,3,2.465281169,2.010650635,3.053741455,6.770247142,6.914459229,0.005435943604,0.01373291016,0.01630783081,0.004434585571,0.01094341278,0.01330375671,0.001352945964,0.002014160156
E01343,40,22.25,2013-01-25T01:00:00,2013-01-25T03:00:00,2013-01-25T04:00:00,3,3,freezing_rain,3,freezing_rain,3,0,0.6881408691,0.6363830566,0.7814025879,6.607051214,6.870779037,0.003290176392,0.003862380981,0.009870529175,0,0,0,0.0003865559896,0.0005493164062
E01444,40,22.25,2017-12-19T11:00:00,2017-12-19T13:00:00,2017-12-19T14:00:00,3,6,wet_snow,6,wet_snow,0,3,3.158721924,3.081939697,3.231964111,6.610637029,6.848983765,0.0002861022949,0.0008583068848,0.0008583068848,0.0003039836884,0.0007510185242,0.0009119510651,0.001658121745,0.003143310547
E01802,39.75,22,2012-01-07T20:00:00,2012-01-07T22:00:00,2012-01-07T23:00:00,3,6,wet_snow,6,wet_snow,0,3,1.5519104,0.9689025879,2.025054932,6.73557059,6.843899727,0.0005722045898,0.0008583068848,0.00171661377,0.0005006790161,0.0008583068848,0.001502037048,0.04610188802,0.05938720703
E03061,39.25,22.25,2016-01-23T13:00:00,2016-01-23T15:00:00,2016-01-23T16:00:00,3,6,wet_snow,6,wet_snow,0,3,2.995147705,2.894317627,3.068634033,6.037849108,6.832463264,0.1049995422,0.1553535461,0.3149986267,0.09716749191,0.132393837,0.2915024757,0.07895914714,0.08679199219
E00077,40.25,21.75,2013-12-16T07:00:00,2013-12-16T09:00:00,2013-12-16T10:00:00,3,6,wet_snow,6,wet_snow,0,3,2.486643473,0.3367004395,3.819610596,6.220633507,6.829776764,0,0,0,0,0,0,0.01834106445,0.0188293457
E00025,40.25,21.75,2012-02-16T09:00:00,2012-02-16T11:00:00,2012-02-16T12:00:00,3,6,wet_snow,6,wet_snow,0,3,1.100128174,0.04556274414,1.831817627,5.644897779,6.80815506,0.2154350281,0.2617835999,0.6463050842,0.2141833305,0.2614617348,0.6425499916,0.01900227865,0.02963256836
E00614,40.25,22.25,2014-02-03T21:00:00,2014-02-03T23:00:00,2014-02-04T00:00:00,3,6,wet_snow,6,wet_snow,0,3,1.531565348,1.214752197,1.80947876,6.63353761,6.791448593,0.1062870026,0.1132965088,0.3188610077,0.1052677631,0.1128673553,0.3158032894,0.07990519206,0.08480834961
E03256,39.25,22.75,2012-02-09T07:00:00,2012-02-09T09:00:00,2012-02-09T10:00:00,3,6,wet_snow,6,wet_snow,0,3,1.382191976,1.010650635,1.599517822,6.483148575,6.745419502,0.3119945526,0.342464447,0.9359836578,0.2764463425,0.2908587456,0.8293390274,0.05866495768,0.07583618164
E00712,40.25,22.25,2019-01-10T05:00:00,2019-01-10T07:00:00,2019-01-10T08:00:00,3,3,freezing_rain,3,freezing_rain,3,0,-2.029144287,-2.354827881,-1.832611084,6.188030561,6.696764946,0.01788139343,0.02660751343,0.0536441803,0.001108646393,0.002467632294,0.003325939178,0.04736328125,0.05737304688
E01341,40,22.25,2013-01-12T03:00:00,2013-01-12T05:00:00,2013-01-12T06:00:00,3,3,freezing_rain,3,freezing_rain,3,0,0.9884338379,0.6363830566,1.185211182,6.156957308,6.693435669,0.236749649,0.3304481506,0.7102489471,0,0,0,0.002360026042,0.004821777344
E00253,40.25,21.75,2019-02-15T20:00:00,2019-02-15T22:00:00,2019-02-15T23:00:00,3,6,wet_snow,6,wet_snow,0,3,2.804026286,2.523956299,2.995880127,6.265101751,6.680297852,0.02746582031,0.03433227539,0.08239746094,0.02753734589,0.03443956375,0.08261203766,0.00922648112,0.01184082031
E01413,40,22.25,2016-12-17T11:00:00,2016-12-17T13:00:00,2016-12-17T14:00:00,3,6,wet_snow,6,wet_snow,0,3,3.065216064,2.983673096,3.220733643,6.189769109,6.661994934,0.03519058228,0.06308555603,0.1055717468,0.01162290573,0.03154277802,0.03486871719,0.03081258138,0.05197143555
E00590,40.25,22.25,2012-12-09T19:00:00,2012-12-09T21:00:00,2012-12-09T22:00:00,3,6,wet_snow,6,wet_snow,0,3,0.2925516764,-0.2227478027,0.7372131348,6.497637749,6.653331757,0.06895065308,0.09784698486,0.2068519592,0.06904006004,0.09795427322,0.2071201801,0.02826944987,0.03134155273
E00835,40,21.75,2012-01-27T12:00:00,2012-01-27T14:00:00,2012-01-27T15:00:00,3,6,wet_snow,6,wet_snow,0,3,4.91108195,4.84085083,4.993438721,5.972394307,6.637885094,0.0007152557373,0.0008583068848,0.002145767212,0.0008761882782,0.001233816147,0.002628564835,0.00927734375,0.01190185547
E01219,40,22,2017-12-22T11:00:00,2017-12-22T13:00:00,2017-12-22T14:00:00,3,6,wet_snow,6,wet_snow,0,3,0.9311421712,0.8081359863,1.017242432,6.526629448,6.629345894,0.04606246948,0.07209777832,0.1381874084,0.04529356956,0.07118582726,0.1358807087,0.08233642578,0.08892822266
E00128,40.25,21.75,2015-02-17T13:00:00,2015-02-17T15:00:00,2015-02-17T16:00:00,3,6,wet_snow,6,wet_snow,0,3,1.964182536,1.558746338,2.451812744,6.441365242,6.626317024,0.2892494202,0.3321647644,0.8677482605,0.2689003944,0.2753019333,0.8067011833,0.1077372233,0.1209106445
E02821,39.25,21.75,2018-12-06T09:00:00,2018-12-06T11:00:00,2018-12-06T12:00:00,3,6,wet_snow,6,wet_snow,0,3,5.373524984,4.291412354,6.033477783,6.570192973,6.615914345,0,0,0,0,0,0,0.003763834635,0.004486083984
E01118,40,22,2013-02-15T02:00:00,2013-02-15T04:00:00,2013-02-15T05:00:00,3,6,wet_snow,6,wet_snow,0,3,3.213083903,3.049346924,3.422027588,5.571209908,6.6076231,0.4892349243,0.5334377289,1.467704773,0.2862811089,0.3217577934,0.8588433266,0.03861490885,0.04501342773
E00054,40.25,21.75,2013-01-26T04:00:00,2013-01-26T06:00:00,2013-01-26T07:00:00,3,6,wet_snow,6,wet_snow,0,3,2.033762614,1.866119385,2.188140869,6.227158546,6.546606064,0.01258850098,0.022315979,0.03776550293,0.005578994751,0.008475780487,0.01673698425,0.1655883789,0.2171020508
E01475,40,22.25,2018-12-17T08:00:00,2018-12-17T10:00:00,2018-12-17T11:00:00,3,6,wet_snow,6,wet_snow,0,3,3.495798747,1.658843994,5.160186768,5.774072329,6.50500679,0.02160072327,0.03390312195,0.0648021698,0.0217795372,0.03422498703,0.0653386116,0.02124023438,0.03240966797
E02332,39.5,22,2012-02-01T07:00:00,2012-02-01T09:00:00,2012-02-01T10:00:00,3,6,wet_snow,6,wet_snow,0,3,-0.804087321,-1.910247803,-0.1441345215,4.588266373,6.485100746,0.02689361572,0.03089904785,0.08068084717,0.02671480179,0.03079175949,0.08014440536,0.04055786133,0.04940795898
E03320,39.25,22.75,2019-01-03T23:00:00,2019-01-04T01:00:00,2019-01-04T02:00:00,3,6,wet_snow,6,wet_snow,0,3,1.666900635,1.453765869,1.855133057,6.287688255,6.462815285,0.2088546753,0.2291679382,0.6265640259,0.1752376556,0.1861453056,0.5257129669,0.01260375977,0.02737426758
E02541,39.5,22.5,2017-01-06T15:00:00,2017-01-06T17:00:00,2017-01-06T18:00:00,3,6,wet_snow,6,wet_snow,0,3,3.395090739,2.377349854,4.288970947,5.26987648,6.425849915,0.002145767212,0.003433227539,0.006437301636,0.002038478851,0.003325939178,0.006115436554,0.02597045898,0.03030395508
E00370,40.25,22,2013-12-12T16:00:00,2013-12-12T18:00:00,2013-12-12T19:00:00,3,6,wet_snow,6,wet_snow,0,3,4.342112223,2.978668213,6.202789307,5.996821721,6.416396141,0,0,0,0,0,0,0.00233968099,0.003173828125
E00719,40.25,22.25,2019-01-26T18:00:00,2019-01-26T20:00:00,2019-01-26T21:00:00,3,6,wet_snow,6,wet_snow,0,3,1.87596639,1.459869385,2.117095947,6.271810214,6.400179863,0.02045631409,0.05750656128,0.06136894226,0.01752376556,0.04849433899,0.05257129669,0.00927734375,0.01599121094
E00593,40.25,22.25,2012-12-20T07:00:00,2012-12-20T09:00:00,2012-12-20T10:00:00,3,6,wet_snow,6,wet_snow,0,3,1.878611247,-0.2593688965,3.250274658,6.258920352,6.399423599,0.001573562622,0.002145767212,0.004720687866,0.001895427704,0.002682209015,0.005686283112,0.04082234701,0.04348754883
E00450,40.25,22,2017-01-14T19:00:00,2017-01-14T21:00:00,2017-01-14T22:00:00,3,3,freezing_rain,3,freezing_rain,3,0,0.1090393066,-0.2493591309,0.6881408691,5.928627968,6.339608192,0.02088546753,0.03089904785,0.06265640259,0,0,0,0.001261393229,0.003448486328
E02773,39.25,21.75,2017-01-19T00:00:00,2017-01-19T02:00:00,2017-01-19T03:00:00,3,6,wet_snow,6,wet_snow,0,3,1.315297445,1.014434814,1.533966064,6.08052667,6.334565163,0.6527423859,0.8471488953,1.958227158,0.4381299019,0.5237817764,1.314389706,0.1752115885,0.1885681152
E02936,39.25,22,2016-01-23T13:00:00,2016-01-23T15:00:00,2016-01-23T16:00:00,3,6,wet_snow,6,wet_snow,0,3,1.948272705,1.855255127,1.99710083,5.658291817,6.297307014,0.08382797241,0.1235961914,0.2514839172,0.07964372635,0.1097559929,0.238931179,0.08679199219,0.09948730469
E00049,40.25,21.75,2013-01-10T21:00:00,2013-01-10T23:00:00,2013-01-11T00:00:00,3,6,wet_snow,6,wet_snow,0,3,2.490753174,2.240875244,2.80178833,5.952527364,6.296479225,0.05464553833,0.09784698486,0.163936615,0.0149846077,0.02360343933,0.04495382309,0.02763875326,0.05499267578
E01298,40,22.25,2012-01-12T10:00:00,2012-01-12T12:00:00,2012-01-12T13:00:00,3,6,wet_snow,6,wet_snow,0,3,4.126536051,4.024688721,4.190582275,6.076834997,6.285420418,0,0,0,0,0,0,0.007690429688,0.01092529297
E02873,39.25,22,2012-01-07T22:00:00,2012-01-08T00:00:00,2012-01-08T01:00:00,3,6,wet_snow,6,wet_snow,0,3,2.085845947,1.583648682,2.402740479,5.660251617,6.249392509,0,0,0,0,0,0,0.01677449544,0.02026367188
E00728,40.25,22.25,2019-02-25T19:00:00,2019-02-25T21:00:00,2019-02-25T22:00:00,3,6,wet_snow,6,wet_snow,0,3,1.012034098,0.7106018066,1.202545166,5.900849978,6.238818169,0.02288818359,0.05321502686,0.06866455078,0.02292394638,0.05321502686,0.06877183914,0.1619669596,0.229888916
E02310,39.5,21.75,2019-02-15T01:00:00,2019-02-15T03:00:00,2019-02-15T04:00:00,3,6,wet_snow,6,wet_snow,0,3,2.335194906,2.142974854,2.673980713,6.052905401,6.185926437,0,0,0,0.0001072883606,0.0001072883606,0.0003218650818,0.01807657878,0.021484375
E02810,39.25,21.75,2018-01-25T09:00:00,2018-01-25T11:00:00,2018-01-25T12:00:00,3,6,wet_snow,6,wet_snow,0,3,2.722157796,1.130523682,3.735015869,6.007793427,6.176179886,0,0,0,0.0001430511475,0.0002145767212,0.0004291534424,0.009643554688,0.01071166992
E01306,40,22.25,2012-02-03T20:00:00,2012-02-03T22:00:00,2012-02-03T23:00:00,3,3,freezing_rain,3,freezing_rain,3,0,1.308420817,0.6704406738,1.699005127,6.108534495,6.175861359,0.02174377441,0.03218650818,0.06523132324,0.0002145767212,0.000536441803,0.0006437301636,0.1453755697,0.1608276367
E00576,40.25,22.25,2012-02-03T12:00:00,2012-02-03T14:00:00,2012-02-03T15:00:00,3,6,wet_snow,6,wet_snow,0,3,0.04979451497,-0.05551147461,0.2120666504,5.716212908,6.152685165,0.05736351013,0.07939338684,0.1720905304,0.05625486374,0.07810592651,0.1687645912,0.08992513021,0.09503173828
E01162,40,22,2015-02-17T08:00:00,2015-02-17T10:00:00,2015-02-17T11:00:00,3,6,wet_snow,6,wet_snow,0,3,1.644846598,1.163848877,2.098052979,5.807767868,6.132172585,0.124168396,0.1579284668,0.372505188,0.08379220963,0.1068592072,0.2513766289,0.08282470703,0.09417724609
E00762,40.25,22.5,2016-01-20T07:00:00,2016-01-20T09:00:00,2016-01-20T10:00:00,3,6,wet_snow,6,wet_snow,0,3,0.2571105957,-0.2563171387,0.5143127441,6.040459633,6.131410599,0.05292892456,0.05922317505,0.1587867737,0.05307197571,0.05965232849,0.1592159271,0.0463663737,0.06661987305
E02693,39.25,21.75,2012-12-23T09:00:00,2012-12-23T11:00:00,2012-12-23T12:00:00,3,6,wet_snow,6,wet_snow,0,3,2.223378499,1.424713135,2.625762939,5.886120478,6.122252464,0.02946853638,0.04420280457,0.08840560913,0.02714395523,0.04141330719,0.08143186569,0.1112060547,0.1533203125
E00092,40.25,21.75,2014-01-28T08:00:00,2014-01-28T10:00:00,2014-01-28T11:00:00,3,6,wet_snow,6,wet_snow,0,3,0.7944234212,0.2823791504,1.229156494,5.383284569,6.076725006,0.08854866028,0.141620636,0.2656459808,0.07810592651,0.1158714294,0.2343177795,0.06385294596,0.08853149414
E01770,39.75,21.75,2018-02-26T19:00:00,2018-02-26T21:00:00,2018-02-26T22:00:00,3,6,wet_snow,6,wet_snow,0,3,1.610870361,1.263580322,1.850006104,5.256180127,6.074360847,0.4486083984,0.4896640778,1.345825195,0.4270076752,0.4723906517,1.281023026,0.1166280111,0.1341247559
E00625,40.25,22.25,2015-02-04T04:00:00,2015-02-04T06:00:00,2015-02-04T07:00:00,3,6,wet_snow,6,wet_snow,0,3,1.249257406,0.4615783691,1.785308838,5.815997442,6.073055267,0.01015663147,0.01373291016,0.03046989441,0.005650520325,0.007724761963,0.01695156097,0.0004272460938,0.0005798339844
E02139,39.75,22.5,2019-01-12T04:00:00,2019-01-12T06:00:00,2019-01-12T07:00:00,3,6,wet_snow,6,wet_snow,0,3,3.673899333,3.620269775,3.719146729,5.855561574,6.0585289,0.302696228,0.3274440765,0.9080886841,0.2751588821,0.3025531769,0.8254766464,0.03435262044,0.04348754883
E00759,40.25,22.5,2015-12-31T06:00:00,2015-12-31T08:00:00,2015-12-31T09:00:00,3,6,wet_snow,6,wet_snow,0,3,-0.1036885579,-0.3186950684,0.02236938477,5.035189946,6.053850174,0.3215789795,0.3536224365,0.9647369385,0.2923250198,0.3412842751,0.8769750595,0.1255391439,0.1564025879
E03142,39.25,22.5,2012-02-09T08:00:00,2012-02-09T10:00:00,2012-02-09T11:00:00,3,6,wet_snow,6,wet_snow,0,3,1.454945882,0.7987365723,2.504302979,5.386318207,6.043865204,0.2527713776,0.3343105316,0.7583141327,0.2466917038,0.3163933754,0.7400751114,0.1113586426,0.1264038086
E00418,40.25,22,2015-12-17T00:00:00,2015-12-17T02:00:00,2015-12-17T03:00:00,3,6,wet_snow,6,wet_snow,0,3,2.788075765,2.50894165,2.985992432,5.896855036,6.028778076,0.1861095428,0.2004146576,0.5583286285,0.1598238945,0.178527832,0.4794716835,0.1227722168,0.141998291
E02776,39.25,21.75,2017-01-20T08:00:00,2017-01-20T10:00:00,2017-01-20T11:00:00,3,6,wet_snow,6,wet_snow,0,3,2.70026652,2.201568604,3.563995361,5.847389539,6.00911808,0.1819610596,0.2111434937,0.5458831787,0.139850378,0.1624345779,0.4195511341,0.1904602051,0.2353210449
E00632,40.25,22.25,2015-12-30T16:00:00,2015-12-30T18:00:00,2015-12-30T19:00:00,3,6,wet_snow,6,wet_snow,0,3,1.755808512,1.307403564,2.526031494,5.900033951,5.995051384,0.4797935486,0.5072593689,1.439380646,0.4538297653,0.4913806915,1.361489296,0.2488606771,0.2682800293
E01183,40,22,2016-12-17T10:00:00,2016-12-17T12:00:00,2016-12-17T13:00:00,3,6,wet_snow,6,wet_snow,0,3,3.578684489,3.391265869,3.746124268,5.362977982,5.994815826,0.04434585571,0.07510185242,0.1330375671,0.002717971802,0.005686283112,0.008153915405,0.0221862793,0.02737426758
E02755,39.25,21.75,2016-12-21T01:00:00,2016-12-21T03:00:00,2016-12-21T04:00:00,3,6,wet_snow,6,wet_snow,0,3,-1.089447021,-1.238861084,-1.00692749,5.362700462,5.888609886,0.007438659668,0.02017021179,0.022315979,0.005292892456,0.01384019852,0.01587867737,0.06604003906,0.1446838379
E00617,40.25,22.25,2014-02-04T07:00:00,2014-02-04T09:00:00,2014-02-04T10:00:00,3,6,wet_snow,6,wet_snow,0,3,2.068186442,1.236358643,2.597076416,5.69887352,5.888450623,0.1132965088,0.1326084137,0.3398895264,0.11267066,0.130623579,0.3380119801,0.1018575033,0.1092834473
E00166,40.25,21.75,2017-01-13T10:00:00,2017-01-13T12:00:00,2017-01-13T13:00:00,3,6,wet_snow,6,wet_snow,0,3,1.511627197,0.8670959473,1.881988525,5.6134456,5.878058434,0,0,0,0,0,0,0.05158487956,0.05853271484
E00302,40.25,22,2012-01-27T12:00:00,2012-01-27T14:00:00,2012-01-27T15:00:00,3,6,wet_snow,6,wet_snow,0,3,2.864857992,2.49710083,3.075469971,5.695376078,5.849799156,0.001573562622,0.00171661377,0.004720687866,0.001448392868,0.002038478851,0.004345178604,0.01056925456,0.01345825195
E02005,39.75,22.25,2016-12-30T10:00:00,2016-12-30T12:00:00,2016-12-30T13:00:00,3,6,wet_snow,6,wet_snow,0,3,4.062367757,3.794219971,4.265655518,5.730087916,5.840949059,0.001001358032,0.001287460327,0.003004074097,0.0009655952454,0.001287460327,0.002896785736,0.004862467448,0.006378173828
E01069,40,22,2012-02-06T02:00:00,2012-02-06T04:00:00,2012-02-06T05:00:00,3,3,freezing_rain,3,freezing_rain,3,0,0.6211242676,0.284576416,1.001373291,4.993982951,5.828246117,0.05178451538,0.1266002655,0.1553535461,0,0,0,0.01974487305,0.02365112305
E00358,40.25,22,2013-02-19T07:00:00,2013-02-19T09:00:00,2013-02-19T10:00:00,3,6,wet_snow,6,wet_snow,0,3,0.972849528,0.9531555176,1.00479126,5.596220334,5.793397903,0.7643222809,0.8218288422,2.292966843,0.7250547409,0.7759094238,2.175164223,0.02744547526,0.02969360352
E01089,40,22,2012-12-18T16:00:00,2012-12-18T18:00:00,2012-12-18T19:00:00,3,6,wet_snow,6,wet_snow,0,3,2.966583252,2.749664307,3.354034424,5.506354332,5.703233719,0.2330303192,0.3806591034,0.6990909576,0.2021670341,0.3456830978,0.6065011024,0.08041381836,0.1103210449
E03233,39.25,22.5,2019-12-29T07:00:00,2019-12-29T09:00:00,2019-12-29T10:00:00,3,6,wet_snow,6,wet_snow,0,3,3.127268473,1.565216064,4.2315979,5.366500854,5.703058243,0.0008583068848,0.00171661377,0.002574920654,0.0006437301636,0.001502037048,0.001931190491,0.02064005534,0.03036499023
E01707,39.75,21.75,2015-02-18T11:00:00,2015-02-18T13:00:00,2015-02-18T14:00:00,3,6,wet_snow,6,wet_snow,0,3,3.529612223,2.923858643,4.190460205,5.208619436,5.665689468,0.01087188721,0.02703666687,0.03261566162,0.01099705696,0.02719759941,0.03299117088,0.04845174154,0.1064147949
E01260,40,22,2019-01-25T19:00:00,2019-01-25T21:00:00,2019-01-25T22:00:00,3,6,wet_snow,6,wet_snow,0,3,2.483306885,2.169830322,3.045318604,5.339045842,5.664703369,1.559829712,1.752662659,4.679489136,1.22911334,1.367819309,3.687340021,0.1129964193,0.2448120117
E00240,40.25,21.75,2019-01-10T01:00:00,2019-01-10T03:00:00,2019-01-10T04:00:00,3,3,freezing_rain,3,freezing_rain,3,0,-1.24512736,-1.480804443,-0.9991149902,5.491858482,5.631892204,0.01001358032,0.02145767212,0.03004074097,0.0001072883606,0.0002145767212,0.0003218650818,0.03987630208,0.06518554688
E01424,40,22.25,2017-01-17T13:00:00,2017-01-17T15:00:00,2017-01-17T16:00:00,3,6,wet_snow,6,wet_snow,0,3,1.246449788,1.060455322,1.516387939,5.211392721,5.610916138,0.3500461578,0.4600524902,1.050138474,0.2758562565,0.3118872643,0.8275687695,0.05281575521,0.05844116211
E01877,39.75,22,2016-12-30T10:00:00,2016-12-30T12:00:00,2016-12-30T13:00:00,3,6,wet_snow,6,wet_snow,0,3,3.772654215,3.423126221,4.035186768,5.399358749,5.605267525,0.0005722045898,0.0008583068848,0.00171661377,0.0005722045898,0.0007510185242,0.00171661377,0.004638671875,0.006500244141
E02581,39.5,22.75,2012-01-27T04:00:00,2012-01-27T06:00:00,2012-01-27T07:00:00,3,6,wet_snow,6,wet_snow,0,3,2.608144124,2.251739502,2.886505127,5.386828423,5.600801468,0,0,0,0.0001072883606,0.0001609325409,0.0003218650818,0.009195963542,0.01058959961
E00203,40.25,21.75,2018-01-14T05:00:00,2018-01-14T07:00:00,2018-01-14T08:00:00,3,6,wet_snow,6,wet_snow,0,3,1.917266846,1.658355713,2.073516846,4.785951932,5.566617012,0.06465911865,0.1163005829,0.193977356,0.04670619965,0.08175373077,0.1401185989,0.1194661458,0.1656799316
E01943,39.75,22.25,2012-02-03T03:00:00,2012-02-03T05:00:00,2012-02-03T06:00:00,3,6,wet_snow,6,wet_snow,0,3,1.808258057,1.640045166,1.978912354,5.493994713,5.559103966,0.5440235138,0.617980957,1.632070541,0.3209352493,0.3782987595,0.962805748,0.1803283691,0.1924438477
E00191,40.25,21.75,2017-02-14T07:00:00,2017-02-14T09:00:00,2017-02-14T10:00:00,3,6,wet_snow,6,wet_snow,0,3,1.493601481,-1.205535889,3.084991455,5.0099624,5.549139977,0.03361701965,0.05235671997,0.100851059,0.02911090851,0.0430226326,0.08733272552,0.03115844727,0.04168701172
E03315,39.25,22.75,2017-01-11T22:00:00,2017-01-12T00:00:00,2017-01-12T01:00:00,3,3,freezing_rain,3,freezing_rain,3,0,-0.01848347982,-0.2149353027,0.1139221191,4.678606987,5.539803505,0.2045631409,0.4162788391,0.6136894226,0.03231167793,0.08921027184,0.0969350338,0.01010131836,0.01852416992
E00992,40,21.75,2018-01-04T05:00:00,2018-01-04T07:00:00,2018-01-04T08:00:00,3,6,wet_snow,6,wet_snow,0,3,1.930328369,1.604766846,2.310211182,5.385573069,5.501211166,1.392459869,1.554393768,4.177379608,1.085454226,1.267021894,3.256362677,0.1686909993,0.1988220215
E01423,40,22.25,2017-01-17T09:00:00,2017-01-17T11:00:00,2017-01-17T12:00:00,3,6,wet_snow,6,wet_snow,0,3,1.640289307,1.495758057,1.828033447,5.411671956,5.493513107,0.133895874,0.178527832,0.4016876221,0.1143693924,0.1543879509,0.3431081772,0.06689453125,0.07019042969
E02715,39.25,21.75,2014-01-26T20:00:00,2014-01-26T22:00:00,2014-01-26T23:00:00,3,6,wet_snow,6,wet_snow,0,3,1.771636963,1.000640869,2.5753479,5.286141396,5.480977058,0.1859664917,0.2141475677,0.5578994751,0.1526713371,0.1821756363,0.4580140114,0.1421203613,0.1906433105
E02744,39.25,21.75,2015-12-18T04:00:00,2015-12-18T06:00:00,2015-12-18T07:00:00,3,6,wet_snow,6,wet_snow,0,3,-0.1101989746,-0.3318786621,0.2696838379,5.130003929,5.473531723,0.00114440918,0.002145767212,0.003433227539,0.001108646393,0.00171661377,0.003325939178,0.05110677083,0.06292724609
E02998,39.25,22.25,2012-01-07T22:00:00,2012-01-08T00:00:00,2012-01-08T01:00:00,3,6,wet_snow,6,wet_snow,0,3,3.745351156,2.997711182,4.135162354,4.909926097,5.449587822,0,0,0,0,0,0,0.01620483398,0.01754760742
E00694,40.25,22.25,2018-01-24T19:00:00,2018-01-24T21:00:00,2018-01-24T22:00:00,3,6,wet_snow,6,wet_snow,0,3,-0.08920288086,-1.110443115,1.469146729,5.069338163,5.431864738,0.0002861022949,0.0008583068848,0.0008583068848,0.0003218650818,0.0008583068848,0.0009655952454,0.004150390625,0.004699707031
E02963,39.25,22,2018-12-06T01:00:00,2018-12-06T03:00:00,2018-12-06T04:00:00,3,6,wet_snow,6,wet_snow,0,3,1.434967041,0.8934631348,2.316558838,5.051868439,5.417603493,0,0,0,0,0,0,0.03425089518,0.04010009766
E02572,39.5,22.5,2019-12-29T20:00:00,2019-12-29T22:00:00,2019-12-29T23:00:00,3,6,wet_snow,6,wet_snow,0,3,3.90737915,2.985992432,4.507476807,5.234789848,5.405517578,0.008296966553,0.01673698425,0.02489089966,0.008457899094,0.01673698425,0.02537369728,0.01480102539,0.01678466797
E00645,40.25,22.25,2016-12-14T08:00:00,2016-12-14T10:00:00,2016-12-14T11:00:00,3,6,wet_snow,6,wet_snow,0,3,0.9980773926,-0.3796081543,3.180206299,4.960683823,5.392430305,0.001001358032,0.002145767212,0.003004074097,0.001037120819,0.002145767212,0.003111362457,0.01154581706,0.0149230957
E00371,40.25,22,2013-12-17T08:00:00,2013-12-17T10:00:00,2013-12-17T11:00:00,3,6,wet_snow,6,wet_snow,0,3,2.85663859,1.628082275,4.734893799,5.085525195,5.384737015,0,0,0,0.0002503395081,0.0004291534424,0.0007510185242,0.02248128255,0.02963256836
E01342,40,22.25,2013-01-13T20:00:00,2013-01-13T22:00:00,2013-01-13T23:00:00,3,3,freezing_rain,3,freezing_rain,3,0,0.09097290039,-0.007415771484,0.2601623535,5.076637268,5.347659111,0.00171661377,0.002574920654,0.005149841309,0,0,0,0.0360921224,0.04919433594
E01677,39.75,21.75,2012-12-11T03:00:00,2012-12-11T05:00:00,2012-12-11T06:00:00,3,6,wet_snow,6,wet_snow,0,3,0.1301981608,-0.4095153809,0.4667053223,4.962974866,5.335841179,0.3823757172,0.6261348724,1.147127151,0.3600955009,0.5834341049,1.080286503,0.04633585612,0.0764465332
E01934,39.75,22.25,2012-01-14T04:00:00,2012-01-14T06:00:00,2012-01-14T07:00:00,3,3,freezing_rain,3,freezing_rain,3,0,0.3596903483,0.2047424316,0.6378479004,4.811695099,5.331167221,0.0002861022949,0.0008583068848,0.0008583068848,0,0,0,0.01873779297,0.02520751953
E02978,39.25,22,2019-02-15T02:00:00,2019-02-15T04:00:00,2019-02-15T05:00:00,3,6,wet_snow,6,wet_snow,0,3,2.079538981,1.658966064,2.402740479,5.269723256,5.305620193,0.0005722045898,0.0008583068848,0.00171661377,0.0005722045898,0.0006437301636,0.00171661377,0.01551310221,0.02569580078
E01126,40,22,2013-12-17T08:00:00,2013-12-17T10:00:00,2013-12-17T11:00:00,3,6,wet_snow,6,wet_snow,0,3,3.542836507,2.253082275,5.406768799,5.137283007,5.288057327,0,0,0,0.0001788139343,0.0003218650818,0.000536441803,0.0210164388,0.02481079102
E02828,39.25,21.75,2018-12-18T23:00:00,2018-12-19T01:00:00,2018-12-19T02:00:00,3,6,wet_snow,6,wet_snow,0,3,1.12189738,0.9208068848,1.387359619,4.674764633,5.271899223,0.01516342163,0.03390312195,0.04549026489,0.01147985458,0.02403259277,0.03443956375,0.01962280273,0.03277587891
E01911,39.75,22,2019-01-12T07:00:00,2019-01-12T09:00:00,2019-01-12T10:00:00,3,6,wet_snow,6,wet_snow,0,3,2.930246989,1.589996338,3.768218994,4.85586071,5.243600845,0.1470565796,0.1733779907,0.4411697388,0.1469492912,0.1736998558,0.4408478737,0.03234863281,0.04803466797
E00078,40.25,21.75,2013-12-17T08:00:00,2013-12-17T10:00:00,2013-12-17T11:00:00,3,6,wet_snow,6,wet_snow,0,3,3.310414632,1.964019775,5.336456299,4.998936653,5.21872139,0,0,0,0.0002145767212,0.0004291534424,0.0006437301636,0.0241800944,0.02923583984
E02940,39.25,22,2016-12-13T20:00:00,2016-12-13T22:00:00,2016-12-13T23:00:00,3,6,wet_snow,6,wet_snow,0,3,1.049957275,-0.04354858398,2.078033447,5.074172338,5.175080299,0.003433227539,0.008583068848,0.01029968262,0.003665685654,0.008744001389,0.01099705696,0.07245890299,0.1041870117
E01787,39.75,21.75,2019-02-16T04:00:00,2019-02-16T06:00:00,2019-02-16T07:00:00,3,6,wet_snow,6,wet_snow,0,3,2.205963135,1.570587158,2.941070557,5.057049751,5.16882515,0.00114440918,0.00171661377,0.003433227539,0.0004649162292,0.0006437301636,0.001394748688,0.009084065755,0.009460449219
E02657,39.25,21.75,2012-01-14T15:00:00,2012-01-14T17:00:00,2012-01-14T18:00:00,3,6,wet_snow,6,wet_snow,0,3,2.344390869,1.306549072,2.978424072,5.113304456,5.155946732,0.5348682404,0.6085395813,1.604604721,0.3671050072,0.4482507706,1.101315022,0.2094421387,0.234375
E03318,39.25,22.75,2017-01-26T23:00:00,2017-01-27T01:00:00,2017-01-27T02:00:00,3,6,wet_snow,6,wet_snow,0,3,3.199167887,3.128936768,3.318145752,4.734362602,5.133606911,0.2383232117,0.297832489,0.714969635,0.2022385597,0.2393603325,0.6067156792,0.1002400716,0.1158752441
E00471,40.25,22,2017-02-14T08:00:00,2017-02-14T10:00:00,2017-02-14T11:00:00,3,6,wet_snow,6,wet_snow,0,3,2.664174398,1.585723877,4.296417236,5.032610893,5.118475914,0.03533363342,0.07467269897,0.1060009003,0.03461837769,0.0718832016,0.1038551331,0.02024332682,0.02590942383
E02753,39.25,21.75,2016-12-16T00:00:00,2016-12-16T02:00:00,2016-12-16T03:00:00,3,6,wet_snow,6,wet_snow,0,3,1.984364827,1.635406494,2.191070557,5.027435621,5.105074883,0.05536079407,0.06008148193,0.1660823822,0.0457406044,0.05525350571,0.1372218132,0.1501057943,0.1853027344
E01918,39.75,22,2019-12-28T19:00:00,2019-12-28T21:00:00,2019-12-28T22:00:00,3,6,wet_snow,6,wet_snow,0,3,0.9018452962,0.4833068848,1.552886963,4.715892792,5.058373451,0.0002861022949,0.0008583068848,0.0008583068848,0.0005543231964,0.001287460327,0.001662969589,0.000986735026,0.001098632812
E02917,39.25,22,2015-02-17T18:00:00,2015-02-17T20:00:00,2015-02-17T21:00:00,3,6,wet_snow,6,wet_snow,0,3,1.134714762,0.7524719238,1.365386963,4.586016337,5.045763969,0.3147125244,0.3690719604,0.9441375732,0.2862095833,0.3548026085,0.8586287498,0.1093953451,0.1266479492
E02903,39.25,22,2012-12-20T04:00:00,2012-12-20T06:00:00,2012-12-20T07:00:00,3,6,wet_snow,6,wet_snow,0,3,1.209381104,1.144195557,1.3331604,4.829659144,5.032497406,0,0,0,3.576278687e-05,0.0001072883606,0.0001072883606,0.04868570964,0.06219482422
E00091,40.25,21.75,2014-01-27T09:00:00,2014-01-27T11:00:00,2014-01-27T12:00:00,3,6,wet_snow,6,wet_snow,0,3,1.370961507,-0.703704834,2.624908447,4.803179105,5.010061264,0,0,0,0,0,0,0.004892985026,0.006103515625
E01806,39.75,22,2012-01-14T04:00:00,2012-01-14T06:00:00,2012-01-14T07:00:00,3,3,freezing_rain,3,freezing_rain,3,0,0.98143514,0.7345275879,1.22769165,4.601408641,4.995229721,0.002145767212,0.002574920654,0.006437301636,0,0,0,0.02143351237,0.02551269531
E01170,40,22,2015-12-30T12:00:00,2015-12-30T14:00:00,2015-12-30T15:00:00,3,6,wet_snow,6,wet_snow,0,3,2.508005778,1.681427002,3.061431885,4.617253939,4.992226601,0.4599094391,0.5591869354,1.379728317,0.3014445305,0.322508812,0.9043335915,0.3186442057,0.3691711426
E02039,39.75,22.25,2019-01-12T07:00:00,2019-01-12T09:00:00,2019-01-12T10:00:00,3,6,wet_snow,6,wet_snow,0,3,3.587799072,2.310699463,4.313140869,4.549545606,4.966257095,0.1888275146,0.2351760864,0.5664825439,0.1464128494,0.211250782,0.4392385483,0.01893107096,0.02590942383
E00068,40.25,21.75,2013-02-11T22:00:00,2013-02-12T00:00:00,2013-02-12T01:00:00,3,6,wet_snow,6,wet_snow,0,3,0.3277893066,0.2364807129,0.4586486816,4.861458778,4.964541435,0.003576278687,0.009441375732,0.01072883606,0.0035405159,0.009119510651,0.0106215477,0.004842122396,0.01062011719
E01406,40,22.25,2016-01-22T12:00:00,2016-01-22T14:00:00,2016-01-22T15:00:00,3,6,wet_snow,6,wet_snow,0,3,2.866038005,2.056915283,3.313018799,4.833687782,4.964221954,0.007152557373,0.01029968262,0.02145767212,0.005722045898,0.009763240814,0.0171661377,0.05901082357,0.07720947266
E00520,40.25,22,2019-01-25T19:00:00,2019-01-25T21:00:00,2019-01-25T22:00:00,3,6,wet_snow,6,wet_snow,0,3,2.295806885,1.929595947,2.986724854,4.52166303,4.925661087,2.262783051,2.362918854,6.788349152,2.105140686,2.159231901,6.315422058,0.2665506999,0.3764038086
E01815,39.75,22,2012-02-03T03:00:00,2012-02-03T05:00:00,2012-02-03T06:00:00,3,6,wet_snow,6,wet_snow,0,3,1.48924764,1.378326416,1.598052979,4.856624921,4.898947716,0.5591869354,0.6124019623,1.677560806,0.5346179008,0.5969524384,1.603853703,0.1335754395,0.1449890137
E02770,39.25,21.75,2017-01-18T04:00:00,2017-01-18T06:00:00,2017-01-18T07:00:00,3,6,wet_snow,6,wet_snow,0,3,1.954783122,1.848052979,2.036895752,4.262603442,4.892863274,0.5304336548,0.5913734436,1.591300964,0.4173874855,0.4647731781,1.252162457,0.1067199707,0.1324157715
E00175,40.25,21.75,2017-01-22T09:00:00,2017-01-22T11:00:00,2017-01-22T12:00:00,3,6,wet_snow,6,wet_snow,0,3,2.695627848,1.205230713,3.605133057,4.356732686,4.876293182,0.0005722045898,0.0008583068848,0.00171661377,0.0004291534424,0.0009655952454,0.001287460327,0.05802408854,0.08248901367
E00983,40,21.75,2017-02-14T08:00:00,2017-02-14T10:00:00,2017-02-14T11:00:00,3,6,wet_snow,6,wet_snow,0,3,3.876413981,2.859161377,5.542510986,4.805397352,4.856757164,0.06508827209,0.08754730225,0.1952648163,0.02431869507,0.04999637604,0.07295608521,0.04846191406,0.05529785156
E01687,39.75,21.75,2013-12-11T07:00:00,2013-12-11T09:00:00,2013-12-11T10:00:00,3,6,wet_snow,6,wet_snow,0,3,2.242299398,-0.03231811523,3.877227783,4.649030368,4.845937729,0.002861022949,0.003433227539,0.008583068848,0.002038478851,0.0035405159,0.006115436554,0.02951049805,0.04339599609
E02249,39.5,21.75,2015-02-18T11:00:00,2015-02-18T13:00:00,2015-02-18T14:00:00,3,6,wet_snow,6,wet_snow,0,3,2.554351807,2.142608643,3.002960205,4.712200165,4.844179153,0.01244544983,0.02789497375,0.03733634949,0.01240968704,0.02768039703,0.03722906113,0.04076131185,0.07601928711
E02794,39.25,21.75,2017-02-16T05:00:00,2017-02-16T07:00:00,2017-02-16T08:00:00,3,6,wet_snow,6,wet_snow,0,3,0.819325765,0.6422424316,1.064117432,4.695212364,4.83884716,0,0,0,0,0,0,0.02703857422,0.03656005859
E00708,40.25,22.25,2018-12-19T07:00:00,2018-12-19T09:00:00,2018-12-19T10:00:00,3,6,wet_snow,6,wet_snow,0,3,-0.5813903809,-2.6902771,0.9344787598,4.577886581,4.832089424,0,0,0,0.000125169754,0.0002145767212,0.0003755092621,0.002777099609,0.003234863281
E00185,40.25,21.75,2017-01-31T08:00:00,2017-01-31T10:00:00,2017-01-31T11:00:00,3,6,wet_snow,6,wet_snow,0,3,2.29015096,1.581085205,3.461212158,4.494580269,4.826808929,0.01287460327,0.02446174622,0.03862380981,0.01230239868,0.02435445786,0.03690719604,0.2023213704,0.224395752
E02483,39.5,22.5,2012-01-25T23:00:00,2012-01-26T01:00:00,2012-01-26T02:00:00,3,6,wet_snow,6,wet_snow,0,3,3.089670817,2.233062744,3.720367432,4.676487287,4.796194077,0.001430511475,0.003433227539,0.004291534424,3.576278687e-05,0.0001072883606,0.0001072883606,0.01317342122,0.02215576172
E02284,39.5,21.75,2017-12-20T08:00:00,2017-12-20T10:00:00,2017-12-20T11:00:00,3,6,wet_snow,6,wet_snow,0,3,2.070220947,1.328399658,3.07901001,3.792459806,4.790514946,0.001859664917,0.002145767212,0.005578994751,0.001895427704,0.002574920654,0.005686283112,0.04518636068,0.05819702148
E03193,39.25,22.5,2017-01-11T22:00:00,2017-01-12T00:00:00,2017-01-12T01:00:00,3,3,freezing_rain,3,freezing_rain,3,0,-1.90910848,-2.224700928,-1.661468506,4.266823133,4.78394413,0.1602172852,0.3450393677,0.4806518555,0.0146985054,0.03626346588,0.0440955162,0.006205240885,0.009582519531
E02575,39.5,22.5,2020-01-06T01:00:00,2020-01-06T03:00:00,2020-01-06T04:00:00,3,6,wet_snow,6,wet_snow,0,3,3.119374593,2.983917236,3.294464111,3.983254115,4.781328201,0.04177093506,0.07295608521,0.1253128052,0.03751516342,0.06029605865,0.1125454903,0.008087158203,0.01104736328
E00184,40.25,21.75,2017-01-30T08:00:00,2017-01-30T10:00:00,2017-01-30T11:00:00,3,6,wet_snow,6,wet_snow,0,3,2.028594971,1.29788208,3.310821533,4.04956913,4.728214264,0.04377365112,0.05321502686,0.1313209534,0.02161860466,0.02553462982,0.06485581398,0.1190795898,0.1361083984
E02969,39.25,22,2019-01-03T04:00:00,2019-01-03T06:00:00,2019-01-03T07:00:00,3,6,wet_snow,6,wet_snow,0,3,0.7366027832,0.5108947754,0.866973877,3.690285047,4.722949028,1.576709747,2.025604248,4.730129242,1.477503777,2.009081841,4.43251133,0.3179626465,0.3828125
E01764,39.75,21.75,2018-01-24T07:00:00,2018-01-24T09:00:00,2018-01-24T10:00:00,3,6,wet_snow,6,wet_snow,0,3,2.965077718,1.682037354,4.0050354,4.470913251,4.684129715,0.006294250488,0.007295608521,0.01888275146,0.003969669342,0.006008148193,0.01190900803,0.02309163411,0.0285949707
E02542,39.5,22.5,2017-01-14T01:00:00,2017-01-14T03:00:00,2017-01-14T04:00:00,3,3,freezing_rain,3,freezing_rain,3,0,-0.6307881673,-1.2449646,-0.291595459,4.439776738,4.666091919,0.004577636719,0.009870529175,0.01373291016,0,0,0,0.0007731119792,0.002105712891
E00467,40.25,22,2017-02-11T07:00:00,2017-02-11T09:00:00,2017-02-11T10:00:00,3,6,wet_snow,6,wet_snow,0,3,2.205596924,0.7999572754,2.931182861,4.344109535,4.644697189,0.05722045898,0.0617980957,0.171661377,0.05705952644,0.06174445152,0.1711785793,0.2325337728,0.2520751953
E03042,39.25,22.25,2015-02-17T18:00:00,2015-02-17T20:00:00,2015-02-17T21:00:00,3,6,wet_snow,6,wet_snow,0,3,2.154246012,1.721221924,2.408355713,4.038490295,4.600451469,0.2597808838,0.3210067749,0.7793426514,0.2211213112,0.303196907,0.6633639336,0.09766642253,0.1326293945
E02690,39.25,21.75,2012-12-20T19:00:00,2012-12-20T21:00:00,2012-12-20T22:00:00,3,6,wet_snow,6,wet_snow,0,3,-0.0554300944,-0.8948669434,0.8790588379,4.226790746,4.593683243,0,0,0,0,0,0,0.001261393229,0.001617431641
E00582,40.25,22.25,2012-02-12T08:00:00,2012-02-12T10:00:00,2012-02-12T11:00:00,3,6,wet_snow,6,wet_snow,0,3,0.3923238118,0.05191040039,0.9184875488,4.508721034,4.592539787,0.2148628235,0.267791748,0.6445884705,0.2128243446,0.2666115761,0.6384730339,0.1176045736,0.1221313477
E01771,39.75,21.75,2018-02-27T03:00:00,2018-02-27T05:00:00,2018-02-27T06:00:00,3,3,freezing_rain,3,freezing_rain,3,0,-0.6426696777,-1.626068115,-0.01010131836,4.288994789,4.566095352,0.03819465637,0.1025676727,0.1145839691,0.02660751343,0.0789642334,0.07982254028,0.04249064128,0.07556152344
E02694,39.25,21.75,2012-12-23T15:00:00,2012-12-23T17:00:00,2012-12-23T18:00:00,3,6,wet_snow,6,wet_snow,0,3,0.8099263509,-0.6570739746,1.785308838,3.996208906,4.545512199,0.0005722045898,0.0008583068848,0.00171661377,0.0002861022949,0.000536441803,0.0008583068848,0.04756673177,0.05960083008
E01456,40,22.25,2018-01-25T09:00:00,2018-01-25T11:00:00,2018-01-25T12:00:00,3,6,wet_snow,6,wet_snow,0,3,2.201324463,0.3551330566,3.231109619,4.295879364,4.516023636,0.0002861022949,0.0008583068848,0.0008583068848,0.0001072883606,0.0002145767212,0.0003218650818,0.01581827799,0.01782226562
E02785,39.25,21.75,2017-01-31T10:00:00,2017-01-31T12:00:00,2017-01-31T13:00:00,3,6,wet_snow,6,wet_snow,0,3,3.491404215,3.252227783,3.682037354,4.395332336,4.514308929,0.005865097046,0.009870529175,0.01759529114,0.00359416008,0.006651878357,0.01078248024,0.1182861328,0.1539001465
E03127,39.25,22.5,2012-01-26T20:00:00,2012-01-26T22:00:00,2012-01-26T23:00:00,3,6,wet_snow,6,wet_snow,0,3,1.459950765,1.199371338,1.877960205,4.100230217,4.503911972,0.0005722045898,0.00171661377,0.00171661377,0.0006973743439,0.001502037048,0.002092123032,0.02981567383,0.06173706055
E02974,39.25,22,2019-01-09T10:00:00,2019-01-09T12:00:00,2019-01-09T13:00:00,3,6,wet_snow,6,wet_snow,0,3,0.3851623535,0.2203674316,0.5099182129,4.42069912,4.500094414,1.264572144,1.756954193,3.793716431,1.258671284,1.746547222,3.776013851,0.05583699544,0.06399536133
E01322,40,22.25,2012-12-06T07:00:00,2012-12-06T09:00:00,2012-12-06T10:00:00,3,6,wet_snow,6,wet_snow,0,3,3.398752848,1.548370361,4.545562744,4.198162397,4.499944687,0.1244544983,0.3072738647,0.3733634949,0.07892847061,0.2169370651,0.2367854118,0.01214599609,0.01263427734
E00178,40.25,21.75,2017-01-24T08:00:00,2017-01-24T10:00:00,2017-01-24T11:00:00,3,6,wet_snow,6,wet_snow,0,3,1.749460856,1.172515869,2.767242432,4.394311905,4.486386299,0.07925033569,0.08840560913,0.2377510071,0.07451176643,0.07805228233,0.2235352993,0.03284708659,0.03753662109
E01275,40,22,2020-01-12T04:00:00,2020-01-12T06:00:00,2020-01-12T07:00:00,3,3,freezing_rain,3,freezing_rain,3,0,1.607615153,1.338775635,1.943389893,4.43384107,4.480418205,0.02160072327,0.0364780426,0.0648021698,0,0,0,0.05162556966,0.08938598633
E03094,39.25,22.25,2019-01-03T04:00:00,2019-01-03T06:00:00,2019-01-03T07:00:00,3,6,wet_snow,6,wet_snow,0,3,1.788686117,1.424957275,1.994049072,3.460141818,4.469042778,1.248550415,1.58700943,3.745651245,0.9289205074,1.30366087,2.786761522,0.2531636556,0.3429870605
E00406,40.25,22,2015-02-08T03:00:00,2015-02-08T05:00:00,2015-02-08T06:00:00,3,6,wet_snow,6,wet_snow,0,3,3.072662354,3.024688721,3.137359619,4.390405019,4.46735096,0.5445957184,0.6128311157,1.633787155,0.3812491894,0.4639685154,1.143747568,0.05213419596,0.05712890625
E02046,39.75,22.25,2019-12-28T19:00:00,2019-12-28T21:00:00,2019-12-28T22:00:00,3,6,wet_snow,6,wet_snow,0,3,0.8185119629,0.4383850098,1.498199463,4.237377167,4.465600014,0.004005432129,0.008153915405,0.01201629639,0.0005722045898,0.001394748688,0.00171661377,0.0008544921875,0.001190185547
E00357,40.25,22,2013-02-19T02:00:00,2013-02-19T04:00:00,2013-02-19T05:00:00,3,6,wet_snow,6,wet_snow,0,3,2.226552327,1.866119385,2.542755127,4.234022458,4.441944122,0.7963657379,0.9578704834,2.389097214,0.7266819477,0.9299755096,2.180045843,0.06024169922,0.07791137695
E03001,39.25,22.25,2012-01-15T07:00:00,2012-01-15T09:00:00,2012-01-15T10:00:00,3,6,wet_snow,6,wet_snow,0,3,2.665598551,0.6393127441,3.803619385,4.044184685,4.381990433,0.006151199341,0.007724761963,0.01845359802,0.006079673767,0.007832050323,0.0182390213,0.06685384115,0.09594726562
E03065,39.25,22.25,2016-12-13T20:00:00,2016-12-13T22:00:00,2016-12-13T23:00:00,3,6,wet_snow,6,wet_snow,0,3,3.098134359,1.589263916,4.228424072,4.226516088,4.377228737,0.01831054688,0.0364780426,0.05493164062,0.004202127457,0.009924173355,0.01260638237,0.09866333008,0.1256713867
E00063,40.25,21.75,2013-02-09T04:00:00,2013-02-09T06:00:00,2013-02-09T07:00:00,3,6,wet_snow,6,wet_snow,0,3,1.53237915,1.490753174,1.592681885,4.082457542,4.3629179,0.03690719604,0.04076957703,0.1107215881,0.02957582474,0.0329375267,0.08872747421,0.04985555013,0.05270385742
E03122,39.25,22.5,2012-01-01T01:00:00,2012-01-01T03:00:00,2012-01-01T04:00:00,3,6,wet_snow,6,wet_snow,0,3,1.857981364,0.9569396973,2.818267822,4.029969215,4.351452827,0,0,0,0,0,0,0.004567464193,0.007904052734
E03088,39.25,22.25,2018-12-06T01:00:00,2018-12-06T03:00:00,2018-12-06T04:00:00,3,6,wet_snow,6,wet_snow,0,3,1.787831624,1.19229126,2.636871338,4.105904897,4.304322243,0,0,0,0,0,0,0.04270426432,0.05017089844
E01930,39.75,22.25,2012-01-07T20:00:00,2012-01-07T22:00:00,2012-01-07T23:00:00,3,6,wet_snow,6,wet_snow,0,3,2.202952067,1.488433838,2.913726807,4.280329704,4.303860664,0.0005722045898,0.0008583068848,0.00171661377,0.0006079673767,0.001072883606,0.00182390213,0.08904012044,0.1075134277
E01130,40,22,2013-12-24T20:00:00,2013-12-24T22:00:00,2013-12-24T23:00:00,3,3,freezing_rain,3,freezing_rain,3,0,0.2379455566,-0.3953552246,0.6371154785,4.007807096,4.301052094,0.004720687866,0.01029968262,0.0141620636,0,0,0,0.002085367839,0.002899169922
E02937,39.25,22,2016-01-24T08:00:00,2016-01-24T10:00:00,2016-01-24T11:00:00,3,6,wet_snow,6,wet_snow,0,3,1.48517863,0.5992736816,3.035430908,3.951414108,4.30047226,0.002288818359,0.004291534424,0.006866455078,0.002074241638,0.003862380981,0.006222724915,0.01989746094,0.03268432617
E00051,40.25,21.75,2013-01-13T01:00:00,2013-01-13T03:00:00,2013-01-13T04:00:00,3,6,wet_snow,6,wet_snow,0,3,-1.709157308,-1.949798584,-1.280609131,4.022017797,4.28613472,0,0,0,3.576278687e-05,0.0001072883606,0.0001072883606,0.002471923828,0.0029296875
E01066,40,22,2012-02-05T01:00:00,2012-02-05T03:00:00,2012-02-05T04:00:00,3,3,freezing_rain,3,freezing_rain,3,0,0.4455464681,0.2743225098,0.5328674316,3.934982618,4.238138199,0.2893924713,0.3982543945,0.8681774139,0,0,0,0.0300394694,0.03479003906
E01366,40,22.25,2014-01-27T09:00:00,2014-01-27T11:00:00,2014-01-27T12:00:00,3,6,wet_snow,6,wet_snow,0,3,2.023956299,0.468170166,2.933502197,4.208127022,4.230424881,0,0,0,5.36441803e-05,0.0001072883606,0.0001609325409,0.0005493164062,0.001525878906
E01361,40,22.25,2013-12-17T15:00:00,2013-12-17T17:00:00,2013-12-17T18:00:00,3,6,wet_snow,6,wet_snow,0,3,3.304189046,1.258453369,4.745758057,3.7152071,4.22465229,0,0,0,3.576278687e-05,0.0001072883606,0.0001072883606,0.01440429688,0.01885986328
E02876,39.25,22,2012-01-15T07:00:00,2012-01-15T09:00:00,2012-01-15T10:00:00,3,6,wet_snow,6,wet_snow,0,3,1.824452718,-0.07162475586,2.854400635,4.110590935,4.216763496,0.01745223999,0.02875328064,0.05235671997,0.01754164696,0.02864599228,0.05262494087,0.06806437174,0.1047973633
E02179,39.75,22.75,2016-01-01T01:00:00,2016-01-01T03:00:00,2016-01-01T04:00:00,3,6,wet_snow,6,wet_snow,0,3,0.4112854004,0.1534729004,0.6976623535,3.947213491,4.21249485,0.022315979,0.0424861908,0.06694793701,0.009083747864,0.01249909401,0.02725124359,0.01634724935,0.01818847656
E00494,40.25,22,2018-02-12T04:00:00,2018-02-12T06:00:00,2018-02-12T07:00:00,3,3,freezing_rain,3,freezing_rain,3,0,1.121775309,0.6074523926,1.768218994,4.09011809,4.140648842,0.0007152557373,0.0008583068848,0.002145767212,0,0,0,0.02548217773,0.02758789062
E02549,39.5,22.5,2017-12-22T19:00:00,2017-12-22T21:00:00,2017-12-22T22:00:00,3,6,wet_snow,6,wet_snow,0,3,1.310129801,1.225006104,1.357818604,3.921613693,4.101802826,0.2517700195,0.4274368286,0.7553100586,0.2453684807,0.4184246063,0.736105442,0.006052652995,0.008239746094
E01944,39.75,22.25,2012-02-05T03:00:00,2012-02-05T05:00:00,2012-02-05T06:00:00,3,3,freezing_rain,3,freezing_rain,3,0,1.407623291,1.074371338,1.827789307,3.821204185,4.076318741,0.03290176392,0.05192756653,0.09870529175,0,0,0,0.0395304362,0.04614257812
E01405,40,22.25,2016-01-21T08:00:00,2016-01-21T10:00:00,2016-01-21T11:00:00,3,6,wet_snow,6,wet_snow,0,3,2.270192464,1.351837158,4.089691162,3.98286279,4.069125175,0,0,0,0.0001072883606,0.0003218650818,0.0003218650818,0.02372233073,0.0341796875
E02274,39.5,21.75,2017-01-16T15:00:00,2017-01-16T17:00:00,2017-01-16T18:00:00,3,6,wet_snow,6,wet_snow,0,3,0.5805969238,0.3075256348,0.776763916,3.861920675,4.06548214,0.7447242737,0.9175300598,2.234172821,0.6187319756,0.7891058922,1.856195927,0.1511332194,0.2017822266
E02302,39.5,21.75,2019-01-07T11:00:00,2019-01-07T13:00:00,2019-01-07T14:00:00,3,6,wet_snow,6,wet_snow,0,3,1.252960205,1.134674072,1.348175049,3.93460083,4.065336227,0.01044273376,0.01673698425,0.03132820129,0.01083612442,0.01673698425,0.03250837326,0.0001322428385,0.0002136230469
E01816,39.75,22,2012-02-05T03:00:00,2012-02-05T05:00:00,2012-02-05T06:00:00,3,3,freezing_rain,3,freezing_rain,3,0,1.009185791,0.6527404785,1.288726807,3.920325279,4.02660656,0.01459121704,0.02703666687,0.04377365112,0,0,0,0.02839152018,0.03030395508
E00998,40,21.75,2018-01-25T08:00:00,2018-01-25T10:00:00,2018-01-25T11:00:00,3,6,wet_snow,6,wet_snow,0,3,1.624827067,0.6422424316,3.451324463,3.668878555,4.024085999,0.001430511475,0.002574920654,0.004291534424,0.001215934753,0.002682209015,0.00364780426,0.03018188477,0.03186035156
E01166,40,22,2015-12-16T15:00:00,2015-12-16T17:00:00,2015-12-16T18:00:00,3,6,wet_snow,6,wet_snow,0,3,4.40741984,2.944732666,6.319244385,3.383332332,4.013183594,0,0,0,1.788139343e-05,5.36441803e-05,5.36441803e-05,0.0500793457,0.05200195312
E03028,39.25,22.25,2012-12-20T04:00:00,2012-12-20T06:00:00,2012-12-20T07:00:00,3,6,wet_snow,6,wet_snow,0,3,2.836334229,2.724273682,2.967926025,3.79678154,3.986598969,0.001430511475,0.003433227539,0.004291534424,0,0,0,0.07411702474,0.09924316406
E03182,39.25,22.5,2016-01-24T08:00:00,2016-01-24T10:00:00,2016-01-24T11:00:00,3,6,wet_snow,6,wet_snow,0,3,2.30549113,1.275054932,4.000274658,3.858640671,3.982048988,0,0,0,5.36441803e-05,0.0001609325409,0.0001609325409,0.001861572266,0.004547119141
E03103,39.25,22.25,2019-02-15T02:00:00,2019-02-15T04:00:00,2019-02-15T05:00:00,3,6,wet_snow,6,wet_snow,0,3,2.984486898,2.399200439,3.451568604,3.890491486,3.936479568,0.0008583068848,0.00171661377,0.002574920654,0.0004649162292,0.001072883606,0.001394748688,0.01830037435,0.0315246582
E02260,39.5,21.75,2016-01-24T08:00:00,2016-01-24T10:00:00,2016-01-24T11:00:00,3,6,wet_snow,6,wet_snow,0,3,1.616038005,0.8961486816,3.039337158,3.558184942,3.928401947,0.00114440918,0.002574920654,0.003433227539,0.001019239426,0.002413988113,0.003057718277,0.03221638997,0.05270385742
E01197,40,22,2017-01-20T13:00:00,2017-01-20T15:00:00,2017-01-20T16:00:00,3,6,wet_snow,6,wet_snow,0,3,3.062204997,2.806304932,3.326324463,3.410199165,3.923523903,0.03333091736,0.05235671997,0.09999275208,0.02074241638,0.03197193146,0.06222724915,0.07060750326,0.09848022461
E00416,40.25,22,2015-12-11T07:00:00,2015-12-11T09:00:00,2015-12-11T10:00:00,3,6,wet_snow,6,wet_snow,0,3,2.300608317,1.750152588,2.660308838,3.88915507,3.917180061,0.01344680786,0.01502037048,0.04034042358,0.01291036606,0.0141620636,0.03873109818,0.05841064453,0.07409667969
E00433,40.25,22,2016-12-04T11:00:00,2016-12-04T13:00:00,2016-12-04T14:00:00,3,6,wet_snow,6,wet_snow,0,3,3.735951742,3.63381958,3.8722229,3.485248248,3.912848473,0.08554458618,0.09698867798,0.2566337585,0.02732276917,0.03626346588,0.0819683075,0.3062133789,0.349395752
E02570,39.5,22.5,2019-02-25T23:00:00,2019-02-26T01:00:00,2019-02-26T02:00:00,3,6,wet_snow,6,wet_snow,0,3,1.79393514,1.203765869,2.384674072,3.671132723,3.900020599,0,0,0,8.940696716e-05,0.0001072883606,0.0002682209015,0.03745524089,0.07015991211
E02527,39.5,22.5,2016-01-18T00:00:00,2016-01-18T02:00:00,2016-01-18T03:00:00,3,6,wet_snow,6,wet_snow,0,3,2.523834229,2.007720947,2.828643799,3.705109278,3.88776207,0.3963947296,0.4888057709,1.189184189,0.3414988518,0.4820466042,1.024496555,0.0700785319,0.110168457
E03062,39.25,22.25,2016-01-24T08:00:00,2016-01-24T10:00:00,2016-01-24T11:00:00,3,6,wet_snow,6,wet_snow,0,3,2.18049113,1.230133057,3.799102783,3.695880254,3.881526947,0.002288818359,0.004291534424,0.006866455078,0.002145767212,0.003808736801,0.006437301636,0.01294962565,0.02215576172
E00970,40,21.75,2017-01-25T07:00:00,2017-01-25T09:00:00,2017-01-25T10:00:00,3,6,wet_snow,6,wet_snow,0,3,2.029693604,1.81741333,2.274078369,3.818650881,3.880316734,0.1353263855,0.1497745514,0.4059791565,0.1037478447,0.1165151596,0.3112435341,0.01918538411,0.02868652344
E02842,39.25,21.75,2019-02-08T05:00:00,2019-02-08T07:00:00,2019-02-08T08:00:00,3,3,freezing_rain,3,freezing_rain,3,0,0.08999633789,-0.9329528809,1.23550415,2.649907509,3.861751556,0.003004074097,0.007295608521,0.00901222229,0,0,0,0.07717895508,0.1097717285
E01196,40,22,2017-01-20T09:00:00,2017-01-20T11:00:00,2017-01-20T12:00:00,3,6,wet_snow,6,wet_snow,0,3,2.897003174,2.104766846,3.446075439,3.59999307,3.815830231,0.0786781311,0.09055137634,0.2360343933,0.04658102989,0.04785060883,0.1397430897,0.127360026,0.177947998
E02326,39.5,22,2012-01-27T04:00:00,2012-01-27T06:00:00,2012-01-27T07:00:00,3,6,wet_snow,6,wet_snow,0,3,0.4890034993,0.282989502,0.7623596191,3.568469048,3.771699905,0,0,0,1.788139343e-05,5.36441803e-05,5.36441803e-05,0.0131632487,0.01504516602
E02234,39.5,21.75,2014-01-27T06:00:00,2014-01-27T08:00:00,2014-01-27T09:00:00,3,6,wet_snow,6,wet_snow,0,3,0.9157613118,-0.1558532715,2.498199463,3.517517726,3.725158691,0.0001430511475,0.0004291534424,0.0004291534424,0.0002503395081,0.0006437301636,0.0007510185242,0.02975463867,0.0595703125
E00058,40.25,21.75,2013-01-27T09:00:00,2013-01-27T11:00:00,2013-01-27T12:00:00,3,6,wet_snow,6,wet_snow,0,3,2.250315348,1.331939697,2.862701416,3.554946264,3.721457481,0.04363059998,0.0789642334,0.1308917999,0.04227161407,0.07939338684,0.1268148422,0.07382202148,0.09344482422
E03218,39.25,22.5,2019-01-09T23:00:00,2019-01-10T01:00:00,2019-01-10T02:00:00,3,3,freezing_rain,3,freezing_rain,3,0,-0.07837931315,-0.3301696777,0.07388305664,3.650888761,3.711208344,0.2494812012,0.5149841309,0.7484436035,0,0,0,0.0008748372396,0.001312255859
E03089,39.25,22.25,2018-12-13T08:00:00,2018-12-13T10:00:00,2018-12-13T11:00:00,3,6,wet_snow,6,wet_snow,0,3,1.344228109,1.286773682,1.432037354,2.836499532,3.575547218,0.6251335144,1.326084137,1.875400543,0.4453897476,0.9219288826,1.336169243,0.1613566081,0.2358093262
E02841,39.25,21.75,2019-01-21T04:00:00,2019-01-21T06:00:00,2019-01-21T07:00:00,3,3,freezing_rain,3,freezing_rain,3,0,-1.231536865,-1.311126709,-1.079193115,3.369677544,3.556248665,0.0001430511475,0.0004291534424,0.0004291534424,0,0,0,0.009023030599,0.01214599609
E03184,39.25,22.5,2016-12-21T01:00:00,2016-12-21T03:00:00,2016-12-21T04:00:00,3,3,freezing_rain,3,freezing_rain,3,0,-3.092051188,-3.436126709,-2.56552124,3.134835879,3.531188011,0.1891136169,0.2626419067,0.5673408508,0.0009298324585,0.001609325409,0.002789497375,0.16309611,0.2899169922
E02797,39.25,21.75,2017-12-19T17:00:00,2017-12-19T19:00:00,2017-12-19T20:00:00,3,6,wet_snow,6,wet_snow,0,3,0.5152079264,0.2953186035,0.7562561035,3.370254834,3.519787788,0.02474784851,0.03819465637,0.07424354553,0.02481937408,0.03798007965,0.07445812225,0.08679199219,0.09124755859
E00502,40.25,22,2018-12-04T04:00:00,2018-12-04T06:00:00,2018-12-04T07:00:00,3,3,freezing_rain,3,freezing_rain,3,0,0.6209208171,0.124420166,0.9588928223,3.248229345,3.515118599,0.00171661377,0.002574920654,0.005149841309,0.000661611557,0.001448392868,0.001984834671,0.01782226562,0.01898193359
E02278,39.5,21.75,2017-01-27T08:00:00,2017-01-27T10:00:00,2017-01-27T11:00:00,3,6,wet_snow,6,wet_snow,0,3,2.159698486,1.470245361,2.932159424,3.252030691,3.497052193,0.03147125244,0.04720687866,0.09441375732,0.03166794777,0.04779696465,0.09500384331,0.1374206543,0.1571655273
E01766,39.75,21.75,2018-01-25T06:00:00,2018-01-25T08:00:00,2018-01-25T09:00:00,3,6,wet_snow,6,wet_snow,0,3,-0.1914164225,-1.360198975,1.978179932,2.562145869,3.484630585,0.01330375671,0.01502037048,0.03991127014,0.01326799393,0.0152349472,0.03980398178,0.136118571,0.1417541504
E00106,40.25,21.75,2014-12-14T04:00:00,2014-12-14T06:00:00,2014-12-14T07:00:00,3,3,freezing_rain,3,freezing_rain,3,0,0.1641337077,-0.4285583496,0.8878479004,3.232472102,3.441056252,0.0005722045898,0.0008583068848,0.00171661377,0.0002145767212,0.0004291534424,0.0006437301636,0.02610270182,0.02923583984
E02253,39.5,21.75,2016-01-01T14:00:00,2016-01-01T16:00:00,2016-01-01T17:00:00,3,6,wet_snow,6,wet_snow,0,3,2.511871338,1.986358643,3.404571533,3.038833936,3.4147892,0,0,0,3.576278687e-05,0.0001072883606,0.0001072883606,0.008483886719,0.009674072266
E00431,40.25,22,2016-12-03T04:00:00,2016-12-03T06:00:00,2016-12-03T07:00:00,3,3,freezing_rain,3,freezing_rain,3,0,1.595041911,1.381256104,1.815582275,3.173099518,3.372185707,0.0004291534424,0.0004291534424,0.001287460327,0,0,0,0.02154541016,0.02270507812
E00043,40.25,21.75,2012-12-23T09:00:00,2012-12-23T11:00:00,2012-12-23T12:00:00,3,6,wet_snow,6,wet_snow,0,3,2.250722249,1.19229126,2.823028564,3.220104853,3.35598278,0,0,0,7.152557373e-05,0.0002145767212,0.0002145767212,0.03156534831,0.03961181641
E00703,40.25,22.25,2018-12-13T07:00:00,2018-12-13T09:00:00,2018-12-13T10:00:00,3,6,wet_snow,6,wet_snow,0,3,0.50096639,-1.610443115,1.627349854,3.074524562,3.339662552,0.02889633179,0.03004074097,0.08668899536,0.02907514572,0.03004074097,0.08722543716,0.01348876953,0.02725219727
E00583,40.25,22.25,2012-02-14T14:00:00,2012-02-14T16:00:00,2012-02-14T17:00:00,3,6,wet_snow,6,wet_snow,0,3,-0.4487406413,-0.5851745605,-0.3483581543,3.154417674,3.304899216,0.01616477966,0.0253200531,0.04849433899,0.01623630524,0.02553462982,0.04870891571,0.0001017252604,0.0001220703125
E02025,39.75,22.25,2018-01-24T21:00:00,2018-01-24T23:00:00,2018-01-25T00:00:00,3,3,freezing_rain,3,freezing_rain,3,0,-0.4617614746,-0.875579834,-0.02841186523,3.196722984,3.285335541,0.01087188721,0.01330375671,0.03261566162,0,0,0,0.04903157552,0.06149291992
E02216,39.5,21.75,2012-02-03T03:00:00,2012-02-03T05:00:00,2012-02-03T06:00:00,3,6,wet_snow,6,wet_snow,0,3,1.127919515,1.003326416,1.267974854,3.059749921,3.263205528,0.9939193726,1.117944717,2.981758118,0.9345531464,1.072776318,2.803659439,0.1960245768,0.2064208984
E01347,40,22.25,2013-01-27T07:00:00,2013-01-27T09:00:00,2013-01-27T10:00:00,3,6,wet_snow,6,wet_snow,0,3,2.12600708,1.845855713,2.460845947,3.020717939,3.233366966,0.02202987671,0.02660751343,0.06608963013,0.007081031799,0.009226799011,0.0212430954,0.08594767253,0.09344482422
E00869,40,21.75,2012-12-23T08:00:00,2012-12-23T10:00:00,2012-12-23T11:00:00,3,6,wet_snow,6,wet_snow,0,3,2.068593343,1.516876221,2.982940674,3.101515452,3.205292702,0.002717971802,0.004291534424,0.008153915405,0.0006437301636,0.00171661377,0.001931190491,0.1038411458,0.1051635742
E01314,40,22.25,2012-02-14T11:00:00,2012-02-14T13:00:00,2012-02-14T14:00:00,3,6,wet_snow,6,wet_snow,0,3,0.1851704915,0.1145324707,0.2956848145,3.006997108,3.202131271,0.003147125244,0.008583068848,0.009441375732,0.002664327621,0.006651878357,0.007992982864,0.0001017252604,0.0003051757812
E02122,39.75,22.5,2017-01-01T01:00:00,2017-01-01T03:00:00,2017-01-01T04:00:00,3,6,wet_snow,6,wet_snow,0,3,0.2652893066,0.09756469727,0.5301818848,2.947933515,3.197422028,0.004005432129,0.006008148193,0.01201629639,0.004148483276,0.006115436554,0.01244544983,0.001922607422,0.005004882812
E00547,40.25,22,2020-01-19T08:00:00,2020-01-19T10:00:00,2020-01-19T11:00:00,3,6,wet_snow,6,wet_snow,0,3,2.280019124,1.434234619,3.649810791,2.690015793,3.187108994,0.007295608521,0.008153915405,0.02188682556,0.003218650818,0.004613399506,0.009655952454,0.07224527995,0.083984375
E03099,39.25,22.25,2019-01-09T10:00:00,2019-01-09T12:00:00,2019-01-09T13:00:00,3,6,wet_snow,6,wet_snow,0,3,0.9411519368,0.6363830566,1.116607666,3.134891828,3.179781914,0.660610199,1.042842865,1.981830597,0.6166934967,0.949716568,1.85008049,0.02627563477,0.0344543457
E00907,40,21.75,2014-12-14T04:00:00,2014-12-14T06:00:00,2014-12-14T07:00:00,3,3,freezing_rain,3,freezing_rain,3,0,0.5371805827,0.04995727539,1.116363525,3.091847102,3.121720314,0.0008583068848,0.0008583068848,0.002574920654,0.0003039836884,0.0007510185242,0.0009119510651,0.02176920573,0.02618408203
E02481,39.5,22.5,2012-01-14T04:00:00,2012-01-14T06:00:00,2012-01-14T07:00:00,3,3,freezing_rain,3,freezing_rain,3,0,-0.8981221517,-1.037445068,-0.7644958496,3.027515411,3.118741035,0.002717971802,0.004720687866,0.008153915405,0,0,0,0.03361002604,0.03482055664
E03205,39.25,22.5,2017-12-22T04:00:00,2017-12-22T06:00:00,2017-12-22T07:00:00,3,6,wet_snow,6,wet_snow,0,3,0.3633524577,0.1578674316,0.5322570801,3.077483495,3.104516983,0.3527641296,0.3639221191,1.058292389,0.3409266472,0.352871418,1.022779942,0.1353759766,0.1651611328
E02964,39.25,22,2018-12-13T08:00:00,2018-12-13T10:00:00,2018-12-13T11:00:00,3,6,wet_snow,6,wet_snow,0,3,1.031728109,0.864654541,1.224273682,2.73428599,3.092148781,0.7342815399,1.260852814,2.20284462,0.6465911865,1.039731503,1.93977356,0.2361755371,0.3032836914
E00456,40.25,22,2017-01-20T13:00:00,2017-01-20T15:00:00,2017-01-20T16:00:00,3,6,wet_snow,6,wet_snow,0,3,2.241892497,2.011383057,2.527496338,2.98995177,3.076844215,0.03461837769,0.05021095276,0.1038551331,0.0321149826,0.0440955162,0.09634494781,0.1172587077,0.1469421387
E02880,39.25,22,2012-01-29T04:00:00,2012-01-29T06:00:00,2012-01-29T07:00:00,3,6,wet_snow,6,wet_snow,0,3,1.401112874,1.260284424,1.486236572,2.952882131,3.050215721,0.3138542175,0.3265857697,0.9415626526,0.2848505974,0.3011584282,0.8545517921,0.2375386556,0.2512512207
E00313,40.25,22,2012-02-14T12:00:00,2012-02-14T14:00:00,2012-02-14T15:00:00,3,6,wet_snow,6,wet_snow,0,3,-0.5106302897,-0.6725769043,-0.3835144043,2.494643529,3.044793129,0.004148483276,0.008153915405,0.01244544983,0.004202127457,0.008529424667,0.01260638237,0.0002136230469,0.0004272460938
E01775,39.75,21.75,2019-01-02T23:00:00,2019-01-03T01:00:00,2019-01-03T02:00:00,3,6,wet_snow,6,wet_snow,0,3,0.8234761556,0.7359924316,0.8697814941,2.950526555,3.017854691,0.1307487488,0.1853942871,0.3922462463,0.121986866,0.1827120781,0.365960598,0.0341796875,0.03961181641
E00274,40.25,21.75,2020-01-14T04:00:00,2020-01-14T06:00:00,2020-01-14T07:00:00,3,3,freezing_rain,3,freezing_rain,3,0,-0.4157002767,-0.7481384277,-0.05966186523,2.941063563,2.996092796,0.004577636719,0.008583068848,0.01373291016,0.001466274261,0.004398822784,0.004398822784,0.02373250326,0.03137207031
E02526,39.5,22.5,2016-01-04T04:00:00,2016-01-04T06:00:00,2016-01-04T07:00:00,3,3,freezing_rain,3,freezing_rain,3,0,0.8120829264,0.274810791,1.32510376,2.71181043,2.984203339,0.0005722045898,0.0008583068848,0.00171661377,0,0,0,0.009531656901,0.009826660156
E03181,39.25,22.5,2016-01-23T17:00:00,2016-01-23T19:00:00,2016-01-23T20:00:00,3,6,wet_snow,6,wet_snow,0,3,-0.1323343913,-0.2539978027,0.04995727539,2.517928441,2.969665527,0.01173019409,0.01544952393,0.03519058228,0.01176595688,0.01587867737,0.03529787064,0.01864624023,0.03009033203
E01656,39.75,21.75,2012-01-28T06:00:00,2012-01-28T08:00:00,2012-01-28T09:00:00,3,6,wet_snow,6,wet_snow,0,3,0.8692118327,-0.1495056152,2.855010986,2.436520576,2.955589294,0.004577636719,0.007724761963,0.01373291016,0.004756450653,0.007402896881,0.01426935196,0.163848877,0.2141723633
E00432,40.25,22,2016-12-04T04:00:00,2016-12-04T06:00:00,2016-12-04T07:00:00,3,6,wet_snow,6,wet_snow,0,3,3.66885376,3.555206299,3.744537354,2.752733866,2.955224037,0.03776550293,0.04634857178,0.1132965088,0.01766681671,0.02682209015,0.05300045013,0.3178100586,0.3246459961
E02288,39.5,21.75,2017-12-21T19:00:00,2017-12-21T21:00:00,2017-12-21T22:00:00,3,6,wet_snow,6,wet_snow,0,3,-0.3231709798,-0.5779724121,0.07998657227,2.711227735,2.91010952,0.3876686096,0.4004001617,1.163005829,0.3834486008,0.3968596458,1.150345802,0.153523763,0.1578674316
E00696,40.25,22.25,2018-01-26T07:00:00,2018-01-26T09:00:00,2018-01-26T10:00:00,3,6,wet_snow,6,wet_snow,0,3,-0.07243855794,-2.851165771,1.461578369,2.674759547,2.878985405,0,0,0,0,0,0,0.006917317708,0.009582519531
E01112,40,22,2013-01-27T07:00:00,2013-01-27T09:00:00,2013-01-27T10:00:00,3,6,wet_snow,6,wet_snow,0,3,2.12600708,1.906402588,2.402252197,2.79480648,2.857392311,0.0560760498,0.06866455078,0.1682281494,0.04098415375,0.05031824112,0.1229524612,0.1784871419,0.2113037109
E01897,39.75,22,2018-01-24T21:00:00,2018-01-24T23:00:00,2018-01-25T00:00:00,3,3,freezing_rain,3,freezing_rain,3,0,-1.006032308,-1.483001709,-0.4463806152,2.542426109,2.811702728,0.03018379211,0.04334449768,0.09055137634,0.003862380981,0.008583068848,0.01158714294,0.04100545247,0.04974365234
E01282,40,22,2020-01-23T23:00:00,2020-01-24T01:00:00,2020-01-24T02:00:00,3,3,freezing_rain,3,freezing_rain,3,0,-1.425384521,-1.740814209,-1.233734131,2.745125771,2.785981178,0.004291534424,0.006866455078,0.01287460327,0,0,0,0.1415812174,0.1645812988
E02402,39.5,22.25,2012-01-27T04:00:00,2012-01-27T06:00:00,2012-01-27T07:00:00,3,6,wet_snow,6,wet_snow,0,3,1.647206624,1.357208252,2.065093994,2.562609673,2.76584053,0,0,0,0.0001072883606,0.0001609325409,0.0003218650818,0.01864624023,0.01965332031
E01388,40,22.25,2015-01-28T04:00:00,2015-01-28T06:00:00,2015-01-28T07:00:00,3,3,freezing_rain,3,freezing_rain,3,0,1.982371012,1.796295166,2.17678833,2.359158754,2.682498932,0.004291534424,0.005578994751,0.01287460327,0,0,0,0.02143351237,0.0290222168
E00926,40,21.75,2015-12-06T04:00:00,2015-12-06T06:00:00,2015-12-06T07:00:00,3,3,freezing_rain,3,freezing_rain,3,0,-0.6713968913,-0.8243103027,-0.5594177246,2.556546847,2.682419777,0.002145767212,0.005149841309,0.006437301636,3.576278687e-05,0.0001072883606,0.0001072883606,0.007069905599,0.009002685547
E02297,39.5,21.75,2018-12-13T08:00:00,2018-12-13T10:00:00,2018-12-13T11:00:00,3,6,wet_snow,6,wet_snow,0,3,1.249176025,1.051177979,1.444976807,2.35928599,2.633351326,0.6335735321,0.8059501648,1.900720596,0.5676269531,0.662612915,1.702880859,0.2150065104,0.2751464844
E03158,39.25,22.5,2015-01-08T19:00:00,2015-01-08T21:00:00,2015-01-08T22:00:00,3,6,wet_snow,6,wet_snow,0,3,-0.3548278809,-0.838470459,0.1964416504,2.329787572,2.553767204,0.0008583068848,0.00171661377,0.002574920654,0.000661611557,0.001448392868,0.001984834671,0,0
E02902,39.25,22,2012-12-14T04:00:00,2012-12-14T06:00:00,2012-12-14T07:00:00,3,6,wet_snow,6,wet_snow,0,3,-1.393239339,-1.787445068,-0.7373962402,2.300724427,2.540712357,0,0,0,3.576278687e-05,5.36441803e-05,0.0001072883606,0.0493367513,0.05160522461
E00400,40.25,22,2015-01-26T04:00:00,2015-01-26T06:00:00,2015-01-26T07:00:00,3,3,freezing_rain,3,freezing_rain,3,0,2.353464762,2.306304932,2.43850708,2.412727992,2.475311279,0.06923675537,0.08497238159,0.2077102661,0,0,0,0.02969868978,0.03749084473
E00542,40.25,22,2020-01-13T04:00:00,2020-01-13T06:00:00,2020-01-13T07:00:00,3,3,freezing_rain,3,freezing_rain,3,0,2.724721273,2.556671143,2.944488525,2.143137296,2.404702187,0.005722045898,0.007724761963,0.0171661377,0,0,0,0.03630574544,0.04235839844
E03005,39.25,22.25,2012-01-29T04:00:00,2012-01-29T06:00:00,2012-01-29T07:00:00,3,6,wet_snow,6,wet_snow,0,3,2.356842041,2.207550049,2.478424072,2.278402964,2.337325096,0.2802371979,0.2879619598,0.8407115936,0.2280950546,0.2409696579,0.6842851639,0.2273152669,0.2444458008
E02452,39.5,22.25,2016-12-31T19:00:00,2016-12-31T21:00:00,2016-12-31T22:00:00,3,6,wet_snow,6,wet_snow,0,3,2.543609619,1.631011963,3.975006104,2.037235578,2.30678463,0.0004291534424,0.0004291534424,0.001287460327,0.0005722045898,0.0007510185242,0.00171661377,0.0007731119792,0.002014160156
E02376,39.5,22,2016-12-31T19:00:00,2016-12-31T21:00:00,2016-12-31T22:00:00,3,6,wet_snow,6,wet_snow,0,3,1.772776286,0.9903869629,3.045318604,2.204878807,2.277487755,0,0,0,3.576278687e-05,0.0001072883606,0.0001072883606,0.004903157552,0.01110839844
E03172,39.25,22.5,2016-01-03T04:00:00,2016-01-03T06:00:00,2016-01-03T07:00:00,3,3,freezing_rain,3,freezing_rain,3,0,0.4593811035,0.3414611816,0.548248291,2.219727516,2.267089844,0.004577636719,0.006866455078,0.01373291016,3.576278687e-05,0.0001072883606,0.0001072883606,0.1364746094,0.1444091797
E03138,39.25,22.5,2012-02-02T08:00:00,2012-02-02T10:00:00,2012-02-02T11:00:00,3,6,wet_snow,6,wet_snow,0,3,0.7472635905,0.5062561035,1.131622314,1.916776657,2.217227936,0.3880977631,0.4218578339,1.164293289,0.3781199455,0.4172444344,1.134359837,0.02873738607,0.03109741211
E00849,40,21.75,2012-02-21T04:00:00,2012-02-21T06:00:00,2012-02-21T07:00:00,3,3,freezing_rain,3,freezing_rain,3,0,1.801177979,1.458648682,2.152008057,2.162902832,2.198507309,0.003004074097,0.004291534424,0.00901222229,0,0,0,0.02714029948,0.02783203125
E02385,39.5,22,2018-12-13T04:00:00,2018-12-13T06:00:00,2018-12-13T07:00:00,3,3,freezing_rain,3,freezing_rain,3,0,-0.5480244954,-1.188079834,-0.1971130371,1.943927129,2.084576607,0.08053779602,0.1467704773,0.2416133881,0.07238388062,0.1245617867,0.2171516418,0.03946940104,0.07437133789
E03183,39.25,22.5,2016-01-24T18:00:00,2016-01-24T20:00:00,2016-01-24T21:00:00,3,6,wet_snow,6,wet_snow,0,3,1.315256755,0.8190002441,1.685089111,2.022702853,2.07038784,0.001430511475,0.002574920654,0.004291534424,0.001806020737,0.003325939178,0.00541806221,0.00141398112,0.002502441406
E03027,39.25,22.25,2012-12-14T04:00:00,2012-12-14T06:00:00,2012-12-14T07:00:00,3,6,wet_snow,6,wet_snow,0,3,-0.5520935059,-0.899017334,-0.2237243652,1.898380677,2.045595169,0,0,0,3.576278687e-05,5.36441803e-05,0.0001072883606,0.0698445638,0.0732421875
E02377,39.5,22,2016-12-31T23:00:00,2017-01-01T01:00:00,2017-01-01T02:00:00,3,6,wet_snow,6,wet_snow,0,3,0.4476623535,0.2821350098,0.5594787598,1.941812197,1.98355484,0.003004074097,0.004291534424,0.00901222229,0.002789497375,0.004076957703,0.008368492126,0.00722249349,0.01110839844
E02343,39.5,22,2012-12-14T03:00:00,2012-12-14T05:00:00,2012-12-14T06:00:00,3,6,wet_snow,6,wet_snow,0,3,-2.337331136,-2.537689209,-2.205413818,1.860166788,1.944297433,0,0,0,0,0,0,0.03174845378,0.03479003906
E00906,40,21.75,2014-12-13T04:00:00,2014-12-13T06:00:00,2014-12-13T07:00:00,3,3,freezing_rain,3,freezing_rain,3,0,-0.3261006673,-0.7774353027,0.3150939941,1.898581823,1.927325249,0.0004291534424,0.0008583068848,0.001287460327,0,0,0,0.005076090495,0.008026123047
E02518,39.5,22.5,2015-02-16T04:00:00,2015-02-16T06:00:00,2015-02-16T07:00:00,3,3,freezing_rain,3,freezing_rain,3,0,-1.883555094,-2.12802124,-1.658050537,1.756673177,1.813637733,0.002002716064,0.003862380981,0.006008148193,0,0,0,0.00449625651,0.006072998047
E02546,39.5,22.5,2017-01-29T04:00:00,2017-01-29T06:00:00,2017-01-29T07:00:00,3,3,freezing_rain,3,freezing_rain,3,0,-0.5875752767,-0.7137145996,-0.3809509277,1.553032239,1.727640152,0.006580352783,0.009870529175,0.01974105835,7.152557373e-05,0.0001072883606,0.0002145767212,0.1371968587,0.1516418457
E02453,39.5,22.25,2016-12-31T23:00:00,2017-01-01T01:00:00,2017-01-01T02:00:00,3,6,wet_snow,6,wet_snow,0,3,0.9522196452,0.7938537598,1.100982666,1.448648135,1.562656403,0.005292892456,0.006437301636,0.01587867737,0.005185604095,0.006330013275,0.01555681229,0.009785970052,0.01483154297
E02461,39.5,22.25,2018-12-13T04:00:00,2018-12-13T06:00:00,2018-12-13T07:00:00,3,3,freezing_rain,3,freezing_rain,3,0,-0.9555765788,-1.695892334,-0.5662536621,1.499591192,1.535081863,0.01244544983,0.03433227539,0.03733634949,0.001001358032,0.002360343933,0.003004074097,0.01592000326,0.03518676758
E00044,40.25,21.75,2013-01-01T02:00:00,2013-01-01T04:00:00,2013-01-01T05:00:00,3,3,freezing_rain,3,freezing_rain,3,0,-0.2969665527,-0.6824645996,0.3731994629,1.306393623,1.36443615,0,0,0,0,0,0,0.005544026693,0.007232666016
E02419,39.5,22.25,2012-12-14T03:00:00,2012-12-14T05:00:00,2012-12-14T06:00:00,3,6,wet_snow,6,wet_snow,0,3,-1.038503011,-1.291595459,-0.9114685059,1.156716267,1.190391183,0,0,0,0,0,0,0.04502360026,0.04864501953
E02667,39.25,21.75,2012-02-06T20:00:00,2012-02-06T21:00:00,2012-02-06T22:00:00,2,6,wet_snow,6,wet_snow,0,2,2.510650635,2.311798096,2.709503174,26.4929142,27.08396912,5.476427078,5.696582794,10.95285416,4.608571529,5.233740807,9.217143059,0.9651794434,1.012359619
E01071,40,22,2012-02-06T14:00:00,2012-02-06T15:00:00,2012-02-06T16:00:00,2,6,wet_snow,6,wet_snow,0,2,2.487579346,2.371246338,2.603912354,18.83762741,19.80099869,1.570487022,1.754379272,3.140974045,0.978577137,1.406550407,1.957154274,0.0386505127,0.05239868164
E00841,40,21.75,2012-02-06T15:00:00,2012-02-06T16:00:00,2012-02-06T17:00:00,2,6,wet_snow,6,wet_snow,0,2,2.410308838,2.251861572,2.568756104,17.72154236,18.16845322,1.652240753,1.671123505,3.304481506,1.236659288,1.333594322,2.473318577,0.1048431396,0.1425170898
E00580,40.25,22.25,2012-02-06T21:00:00,2012-02-06T22:00:00,2012-02-06T23:00:00,2,6,wet_snow,6,wet_snow,0,2,1.974029541,1.919219971,2.028839111,17.28333378,17.86279678,2.826619148,3.336668015,5.653238297,2.676683664,3.281736374,5.353367329,0.5190124512,0.5713500977
E01387,40,22.25,2015-01-12T13:00:00,2015-01-12T14:00:00,2015-01-12T15:00:00,2,6,wet_snow,6,wet_snow,0,2,5.073638916,4.888946533,5.258331299,17.0746603,17.49385643,0,0,0,8.046627045e-05,0.0001609325409,0.0001609325409,0.002716064453,0.003509521484
E00652,40.25,22.25,2016-12-28T13:00:00,2016-12-28T14:00:00,2016-12-28T15:00:00,2,6,wet_snow,6,wet_snow,0,2,4.461090088,3.562774658,5.359405518,16.56331348,16.91658592,0.04162788391,0.07123947144,0.08325576782,0.02100169659,0.04017949104,0.04200339317,0.003662109375,0.004150390625
E01156,40,22,2015-01-12T10:00:00,2015-01-12T11:00:00,2015-01-12T12:00:00,2,6,wet_snow,6,wet_snow,0,2,3.924591064,3.680938721,4.168243408,15.82389784,16.5256958,0.00536441803,0.007724761963,0.01072883606,0.005578994751,0.007939338684,0.0111579895,0.01493835449,0.01898193359
E00809,40.25,22.75,2017-01-06T16:00:00,2017-01-06T17:00:00,2017-01-06T18:00:00,2,6,wet_snow,6,wet_snow,0,2,0.9842834473,0.7699279785,1.198638916,16.47021008,16.49560165,0,0,0,0,0,0,0.003387451172,0.004180908203
E00914,40,21.75,2015-01-05T12:00:00,2015-01-05T13:00:00,2015-01-05T14:00:00,2,6,wet_snow,6,wet_snow,0,2,2.828094482,2.651031494,3.005157471,16.09230232,16.31236839,0.01029968262,0.01287460327,0.02059936523,0.008368492126,0.01019239426,0.01673698425,9.155273438e-05,0.0001525878906
E01632,40,22.75,2017-01-06T17:00:00,2017-01-06T18:00:00,2017-01-06T19:00:00,2,6,wet_snow,6,wet_snow,0,2,0.9402160645,0.7355041504,1.144927979,16.049016,16.05517006,0.001072883606,0.002145767212,0.002145767212,0.001072883606,0.001931190491,0.002145767212,0.01942443848,0.02163696289
E01194,40,22,2017-01-18T19:00:00,2017-01-18T20:00:00,2017-01-18T21:00:00,2,6,wet_snow,6,wet_snow,0,2,1.447052002,1.2784729,1.615631104,15.99339008,15.99466324,2.043199539,2.326440811,4.086399078,1.706904173,1.920461655,3.413808346,0.1776733398,0.237487793
E00800,40.25,22.75,2015-02-09T23:00:00,2015-02-10T00:00:00,2015-02-10T01:00:00,2,6,wet_snow,6,wet_snow,0,2,4.108917236,3.932037354,4.285797119,15.86612797,15.97600746,0,0,0,0,0,0,0.001739501953,0.001983642578
E00299,40.25,22,2012-01-21T09:00:00,2012-01-21T10:00:00,2012-01-21T11:00:00,2,6,wet_snow,6,wet_snow,0,2,2.803863525,2.800933838,2.806793213,14.93026638,15.6173172,0.02639293671,0.05021095276,0.05278587341,0.01502037048,0.02746582031,0.03004074097,0.0002288818359,0.0004577636719
E00010,40.25,21.75,2012-01-21T09:00:00,2012-01-21T10:00:00,2012-01-21T11:00:00,2,6,wet_snow,6,wet_snow,0,2,3.440582275,3.257965088,3.623199463,15.09286404,15.41907501,0.02703666687,0.0506401062,0.05407333374,0.0185072422,0.03401041031,0.03701448441,0.0002746582031,0.0005187988281
E00209,40.25,21.75,2018-01-22T08:00:00,2018-01-22T09:00:00,2018-01-22T10:00:00,2,6,wet_snow,6,wet_snow,0,2,2.371185303,2.269317627,2.473052979,15.14043951,15.24782944,0,0,0,0.0002950429916,0.0003218650818,0.0005900859833,0.00422668457,0.005523681641
E00500,40.25,22,2018-02-28T10:00:00,2018-02-28T11:00:00,2018-02-28T12:00:00,2,6,wet_snow,6,wet_snow,0,2,2.104278564,1.940582275,2.267974854,15.08158016,15.12251568,0.003004074097,0.003433227539,0.006008148193,0.003057718277,0.003111362457,0.006115436554,0.002258300781,0.003295898438
E00321,40.25,22,2012-02-29T17:00:00,2012-02-29T18:00:00,2012-02-29T19:00:00,2,6,wet_snow,6,wet_snow,0,2,3.744598389,3.526763916,3.962432861,14.72315454,14.9848156,0,0,0,0,0,0,0.01496887207,0.02133178711
E02729,39.25,21.75,2015-01-05T11:00:00,2015-01-05T12:00:00,2015-01-05T13:00:00,2,6,wet_snow,6,wet_snow,0,2,2.746429443,2.694610596,2.798248291,14.6731782,14.80449581,0.01072883606,0.02145767212,0.02145767212,0.002360343933,0.004613399506,0.004720687866,0.001174926758,0.002014160156
E01683,39.75,21.75,2013-01-06T06:00:00,2013-01-06T07:00:00,2013-01-06T08:00:00,2,6,wet_snow,6,wet_snow,0,2,4.338592529,4.078277588,4.598907471,14.52672243,14.57977581,0,0,0,2.682209015e-05,5.36441803e-05,5.36441803e-05,0.001388549805,0.001434326172
E02595,39.5,22.75,2012-02-28T08:00:00,2012-02-28T09:00:00,2012-02-28T10:00:00,2,6,wet_snow,6,wet_snow,0,2,4.002410889,3.819366455,4.185455322,14.13598347,14.55960751,0.0002145767212,0.0004291534424,0.0004291534424,5.36441803e-05,0.0001072883606,0.0001072883606,0.004516601562,0.006591796875
E01606,40,22.75,2015-01-01T07:00:00,2015-01-01T08:00:00,2015-01-01T09:00:00,2,6,wet_snow,6,wet_snow,0,2,1.777191162,1.744293213,1.810089111,14.31790876,14.4016304,0.00171661377,0.002574920654,0.003433227539,0.00187754631,0.002682209015,0.003755092621,0.101348877,0.1278991699
E01630,40,22.75,2016-12-30T10:00:00,2016-12-30T11:00:00,2016-12-30T12:00:00,2,6,wet_snow,6,wet_snow,0,2,3.808380127,3.649688721,3.967071533,13.86763954,14.34257221,0.009655952454,0.009870529175,0.01931190491,5.36441803e-05,0.0001072883606,0.0001072883606,0.003646850586,0.004241943359
E00994,40,21.75,2018-01-18T04:00:00,2018-01-18T05:00:00,2018-01-18T06:00:00,2,6,wet_snow,6,wet_snow,0,2,2.409759521,2.14163208,2.677886963,14.09303236,14.14833832,0.02338886261,0.04591941833,0.04677772522,0.004023313522,0.00718832016,0.008046627045,9.155273438e-05,0.0001831054688
E00820,40.25,22.75,2019-01-07T10:00:00,2019-01-07T11:00:00,2019-01-07T12:00:00,2,6,wet_snow,6,wet_snow,0,2,4.174957275,4.076080322,4.273834229,13.83610725,14.02627373,0.03561973572,0.05321502686,0.07123947144,0.0009119510651,0.00171661377,0.00182390213,0.004806518555,0.005096435547
E02592,39.5,22.75,2012-02-17T08:00:00,2012-02-17T09:00:00,2012-02-17T10:00:00,2,6,wet_snow,6,wet_snow,0,2,4.157684326,4.052886963,4.262481689,13.66491461,13.96984577,0.0002145767212,0.0004291534424,0.0004291534424,0.0002145767212,0.0004291534424,0.0004291534424,0.003982543945,0.004302978516
E02632,39.5,22.75,2016-12-28T21:00:00,2016-12-28T22:00:00,2016-12-28T23:00:00,2,6,wet_snow,6,wet_snow,0,2,2.725616455,2.386505127,3.064727783,13.16211748,13.92067814,0.5355834961,0.6643295288,1.071166992,0.2893567085,0.292468071,0.5787134171,0.04992675781,0.06820678711
E02085,39.75,22.5,2014-12-31T19:00:00,2014-12-31T20:00:00,2014-12-31T21:00:00,2,6,wet_snow,6,wet_snow,0,2,1.459991455,1.372467041,1.547515869,13.84276247,13.90757847,0.08368492126,0.08583068848,0.1673698425,0.08347034454,0.08540153503,0.1669406891,0.060546875,0.06930541992
E01696,39.75,21.75,2015-01-05T13:00:00,2015-01-05T14:00:00,2015-01-05T15:00:00,2,6,wet_snow,6,wet_snow,0,2,3.973724365,3.495635986,4.451812744,13.25836754,13.87028313,0.01974105835,0.0283241272,0.0394821167,0.01287460327,0.01426935196,0.02574920654,0.0002746582031,0.00048828125
E01097,40,22,2013-01-06T09:00:00,2013-01-06T10:00:00,2013-01-06T11:00:00,2,6,wet_snow,6,wet_snow,0,2,3.341278076,2.635040283,4.047515869,13.68614531,13.79831028,0,0,0,0.0001072883606,0.0002145767212,0.0002145767212,0.0007171630859,0.001037597656
E01085,40,22,2012-02-29T17:00:00,2012-02-29T18:00:00,2012-02-29T19:00:00,2,6,wet_snow,6,wet_snow,0,2,4.501434326,4.401763916,4.601104736,13.44288111,13.77680779,0,0,0,0,0,0,0.006530761719,0.00732421875
E00031,40.25,21.75,2012-02-29T18:00:00,2012-02-29T19:00:00,2012-02-29T20:00:00,2,6,wet_snow,6,wet_snow,0,2,4.490447998,4.096710205,4.884185791,13.3395915,13.72028255,0,0,0,0,0,0,0.01091003418,0.01666259766
E01320,40,22.25,2012-02-29T08:00:00,2012-02-29T09:00:00,2012-02-29T10:00:00,2,6,wet_snow,6,wet_snow,0,2,1.865386963,1.124786377,2.605987549,13.5435195,13.717556,0.004935264587,0.009441375732,0.009870529175,0.005203485489,0.009870529175,0.01040697098,0.003234863281,0.005859375
E00853,40,21.75,2012-12-03T21:00:00,2012-12-03T22:00:00,2012-12-03T23:00:00,2,6,wet_snow,6,wet_snow,0,2,1.996612549,1.216949463,2.776275635,13.54769897,13.7010746,0.01137256622,0.01931190491,0.02274513245,0.004398822784,0.00547170639,0.008797645569,0.004806518555,0.009033203125
E02695,39.25,21.75,2013-01-06T06:00:00,2013-01-06T07:00:00,2013-01-06T08:00:00,2,6,wet_snow,6,wet_snow,0,2,3.034881592,2.836090088,3.233673096,13.24205446,13.61688519,0,0,0,0,0,0,0.002807617188,0.003784179688
E00794,40.25,22.75,2014-01-26T21:00:00,2014-01-26T22:00:00,2014-01-26T23:00:00,2,6,wet_snow,6,wet_snow,0,2,3.334625244,3.326812744,3.342437744,13.59546757,13.60890675,0.3675699234,0.4626274109,0.7351398468,0.217795372,0.2733707428,0.435590744,0.04139709473,0.04467773438
E00024,40.25,21.75,2012-02-15T13:00:00,2012-02-15T14:00:00,2012-02-15T15:00:00,2,6,wet_snow,6,wet_snow,0,2,2.947296143,2.777496338,3.117095947,12.67946386,13.51956749,0.0002145767212,0.0004291534424,0.0004291534424,0.0001609325409,0.0003218650818,0.0003218650818,0.003723144531,0.004486083984
E02648,39.5,22.75,2019-02-13T07:00:00,2019-02-13T08:00:00,2019-02-13T09:00:00,2,6,wet_snow,6,wet_snow,0,2,4.662872314,4.511871338,4.813873291,12.90128374,13.4994278,0.3098487854,0.3579139709,0.6196975708,0.2372682095,0.2831339836,0.4745364189,0.08316040039,0.09118652344
E00487,40.25,22,2018-01-22T09:00:00,2018-01-22T10:00:00,2018-01-22T11:00:00,2,6,wet_snow,6,wet_snow,0,2,2.738128662,1.830474854,3.645782471,13.10464573,13.4985714,0,0,0,5.36441803e-05,0.0001072883606,0.0001072883606,0.003372192383,0.005249023438
E03269,39.25,22.75,2014-12-31T19:00:00,2014-12-31T20:00:00,2014-12-31T21:00:00,2,6,wet_snow,6,wet_snow,0,2,2.78225708,2.651763916,2.912750244,13.16600466,13.37925816,0.6531715393,0.6583213806,1.306343079,0.5865722895,0.5927681923,1.173144579,0.2171783447,0.2390441895
E00314,40.25,22,2012-02-15T13:00:00,2012-02-15T14:00:00,2012-02-15T15:00:00,2,6,wet_snow,6,wet_snow,0,2,1.431671143,1.127105713,1.736236572,12.27931738,13.33743858,0,0,0,5.36441803e-05,0.0001072883606,0.0001072883606,0.001663208008,0.002502441406
E01229,40,22,2018-01-18T02:00:00,2018-01-18T03:00:00,2018-01-18T04:00:00,2,6,wet_snow,6,wet_snow,0,2,1.85635376,1.808990479,1.903717041,12.86726475,13.2694912,0.363278389,0.5819320679,0.726556778,0.1450538635,0.1748800278,0.2901077271,0.001541137695,0.003082275391
E01607,40,22.75,2015-01-06T05:00:00,2015-01-06T06:00:00,2015-01-06T07:00:00,2,6,wet_snow,6,wet_snow,0,2,4.210357666,4.197662354,4.223052979,12.76460218,13.0489521,0.0002145767212,0.0004291534424,0.0004291534424,0.0003218650818,0.0006437301636,0.0006437301636,7.629394531e-05,0.0001525878906
E02805,39.25,21.75,2018-01-18T07:00:00,2018-01-18T08:00:00,2018-01-18T09:00:00,2,6,wet_snow,6,wet_snow,0,2,3.600311279,2.792755127,4.407867432,12.19722939,13.02414799,0.05407333374,0.1081466675,0.1081466675,0.05369782448,0.107395649,0.107395649,0.001907348633,0.003509521484
E00526,40.25,22,2019-02-13T16:00:00,2019-02-13T17:00:00,2019-02-13T18:00:00,2,6,wet_snow,6,wet_snow,0,2,2.128082275,1.505889893,2.750274658,11.5839057,12.94783688,0.0004291534424,0.0008583068848,0.0008583068848,0.0004291534424,0.000536441803,0.0008583068848,0.0008239746094,0.0009460449219
E02806,39.25,21.75,2018-01-22T05:00:00,2018-01-22T06:00:00,2018-01-22T07:00:00,2,6,wet_snow,6,wet_snow,0,2,3.25112915,2.796295166,3.705963135,12.70807409,12.91740894,0.003218650818,0.006437301636,0.006437301636,0,0,0,0.01002502441,0.01904296875
E00624,40.25,22.25,2015-01-12T06:00:00,2015-01-12T07:00:00,2015-01-12T08:00:00,2,6,wet_snow,6,wet_snow,0,2,2.947296143,2.412017822,3.482574463,12.60394812,12.83566284,1.00915432,1.623058319,2.01830864,0.5039870739,0.6785988808,1.007974148,0.1986541748,0.3377990723
E01727,39.75,21.75,2016-12-28T17:00:00,2016-12-28T18:00:00,2016-12-28T19:00:00,2,6,wet_snow,6,wet_snow,0,2,3.199981689,2.979522705,3.420440674,11.91952991,12.82937336,0.002574920654,0.002574920654,0.005149841309,0.002977252007,0.003057718277,0.005954504013,6.103515625e-05,9.155273438e-05
E01631,40,22.75,2016-12-31T07:00:00,2016-12-31T08:00:00,2016-12-31T09:00:00,2,6,wet_snow,6,wet_snow,0,2,4.447052002,4.412994385,4.481109619,12.54114008,12.80369473,0.007081031799,0.01244544983,0.0141620636,0.004345178604,0.00718832016,0.008690357208,0.07933044434,0.08734130859
E00280,40.25,21.75,2020-02-05T04:00:00,2020-02-05T05:00:00,2020-02-05T06:00:00,2,6,wet_snow,6,wet_snow,0,2,3.068023682,2.027252197,4.108795166,11.22102594,12.7797308,2.648091316,3.326797485,5.296182632,0.6691843271,0.9919345379,1.338368654,0.2131347656,0.3127441406
E00597,40.25,22.25,2013-01-06T07:00:00,2013-01-06T08:00:00,2013-01-06T09:00:00,2,6,wet_snow,6,wet_snow,0,2,2.754608154,2.545074463,2.964141846,12.50211763,12.68617821,0,0,0,0,0,0,0.002288818359,0.002716064453
E01653,39.75,21.75,2012-01-26T08:00:00,2012-01-26T09:00:00,2012-01-26T10:00:00,2,6,wet_snow,6,wet_snow,0,2,3.397918701,3.047271729,3.748565674,12.22556543,12.67515182,0.001287460327,0.00171661377,0.002574920654,0.001287460327,0.00171661377,0.002574920654,0.003067016602,0.003997802734
E00691,40.25,22.25,2018-01-22T07:00:00,2018-01-22T08:00:00,2018-01-22T09:00:00,2,6,wet_snow,6,wet_snow,0,2,2.673248291,1.88772583,3.458770752,12.48143053,12.60629177,0,0,0,2.682209015e-05,5.36441803e-05,5.36441803e-05,0.0107421875,0.01428222656
E01185,40,22,2016-12-28T14:00:00,2016-12-28T15:00:00,2016-12-28T16:00:00,2,6,wet_snow,6,wet_snow,0,2,2.835174561,2.638824463,3.031524658,11.91806173,12.58357811,0.03561973572,0.05149841309,0.07123947144,0.003057718277,0.003165006638,0.006115436554,0.0002899169922,0.0003662109375
E00435,40.25,22,2016-12-13T08:00:00,2016-12-13T09:00:00,2016-12-13T10:00:00,2,6,wet_snow,6,wet_snow,0,2,4.268157959,4.152374268,4.38394165,11.83192587,12.49222279,0,0,0,0,0,0,0.004333496094,0.005249023438
E03284,39.25,22.75,2015-02-10T15:00:00,2015-02-10T16:00:00,2015-02-10T17:00:00,2,6,wet_snow,6,wet_snow,0,2,4.500518799,4.269439697,4.7315979,11.67908144,12.27652359,0.01394748688,0.02274513245,0.02789497375,0.004613399506,0.00536441803,0.009226799011,0.0006408691406,0.001251220703
E01098,40,22,2013-01-06T12:00:00,2013-01-06T13:00:00,2013-01-06T14:00:00,2,6,wet_snow,6,wet_snow,0,2,4.518096924,4.411407471,4.624786377,11.83720207,12.26999569,0,0,0,0,0,0,0.002197265625,0.00244140625
E01600,40,22.75,2012-02-10T15:00:00,2012-02-10T16:00:00,2012-02-10T17:00:00,2,6,wet_snow,6,wet_snow,0,2,3.763275146,3.716339111,3.810211182,12.18253136,12.26396084,0.5578994751,0.5845069885,1.11579895,0.3135502338,0.3275513649,0.6271004677,0.1435699463,0.173248291
E00208,40.25,21.75,2018-01-22T02:00:00,2018-01-22T03:00:00,2018-01-22T04:00:00,2,6,wet_snow,6,wet_snow,0,2,1.899871826,1.485992432,2.313751221,12.08776236,12.25805569,0.04999637604,0.09226799011,0.09999275208,0.002923607826,0.005310773849,0.005847215652,0.009841918945,0.01239013672
E01565,40,22.5,2016-12-30T10:00:00,2016-12-30T11:00:00,2016-12-30T12:00:00,2,6,wet_snow,6,wet_snow,0,2,1.899200439,1.796173096,2.002227783,11.96334267,12.24100971,0.002145767212,0.003433227539,0.004291534424,0.002306699753,0.003111362457,0.004613399506,0.003463745117,0.004058837891
E00757,40.25,22.5,2015-02-09T23:00:00,2015-02-10T00:00:00,2015-02-10T01:00:00,2,6,wet_snow,6,wet_snow,0,2,-0.8510437012,-1.224212646,-0.4778747559,12.14786625,12.19573402,0.0004291534424,0.0004291534424,0.0008583068848,0.0002682209015,0.0003755092621,0.000536441803,0.003936767578,0.004241943359
E00161,40.25,21.75,2016-12-28T09:00:00,2016-12-28T10:00:00,2016-12-28T11:00:00,2,6,wet_snow,6,wet_snow,0,2,3.496429443,2.547271729,4.445587158,10.57813549,12.17916679,0.007295608521,0.01459121704,0.01459121704,0.002199411392,0.004291534424,0.004398822784,0.001663208008,0.003326416016
E00734,40.25,22.25,2020-01-06T08:00:00,2020-01-06T09:00:00,2020-01-06T10:00:00,2,6,wet_snow,6,wet_snow,0,2,1.772918701,1.7003479,1.845489502,11.90622759,12.17864323,0,0,0,5.36441803e-05,0.0001072883606,0.0001072883606,0.01448059082,0.01663208008
E01599,40,22.75,2012-02-10T12:00:00,2012-02-10T13:00:00,2012-02-10T14:00:00,2,6,wet_snow,6,wet_snow,0,2,3.162567139,2.95413208,3.371002197,11.89673042,12.03568459,0.5628347397,0.5686283112,1.125669479,0.4164934158,0.4610180855,0.8329868317,0.1901092529,0.2081604004
E01598,40,22.75,2012-02-10T09:00:00,2012-02-10T10:00:00,2012-02-10T11:00:00,2,6,wet_snow,6,wet_snow,0,2,2.944610596,2.799468994,3.089752197,11.96816015,12.03463459,0.6761312485,0.7553100586,1.352262497,0.536441803,0.5440592766,1.072883606,0.1515655518,0.1846313477
E00337,40.25,22,2013-01-07T12:00:00,2013-01-07T13:00:00,2013-01-07T14:00:00,2,6,wet_snow,6,wet_snow,0,2,3.616485596,3.581451416,3.651519775,11.07884026,12.03087521,0.2064228058,0.3553390503,0.4128456116,0.1167297363,0.2141475677,0.2334594727,0.007675170898,0.01370239258
E01697,39.75,21.75,2015-01-06T08:00:00,2015-01-06T09:00:00,2015-01-06T10:00:00,2,6,wet_snow,6,wet_snow,0,2,1.605682373,1.467437744,1.743927002,10.4031601,11.94010067,0.002360343933,0.003433227539,0.004720687866,0.002360343933,0.00364780426,0.004720687866,0.0001373291016,0.0001831054688
E02148,39.75,22.5,2020-01-06T02:00:00,2020-01-06T03:00:00,2020-01-06T04:00:00,2,6,wet_snow,6,wet_snow,0,2,4.816925049,4.663604736,4.970245361,11.37669754,11.91125202,0.003862380981,0.005149841309,0.007724761963,0.002628564835,0.003004074097,0.005257129669,0.0007629394531,0.0007629394531
E01534,40,22.5,2012-02-10T12:00:00,2012-02-10T13:00:00,2012-02-10T14:00:00,2,6,wet_snow,6,wet_snow,0,2,0.1195983887,0.07327270508,0.1659240723,11.59399605,11.79349709,0.6104707718,0.6325721741,1.220941544,0.5712032318,0.6187319756,1.142406464,0.1648864746,0.1841125488
E01237,40,22,2018-02-10T17:00:00,2018-02-10T18:00:00,2018-02-10T19:00:00,2,6,wet_snow,6,wet_snow,0,2,2.365509033,2.313140869,2.417877197,10.33141661,11.76590252,2.913093567,2.970600128,5.826187134,1.810866594,1.849007607,3.621733189,0.2127075195,0.270324707
E00766,40.25,22.5,2017-01-06T16:00:00,2017-01-06T17:00:00,2017-01-06T18:00:00,2,6,wet_snow,6,wet_snow,0,2,-2.17880249,-2.564056396,-1.793548584,11.71532726,11.74853134,0,0,0,0.0001072883606,0.0002145767212,0.0002145767212,0.003662109375,0.004089355469
E00198,40.25,21.75,2017-12-23T08:00:00,2017-12-23T09:00:00,2017-12-23T10:00:00,2,6,wet_snow,6,wet_snow,0,2,2.747772217,2.607818604,2.88772583,10.59725237,11.62055206,0,0,0,0,0,0,0.01281738281,0.01513671875
E00497,40.25,22,2018-02-15T18:00:00,2018-02-15T19:00:00,2018-02-15T20:00:00,2,6,wet_snow,6,wet_snow,0,2,2.613494873,2.482818604,2.744171143,11.15022278,11.48013878,0.2203702927,0.3248691559,0.4407405853,0.1763284206,0.2372145653,0.3526568413,0.01625061035,0.02087402344
E02266,39.5,21.75,2016-12-29T07:00:00,2016-12-29T08:00:00,2016-12-29T09:00:00,2,6,wet_snow,6,wet_snow,0,2,2.143890381,1.491851807,2.795928955,10.89398241,11.40270329,0,0,0,0.0002145767212,0.0003218650818,0.0004291534424,0.01235961914,0.01330566406
E02321,39.5,21.75,2020-01-06T07:00:00,2020-01-06T08:00:00,2020-01-06T09:00:00,2,6,wet_snow,6,wet_snow,0,2,2.691741943,2.050323486,3.3331604,10.54305983,11.34181976,0.003004074097,0.003433227539,0.006008148193,0.00364780426,0.003969669342,0.007295608521,0.008087158203,0.01043701172
E01533,40,22.5,2012-02-10T09:00:00,2012-02-10T10:00:00,2012-02-10T11:00:00,2,6,wet_snow,6,wet_snow,0,2,0.3410949707,0.1061096191,0.5760803223,10.92909765,11.26594353,0.6836414337,0.7355690002,1.367282867,0.6470024586,0.6650805473,1.294004917,0.1327972412,0.1544494629
E01535,40,22.5,2012-02-10T15:00:00,2012-02-10T16:00:00,2012-02-10T17:00:00,2,6,wet_snow,6,wet_snow,0,2,0.617767334,0.5268859863,0.7086486816,10.97452354,11.08645344,0.5892276764,0.5930900574,1.178455353,0.4967987537,0.5005002022,0.9935975075,0.1470947266,0.167755127
E00777,40.25,22.5,2019-01-07T10:00:00,2019-01-07T11:00:00,2019-01-07T12:00:00,2,6,wet_snow,6,wet_snow,0,2,1.170074463,1.130767822,1.209381104,10.86735725,11.0633831,0.02360343933,0.03519058228,0.04720687866,0.002199411392,0.004076957703,0.004398822784,0.003234863281,0.003570556641
E02910,39.25,22,2015-01-06T14:00:00,2015-01-06T15:00:00,2015-01-06T16:00:00,2,6,wet_snow,6,wet_snow,0,2,2.438018799,1.955718994,2.920318604,10.51211691,11.00967503,0.008583068848,0.01544952393,0.0171661377,0.001662969589,0.00182390213,0.003325939178,0.0001068115234,0.0001831054688
E01567,40,22.5,2017-01-06T17:00:00,2017-01-06T18:00:00,2017-01-06T19:00:00,2,6,wet_snow,6,wet_snow,0,2,-2.576385498,-2.942230225,-2.210540771,10.89569569,10.93212318,0.0008583068848,0.00171661377,0.00171661377,0.0008583068848,0.001394748688,0.00171661377,0.01260375977,0.01315307617
E02156,39.75,22.75,2012-02-08T05:00:00,2012-02-08T06:00:00,2012-02-08T07:00:00,2,6,wet_snow,6,wet_snow,0,2,2.591400146,2.552520752,2.630279541,10.77821445,10.90280056,0.2956867218,0.3115653992,0.5913734436,0.2538442612,0.2592086792,0.5076885223,0.1318054199,0.147644043
E03296,39.25,22.75,2015-12-31T02:00:00,2015-12-31T03:00:00,2015-12-31T04:00:00,2,6,wet_snow,6,wet_snow,0,2,3.063079834,2.90725708,3.218902588,10.51065493,10.89751053,0.2411842346,0.2566337585,0.4823684692,0.1711249352,0.185072422,0.3422498703,0.09294128418,0.09420776367
E03155,39.25,22.5,2015-01-06T10:00:00,2015-01-06T11:00:00,2015-01-06T12:00:00,2,6,wet_snow,6,wet_snow,0,2,5.040557861,4.693878174,5.387237549,9.559071064,10.89191532,0.004720687866,0.005578994751,0.009441375732,0.0002682209015,0.000536441803,0.000536441803,0.0003204345703,0.00048828125
E02816,39.25,21.75,2018-02-26T20:00:00,2018-02-26T21:00:00,2018-02-26T22:00:00,2,6,wet_snow,6,wet_snow,0,2,1.203216553,0.8456115723,1.560821533,10.57902813,10.88935947,0.7638931274,0.8664608002,1.527786255,0.6194829941,0.7321357727,1.238965988,0.1316070557,0.1459960938
E00661,40.25,22.25,2017-01-16T20:00:00,2017-01-16T21:00:00,2017-01-16T22:00:00,2,6,wet_snow,6,wet_snow,0,2,0.4346008301,0.3941955566,0.4750061035,10.68385315,10.88692188,0.9977817535,1.034259796,1.995563507,0.9923100471,1.02878809,1.984620094,0.09757995605,0.1091918945
E02149,39.75,22.5,2020-01-06T06:00:00,2020-01-06T07:00:00,2020-01-06T08:00:00,2,6,wet_snow,6,wet_snow,0,2,3.745452881,3.506988525,3.983917236,10.10922909,10.85465145,0.00171661377,0.003433227539,0.003433227539,0.001502037048,0.002896785736,0.003004074097,0.003219604492,0.003723144531
E02494,39.5,22.5,2012-02-07T17:00:00,2012-02-07T18:00:00,2012-02-07T19:00:00,2,6,wet_snow,6,wet_snow,0,2,3.068267822,2.975738525,3.160797119,10.3261137,10.70397091,1.197338104,1.229953766,2.394676208,0.96398592,1.009905338,1.92797184,0.2318878174,0.2329711914
E01541,40,22.5,2015-01-01T07:00:00,2015-01-01T08:00:00,2015-01-01T09:00:00,2,6,wet_snow,6,wet_snow,0,2,-1.46206665,-2.340301514,-0.5838317871,10.62796736,10.67018509,0.00364780426,0.004720687866,0.007295608521,0.00351369381,0.004720687866,0.007027387619,0.06823730469,0.08554077148
E01056,40,22,2012-01-09T13:00:00,2012-01-09T14:00:00,2012-01-09T15:00:00,2,6,wet_snow,6,wet_snow,0,2,3.502471924,3.274078369,3.730865479,10.25968456,10.64382744,0.01673698425,0.022315979,0.03347396851,0.006517767906,0.009387731552,0.01303553581,0.0006713867188,0.001281738281
E00875,40,21.75,2013-01-07T15:00:00,2013-01-07T16:00:00,2013-01-07T17:00:00,2,6,wet_snow,6,wet_snow,0,2,3.552764893,3.436187744,3.669342041,10.41482258,10.64377689,0,0,0,0.0001609325409,0.0002145767212,0.0003218650818,0.0100402832,0.01641845703
E00830,40,21.75,2012-01-11T08:00:00,2012-01-11T09:00:00,2012-01-11T10:00:00,2,6,wet_snow,6,wet_snow,0,2,2.728057861,2.557891846,2.898223877,9.671936989,10.61429691,0,0,0,5.36441803e-05,0.0001072883606,0.0001072883606,0.002731323242,0.003021240234
E01843,39.75,22,2015-01-06T13:00:00,2015-01-06T14:00:00,2015-01-06T15:00:00,2,6,wet_snow,6,wet_snow,0,2,3.659515381,3.139068604,4.179962158,10.36157894,10.58262348,0.003433227539,0.005149841309,0.006866455078,0.001502037048,0.00171661377,0.003004074097,0.0002136230469,0.0003967285156
E02836,39.25,21.75,2019-01-01T13:00:00,2019-01-01T14:00:00,2019-01-01T15:00:00,2,6,wet_snow,6,wet_snow,0,2,2.373382568,2.300689697,2.446075439,10.08833742,10.5810318,0.2025604248,0.2695083618,0.4051208496,0.1660823822,0.2109289169,0.3321647644,0.04028320312,0.05801391602
E01273,40,22,2019-12-30T13:00:00,2019-12-30T14:00:00,2019-12-30T15:00:00,2,6,wet_snow,6,wet_snow,0,2,1.778289795,1.774688721,1.781890869,10.29229689,10.4957304,0.02317428589,0.04119873047,0.04634857178,0.02188682556,0.03926753998,0.04377365112,0.01512145996,0.02072143555
E01010,40,21.75,2018-12-25T07:00:00,2018-12-25T08:00:00,2018-12-25T09:00:00,2,6,wet_snow,6,wet_snow,0,2,3.27243042,3.017242432,3.527618408,9.826298714,10.43030739,0.005149841309,0.008583068848,0.01029968262,0.00179708004,0.001931190491,0.00359416008,0.02545166016,0.03366088867
E00341,40.25,22,2013-01-17T01:00:00,2013-01-17T02:00:00,2013-01-17T03:00:00,2,3,freezing_rain,3,freezing_rain,2,0,1.305938721,1.072662354,1.539215088,10.27217054,10.27310467,0.0006437301636,0.0008583068848,0.001287460327,8.046627045e-05,0.0001609325409,0.0001609325409,0.006973266602,0.007232666016
E01021,40,21.75,2019-01-15T02:00:00,2019-01-15T03:00:00,2019-01-15T04:00:00,2,6,wet_snow,6,wet_snow,0,2,0.7156066895,0.2557678223,1.175445557,9.807221889,10.25020218,0.02167224884,0.03304481506,0.04334449768,0.01727342606,0.02601742744,0.03454685211,0.0002593994141,0.00048828125
E01070,40,22,2012-02-06T10:00:00,2012-02-06T11:00:00,2012-02-06T12:00:00,2,6,wet_snow,6,wet_snow,0,2,1.802947998,1.504302979,2.101593018,9.498247147,10.22694683,1.855659485,2.578783035,3.71131897,1.308488846,2.100223303,2.616977692,0.03434753418,0.05618286133
E01382,40,22.25,2014-12-28T13:00:00,2014-12-28T14:00:00,2014-12-28T15:00:00,2,6,wet_snow,6,wet_snow,0,2,2.952056885,2.729644775,3.174468994,10.20587111,10.22692013,0.4083395004,0.5308628082,0.8166790009,0.2720296383,0.3578066826,0.5440592766,0.07685852051,0.08218383789
E00536,40.25,22,2019-12-30T13:00:00,2019-12-30T14:00:00,2019-12-30T15:00:00,2,6,wet_snow,6,wet_snow,0,2,1.564422607,1.453765869,1.675079346,10.14044142,10.18030071,0.009870529175,0.01630783081,0.01974105835,0.0100851059,0.01673698425,0.02017021179,0.06028747559,0.06161499023
E01676,39.75,21.75,2012-12-09T20:00:00,2012-12-09T21:00:00,2012-12-09T22:00:00,2,6,wet_snow,6,wet_snow,0,2,1.099517822,0.6678771973,1.531158447,10.06552219,10.13087082,0.02038478851,0.03476142883,0.04076957703,0.001072883606,0.00177025795,0.002145767212,0.007843017578,0.009429931641
E02177,39.75,22.75,2015-12-31T07:00:00,2015-12-31T08:00:00,2015-12-31T09:00:00,2,6,wet_snow,6,wet_snow,0,2,2.385040283,2.306304932,2.463775635,10.02476215,10.0948658,0.3866672516,0.3879547119,0.7733345032,0.3685355186,0.3737926483,0.7370710373,0.1020202637,0.1026611328
E00305,40.25,22,2012-02-04T21:00:00,2012-02-04T22:00:00,2012-02-04T23:00:00,2,3,freezing_rain,3,freezing_rain,2,0,0.8479309082,0.3917541504,1.304107666,8.242853165,10.01690769,0.5544662476,0.5544662476,1.108932495,0,0,0,0.1054534912,0.1106567383
E01621,40,22.75,2015-12-31T14:00:00,2015-12-31T15:00:00,2015-12-31T16:00:00,2,6,wet_snow,6,wet_snow,0,2,2.643707275,2.445709229,2.841705322,9.562766075,9.988667488,0.06437301636,0.09269714355,0.1287460327,0.00901222229,0.01426935196,0.01802444458,0.001220703125,0.001403808594
E00936,40,21.75,2016-01-17T14:00:00,2016-01-17T15:00:00,2016-01-17T16:00:00,2,6,wet_snow,6,wet_snow,0,2,1.292205811,1.248199463,1.336212158,9.607581615,9.987183571,0.2622127533,0.2815246582,0.5244255066,0.1718223095,0.1756846905,0.343644619,0.01029968262,0.01309204102
E02672,39.25,21.75,2012-02-15T15:00:00,2012-02-15T16:00:00,2012-02-15T17:00:00,2,6,wet_snow,6,wet_snow,0,2,2.209381104,1.897613525,2.521148682,9.758432865,9.920497894,0.05106925964,0.06952285767,0.1021385193,0.04691183567,0.06136894226,0.09382367134,0.005401611328,0.008056640625
E02074,39.75,22.5,2012-02-10T22:00:00,2012-02-10T23:00:00,2012-02-11T00:00:00,2,6,wet_snow,6,wet_snow,0,2,3.330718994,3.312408447,3.349029541,9.359285831,9.912955284,0.6027460098,0.6737709045,1.20549202,0.4868209362,0.5619764328,0.9736418724,0.2272796631,0.2400512695
E01692,39.75,21.75,2014-12-27T05:00:00,2014-12-27T06:00:00,2014-12-27T07:00:00,2,6,wet_snow,6,wet_snow,0,2,2.722198486,2.577545166,2.866851807,9.859510899,9.878115654,0.009655952454,0.01502037048,0.01931190491,0.004559755325,0.007724761963,0.009119510651,0.01658630371,0.01892089844
E01695,39.75,21.75,2014-12-29T17:00:00,2014-12-29T18:00:00,2014-12-29T19:00:00,2,6,wet_snow,6,wet_snow,0,2,1.212310791,0.9366760254,1.487945557,9.561018467,9.855270386,0.003004074097,0.003433227539,0.006008148193,0.002628564835,0.003004074097,0.005257129669,0.04472351074,0.05340576172
E01542,40,22.5,2015-01-06T05:00:00,2015-01-06T06:00:00,2015-01-06T07:00:00,2,6,wet_snow,6,wet_snow,0,2,-0.2144470215,-0.3257751465,-0.1031188965,9.5988307,9.834596634,0.03175735474,0.06136894226,0.06351470947,0.03165006638,0.06136894226,0.06330013275,0.001068115234,0.001647949219
E00792,40.25,22.75,2012-02-10T04:00:00,2012-02-10T05:00:00,2012-02-10T06:00:00,2,6,wet_snow,6,wet_snow,0,2,2.404205322,2.270904541,2.537506104,9.741322994,9.798229218,0.5188465118,0.5647659302,1.037693024,0.4291534424,0.4454612732,0.8583068848,0.1607971191,0.1754760742
E01358,40,22.25,2013-12-07T06:00:00,2013-12-07T07:00:00,2013-12-07T08:00:00,2,6,wet_snow,6,wet_snow,0,2,2.175689697,1.816070557,2.535308838,9.013598919,9.790521622,0.06029605865,0.1145839691,0.1205921173,0.01056790352,0.02070665359,0.02113580704,0.1007537842,0.1106872559
E03276,39.25,22.75,2015-01-07T09:00:00,2015-01-07T10:00:00,2015-01-07T11:00:00,2,6,wet_snow,6,wet_snow,0,2,3.855377197,3.390533447,4.320220947,9.127793789,9.679971695,0,0,0,5.36441803e-05,0.0001072883606,0.0001072883606,0.0009613037109,0.001556396484
E02079,39.75,22.5,2012-02-28T13:00:00,2012-02-28T14:00:00,2012-02-28T15:00:00,2,6,wet_snow,6,wet_snow,0,2,5.317657471,5.277740479,5.357574463,9.461453915,9.66115284,0,0,0,0.0001072883606,0.0002145767212,0.0002145767212,0.01240539551,0.02014160156
E02212,39.5,21.75,2012-01-30T10:00:00,2012-01-30T11:00:00,2012-01-30T12:00:00,2,6,wet_snow,6,wet_snow,0,2,1.161346436,1.143585205,1.179107666,9.120843887,9.660758018,0.1356124878,0.1819610596,0.2712249756,0.1358807087,0.1824438572,0.2717614174,0.05200195312,0.05252075195
E00114,40.25,21.75,2015-01-04T19:00:00,2015-01-04T20:00:00,2015-01-04T21:00:00,2,6,wet_snow,6,wet_snow,0,2,4.140655518,3.335601807,4.945709229,9.461822033,9.526540756,0.0002145767212,0.0004291534424,0.0004291534424,0.0002145767212,0.0003218650818,0.0004291534424,0.07290649414,0.07662963867
E01445,40,22.25,2017-12-23T08:00:00,2017-12-23T09:00:00,2017-12-23T10:00:00,2,6,wet_snow,6,wet_snow,0,2,3.201873779,2.932037354,3.471710205,9.156578541,9.499946594,0,0,0,0,0,0,0.01972961426,0.02359008789
E01733,39.75,21.75,2017-01-06T01:00:00,2017-01-06T02:00:00,2017-01-06T03:00:00,2,6,wet_snow,6,wet_snow,0,2,2.397125244,1.751617432,3.042633057,9.221722603,9.493174553,0.182390213,0.2909660339,0.364780426,0.08717179298,0.1071810722,0.174343586,0.001678466797,0.003082275391
E01337,40,22.25,2013-01-07T11:00:00,2013-01-07T12:00:00,2013-01-07T13:00:00,2,6,wet_snow,6,wet_snow,0,2,4.843109131,4.804229736,4.881988525,9.461829662,9.468955994,0.06222724915,0.07038116455,0.1244544983,0.01614689827,0.0217795372,0.03229379654,0.004531860352,0.006103515625
E01792,39.75,21.75,2019-12-29T11:00:00,2019-12-29T12:00:00,2019-12-29T13:00:00,2,6,wet_snow,6,wet_snow,0,2,5.475311279,5.3331604,5.617462158,8.507719517,9.402037621,0.0004291534424,0.0008583068848,0.0008583068848,0.0004291534424,0.000536441803,0.0008583068848,0.005126953125,0.005523681641
E03035,39.25,22.25,2015-01-06T14:00:00,2015-01-06T15:00:00,2015-01-06T16:00:00,2,6,wet_snow,6,wet_snow,0,2,3.522979736,3.016265869,4.029693604,8.944734097,9.361237526,0.05021095276,0.07724761963,0.1004219055,0.02333521843,0.04173517227,0.04667043686,0.0005340576172,0.0008239746094
E02763,39.25,21.75,2017-01-06T12:00:00,2017-01-06T13:00:00,2017-01-06T14:00:00,2,6,wet_snow,6,wet_snow,0,2,3.685089111,3.252593994,4.117584229,9.221781254,9.356156349,0.5922317505,0.6098270416,1.184463501,0.4444688559,0.5638539791,0.8889377117,0.0518951416,0.06042480469
E00217,40.25,21.75,2018-02-15T07:00:00,2018-02-15T08:00:00,2018-02-15T09:00:00,2,6,wet_snow,6,wet_snow,0,2,2.371246338,1.865509033,2.876983643,8.744173527,9.302841187,0.1527786255,0.1776695251,0.305557251,0.1520812511,0.1762747765,0.3041625023,0.0166015625,0.01934814453
E00146,40.25,21.75,2016-01-25T10:00:00,2016-01-25T11:00:00,2016-01-25T12:00:00,2,6,wet_snow,6,wet_snow,0,2,5.068572998,4.772979736,5.36416626,8.85983181,9.291630745,0.001931190491,0.002574920654,0.003862380981,0.002145767212,0.003004074097,0.004291534424,0.006484985352,0.007629394531
E01383,40,22.25,2014-12-29T13:00:00,2014-12-29T14:00:00,2014-12-29T15:00:00,2,6,wet_snow,6,wet_snow,0,2,2.952178955,2.16519165,3.73916626,9.201404095,9.266804695,0.06136894226,0.1090049744,0.1227378845,0.05487799644,0.09967088699,0.1097559929,0.00666809082,0.01040649414
E02800,39.25,21.75,2017-12-23T12:00:00,2017-12-23T13:00:00,2017-12-23T14:00:00,2,6,wet_snow,6,wet_snow,0,2,3.441986084,3.309844971,3.574127197,9.013401508,9.258076668,0,0,0,0,0,0,0.002471923828,0.003631591797
E01566,40,22.5,2016-12-31T07:00:00,2016-12-31T08:00:00,2016-12-31T09:00:00,2,6,wet_snow,6,wet_snow,0,2,0.351348877,-0.3057556152,1.008453369,9.108522892,9.234358788,0.00901222229,0.01630783081,0.01802444458,0.009468197823,0.01636147499,0.01893639565,0.05612182617,0.06088256836
E01971,39.75,22.25,2015-01-06T13:00:00,2015-01-06T14:00:00,2015-01-06T15:00:00,2,6,wet_snow,6,wet_snow,0,2,3.933929443,3.459381104,4.408477783,8.823493004,9.229107857,0.02746582031,0.04463195801,0.05493164062,0.007832050323,0.01147985458,0.01566410065,0.0003662109375,0.0006103515625
E00537,40.25,22,2020-01-01T08:00:00,2020-01-01T09:00:00,2020-01-01T10:00:00,2,6,wet_snow,6,wet_snow,0,2,3.963592529,3.87588501,4.051300049,8.846681595,9.215530396,0,0,0,0,0,0,0.0104675293,0.01089477539
E01497,40,22.25,2019-02-15T16:00:00,2019-02-15T17:00:00,2019-02-15T18:00:00,2,6,wet_snow,6,wet_snow,0,2,2.678131104,2.108428955,3.247833252,8.124979973,9.199912071,0.08969306946,0.1450538635,0.1793861389,0.07185637951,0.1147985458,0.143712759,0.004272460938,0.005065917969
E00863,40,21.75,2012-12-20T08:00:00,2012-12-20T09:00:00,2012-12-20T10:00:00,2,6,wet_snow,6,wet_snow,0,2,2.818695068,2.435943604,3.201446533,8.841500759,9.192846298,0.0002145767212,0.0004291534424,0.0004291534424,0.0003218650818,0.0003218650818,0.0006437301636,0.01428222656,0.01965332031
E00513,40.25,22,2018-12-25T09:00:00,2018-12-25T10:00:00,2018-12-25T11:00:00,2,6,wet_snow,6,wet_snow,0,2,2.496368408,2.076812744,2.915924072,8.794960499,9.173196793,0.0008583068848,0.0008583068848,0.00171661377,0.0007510185242,0.0009119510651,0.001502037048,0.002700805664,0.003112792969
E00701,40.25,22.25,2018-02-28T03:00:00,2018-02-28T04:00:00,2018-02-28T05:00:00,2,3,freezing_rain,3,freezing_rain,2,0,0.5190124512,0.4562072754,0.581817627,8.726492882,9.139100075,0.009870529175,0.01544952393,0.01974105835,0.004613399506,0.006490945816,0.009226799011,0.003265380859,0.005554199219
E02838,39.25,21.75,2019-01-11T02:00:00,2019-01-11T03:00:00,2019-01-11T04:00:00,2,3,freezing_rain,3,freezing_rain,2,0,0.8070373535,0.7372131348,0.8768615723,9.027825356,9.123100281,0.02360343933,0.02403259277,0.04720687866,0,0,0,0.0048828125,0.005279541016
E01441,40,22.25,2017-12-05T12:00:00,2017-12-05T13:00:00,2017-12-05T14:00:00,2,6,wet_snow,6,wet_snow,0,2,6.493682861,6.445465088,6.541900635,8.855302334,9.084651947,0.007724761963,0.01029968262,0.01544952393,5.36441803e-05,0.0001072883606,0.0001072883606,0.004440307617,0.005706787109
E00214,40.25,21.75,2018-02-11T02:00:00,2018-02-11T03:00:00,2018-02-11T04:00:00,2,6,wet_snow,6,wet_snow,0,2,1.691070557,1.648345947,1.733795166,8.653440952,9.064866066,0.7078886032,0.7192611694,1.415777206,0.5698084831,0.5821466446,1.139616966,0.05529785156,0.05847167969
E01741,39.75,21.75,2017-01-16T20:00:00,2017-01-16T21:00:00,2017-01-16T22:00:00,2,6,wet_snow,6,wet_snow,0,2,0.7471008301,0.6097717285,0.8844299316,8.640884399,9.046214104,1.340246201,1.481437683,2.680492401,1.233923435,1.373076439,2.46784687,0.1430053711,0.1665649414
E00751,40.25,22.5,2014-01-26T21:00:00,2014-01-26T22:00:00,2014-01-26T23:00:00,2,6,wet_snow,6,wet_snow,0,2,0.9977111816,0.8522033691,1.143218994,9.01050663,9.037106514,0.2965450287,0.3759384155,0.5930900574,0.2678990364,0.3381729126,0.5357980728,0.02224731445,0.02288818359
E02846,39.25,21.75,2019-02-15T07:00:00,2019-02-15T08:00:00,2019-02-15T09:00:00,2,6,wet_snow,6,wet_snow,0,2,2.847198486,1.679351807,4.015045166,8.209458828,9.023198128,0.0004291534424,0.0008583068848,0.0008583068848,0.0002145767212,0.0004291534424,0.0004291534424,0.001174926758,0.001800537109
E01058,40,22,2012-01-11T10:00:00,2012-01-11T11:00:00,2012-01-11T12:00:00,2,6,wet_snow,6,wet_snow,0,2,3.425994873,3.420074463,3.431915283,8.811821938,8.999958038,0.001072883606,0.002145767212,0.002145767212,0.001394748688,0.002467632294,0.002789497375,0.001998901367,0.002288818359
E03334,39.25,22.75,2019-02-25T06:00:00,2019-02-25T07:00:00,2019-02-25T08:00:00,2,6,wet_snow,6,wet_snow,0,2,2.674468994,2.629547119,2.719390869,8.536571503,8.993703842,0.1557826996,0.171661377,0.3115653992,0.0966668129,0.1303553581,0.1933336258,0.1910858154,0.2165527344
E00935,40,21.75,2016-01-17T09:00:00,2016-01-17T10:00:00,2016-01-17T11:00:00,2,6,wet_snow,6,wet_snow,0,2,1.774627686,1.423248291,2.12600708,8.655660629,8.884169579,0.1296043396,0.1789569855,0.2592086792,0.1053035259,0.1495063305,0.2106070518,0.00260925293,0.004608154297
E01409,40,22.25,2016-02-05T04:00:00,2016-02-05T05:00:00,2016-02-05T06:00:00,2,6,wet_snow,6,wet_snow,0,2,2.114959717,2.111724854,2.11819458,8.576617241,8.801914215,0.002145767212,0.004291534424,0.004291534424,0.002199411392,0.003862380981,0.004398822784,0.002944946289,0.003570556641
E00390,40.25,22,2014-12-29T04:00:00,2014-12-29T05:00:00,2014-12-29T06:00:00,2,6,wet_snow,6,wet_snow,0,2,2.108917236,1.927276611,2.290557861,8.535711288,8.761641502,1.323080063,2.056503296,2.646160126,0.9629666805,1.421678066,1.925933361,0.09561157227,0.1747436523
E01389,40,22.25,2015-02-02T20:00:00,2015-02-02T21:00:00,2015-02-02T22:00:00,2,6,wet_snow,6,wet_snow,0,2,2.119171143,1.750152588,2.488189697,8.612675667,8.690513611,0.0004291534424,0.0008583068848,0.0008583068848,0.0002682209015,0.000536441803,0.000536441803,0.0005035400391,0.0008544921875
E00688,40.25,22.25,2017-12-23T07:00:00,2017-12-23T08:00:00,2017-12-23T09:00:00,2,6,wet_snow,6,wet_snow,0,2,2.1378479,0.5799865723,3.695709229,8.634377956,8.674050331,0,0,0,0,0,0,0.02960205078,0.03948974609
E00803,40.25,22.75,2015-12-31T12:00:00,2015-12-31T13:00:00,2015-12-31T14:00:00,2,6,wet_snow,6,wet_snow,0,2,3.285186768,3.100372314,3.470001221,8.357950687,8.579408646,0.07982254028,0.09956359863,0.1596450806,0.02564191818,0.03669261932,0.05128383636,0.002639770508,0.003631591797
E02759,39.25,21.75,2016-12-28T07:00:00,2016-12-28T08:00:00,2016-12-28T09:00:00,2,6,wet_snow,6,wet_snow,0,2,2.85836792,1.953765869,3.762969971,8.089968681,8.567170143,0.0182390213,0.03132820129,0.0364780426,0.01791715622,0.03132820129,0.03583431244,0.0001068115234,0.0002136230469
E01778,39.75,21.75,2019-01-07T13:00:00,2019-01-07T14:00:00,2019-01-07T15:00:00,2,6,wet_snow,6,wet_snow,0,2,1.375152588,0.6148986816,2.135406494,8.135746956,8.523301125,0.02660751343,0.03733634949,0.05321502686,0.02320110798,0.03100633621,0.04640221596,0.0007781982422,0.0007934570312
E01448,40,22.25,2018-01-13T19:00:00,2018-01-13T20:00:00,2018-01-13T21:00:00,2,6,wet_snow,6,wet_snow,0,2,2.833282471,2.631256104,3.035308838,8.070383072,8.515019417,0.5435228348,0.5840778351,1.08704567,0.4701912403,0.5039334297,0.9403824806,0.08238220215,0.08352661133
E01215,40,22,2017-12-05T12:00:00,2017-12-05T13:00:00,2017-12-05T14:00:00,2,6,wet_snow,6,wet_snow,0,2,6.513214111,6.488433838,6.537994385,8.370927334,8.47234726,0.007724761963,0.01029968262,0.01544952393,8.046627045e-05,0.0001609325409,0.0001609325409,0.003845214844,0.003967285156
E00760,40.25,22.5,2015-12-31T12:00:00,2015-12-31T13:00:00,2015-12-31T14:00:00,2,6,wet_snow,6,wet_snow,0,2,1.201202393,1.115997314,1.286407471,8.242716312,8.452455521,0.08797645569,0.09098052979,0.1759529114,0.07644295692,0.08518695831,0.1528859138,0.005249023438,0.007720947266
E02225,39.5,21.75,2012-12-09T22:00:00,2012-12-09T23:00:00,2012-12-10T00:00:00,2,6,wet_snow,6,wet_snow,0,2,1.279937744,0.903717041,1.656158447,8.42565012,8.44603157,0.003004074097,0.006008148193,0.006008148193,0.0003486871719,0.0004827976227,0.0006973743439,0.04806518555,0.05380249023
E02743,39.25,21.75,2015-12-17T05:00:00,2015-12-17T06:00:00,2015-12-17T07:00:00,2,6,wet_snow,6,wet_snow,0,2,3.337982178,3.281158447,3.394805908,8.397007942,8.41890049,0.3905296326,0.394821167,0.7810592651,0.3119945526,0.3307163715,0.6239891052,0.1603851318,0.163848877
E02644,39.5,22.75,2019-01-05T13:00:00,2019-01-05T14:00:00,2019-01-05T15:00:00,2,6,wet_snow,6,wet_snow,0,2,1.166595459,0.8869934082,1.44619751,8.171286106,8.409472466,0.07123947144,0.09870529175,0.1424789429,0.05131065845,0.07435083389,0.1026213169,0.0160369873,0.01928710938
E00523,40.25,22,2019-01-31T07:00:00,2019-01-31T08:00:00,2019-01-31T09:00:00,2,6,wet_snow,6,wet_snow,0,2,1.834747314,1.516265869,2.15322876,7.876167774,8.364974976,0.9325504303,0.953578949,1.865100861,0.7377952337,0.7811665535,1.475590467,0.0867767334,0.09841918945
E00392,40.25,22,2015-01-03T07:00:00,2015-01-03T08:00:00,2015-01-03T09:00:00,2,3,freezing_rain,3,freezing_rain,2,0,-2.9168396,-2.992279053,-2.841400146,8.098179817,8.351483345,0.02789497375,0.05321502686,0.05578994751,0,0,0,0.003860473633,0.004302978516
E02909,39.25,22,2015-01-06T08:00:00,2015-01-06T09:00:00,2015-01-06T10:00:00,2,6,wet_snow,6,wet_snow,0,2,1.761932373,1.445953369,2.077911377,7.130210876,8.35025692,0.05428791046,0.1051425934,0.1085758209,0.0541806221,0.1051425934,0.1083612442,0.001571655273,0.002258300781
E01808,39.75,22,2012-01-26T17:00:00,2012-01-26T18:00:00,2012-01-26T19:00:00,2,6,wet_snow,6,wet_snow,0,2,3.545318604,3.216705322,3.873931885,8.277252674,8.291521072,0.0004291534424,0.0008583068848,0.0008583068848,0.0004291534424,0.0006973743439,0.0008583068848,0.0106048584,0.02035522461
E01539,40,22.5,2012-02-29T02:00:00,2012-02-29T03:00:00,2012-02-29T04:00:00,2,6,wet_snow,6,wet_snow,0,2,-1.718231201,-2.271087646,-1.165374756,8.230775833,8.250605583,0.01072883606,0.01759529114,0.02145767212,0.0106215477,0.01748800278,0.0212430954,0.0241394043,0.03262329102
E02412,39.5,22.25,2012-02-09T12:00:00,2012-02-09T13:00:00,2012-02-09T14:00:00,2,6,wet_snow,6,wet_snow,0,2,4.1378479,4.064361572,4.211334229,8.173962116,8.239789963,0.06737709045,0.07038116455,0.1347541809,0.04693865776,0.04693865776,0.09387731552,0.03823852539,0.03961181641
E01556,40,22.5,2015-12-31T14:00:00,2015-12-31T15:00:00,2015-12-31T16:00:00,2,6,wet_snow,6,wet_snow,0,2,-0.5496520996,-0.8067321777,-0.2925720215,8.171652794,8.235497475,0.2102851868,0.2300262451,0.4205703735,0.19338727,0.1960158348,0.3867745399,0.003631591797,0.005432128906
E02843,39.25,21.75,2019-02-12T22:00:00,2019-02-12T23:00:00,2019-02-13T00:00:00,2,6,wet_snow,6,wet_snow,0,2,1.912811279,1.744415283,2.081207275,7.893921852,8.220799446,0.1491308212,0.2343177795,0.2982616425,0.117212534,0.1848578453,0.2344250679,0.02180480957,0.02560424805
E00831,40,21.75,2012-01-12T08:00:00,2012-01-12T09:00:00,2012-01-12T10:00:00,2,6,wet_snow,6,wet_snow,0,2,2.461700439,1.972198486,2.951202393,7.834738255,8.217582703,0,0,0,0,0,0,0.01071166992,0.01284790039
E02985,39.25,22,2019-12-29T09:00:00,2019-12-29T10:00:00,2019-12-29T11:00:00,2,6,wet_snow,6,wet_snow,0,2,3.486236572,2.93081665,4.041656494,8.065058708,8.214168549,0,0,0,8.046627045e-05,0.0001609325409,0.0001609325409,0.01661682129,0.01666259766
E02898,39.25,22,2012-02-29T07:00:00,2012-02-29T08:00:00,2012-02-29T09:00:00,2,6,wet_snow,6,wet_snow,0,2,0.5085144043,-1.422210693,2.439239502,8.17222929,8.203467369,0.003218650818,0.005578994751,0.006437301636,0.003272294998,0.005578994751,0.006544589996,0.04418945312,0.06536865234
E00383,40.25,22,2014-02-03T08:00:00,2014-02-03T09:00:00,2014-02-03T10:00:00,2,6,wet_snow,6,wet_snow,0,2,2.906402588,2.599517822,3.213287354,7.87029314,8.18944931,0.001287460327,0.00171661377,0.002574920654,0.00174343586,0.001984834671,0.003486871719,0.0615234375,0.06695556641
E02762,39.25,21.75,2016-12-31T12:00:00,2016-12-31T13:00:00,2016-12-31T14:00:00,2,6,wet_snow,6,wet_snow,0,2,1.550750732,1.440338135,1.66116333,8.151076317,8.187257767,0,0,0,0.0001072883606,0.0001072883606,0.0002145767212,0.0001373291016,0.0002136230469
E01267,40,22,2019-02-23T04:00:00,2019-02-23T05:00:00,2019-02-23T06:00:00,2,6,wet_snow,6,wet_snow,0,2,2.479949951,1.867340088,3.092559814,7.217494488,8.183282852,0.8239746094,0.9793281555,1.647949219,0.5498528481,0.701880455,1.099705696,0.1004638672,0.1123352051
E00555,40.25,22,2020-02-20T20:00:00,2020-02-20T21:00:00,2020-02-20T22:00:00,2,6,wet_snow,6,wet_snow,0,2,1.895721436,1.837310791,1.95413208,7.686653137,8.109079361,0.09999275208,0.1424789429,0.1999855042,0.0756919384,0.1081466675,0.1513838768,0.003753662109,0.005401611328
E00008,40.25,21.75,2012-01-12T09:00:00,2012-01-12T10:00:00,2012-01-12T11:00:00,2,6,wet_snow,6,wet_snow,0,2,3.303375244,2.105499268,4.501251221,7.844677448,8.103608131,0,0,0,0,0,0,0.006546020508,0.008087158203
E00599,40.25,22.25,2013-01-07T07:00:00,2013-01-07T08:00:00,2013-01-07T09:00:00,2,6,wet_snow,6,wet_snow,0,2,0.6061706543,-1.200775146,2.413116455,7.979035854,8.016602516,0,0,0,0.0001609325409,0.0002145767212,0.0003218650818,0.007766723633,0.01086425781
E02897,39.25,22,2012-02-27T22:00:00,2012-02-27T23:00:00,2012-02-28T00:00:00,2,6,wet_snow,6,wet_snow,0,2,1.10647583,0.5514221191,1.661529541,7.670944214,7.991026878,0.1465559006,0.2562046051,0.2931118011,0.1169711351,0.1974642277,0.2339422703,0.02764892578,0.03280639648
E01132,40,22,2014-01-25T23:00:00,2014-01-26T00:00:00,2014-01-26T01:00:00,2,6,wet_snow,6,wet_snow,0,2,2.473175049,2.22744751,2.718902588,7.364402294,7.954421043,0.6527423859,0.6729125977,1.305484772,0.4689574242,0.5677700043,0.9379148483,0.1094970703,0.1144714355
E02698,39.25,21.75,2013-02-11T07:00:00,2013-02-11T08:00:00,2013-02-11T09:00:00,2,6,wet_snow,6,wet_snow,0,2,2.9793396,1.481231689,4.47744751,7.774282932,7.950757027,0,0,0,8.046627045e-05,0.0001072883606,0.0001609325409,0.0005493164062,0.000732421875
E01515,40,22.25,2020-02-28T06:00:00,2020-02-28T07:00:00,2020-02-28T08:00:00,2,6,wet_snow,6,wet_snow,0,2,1.547027588,1.339996338,1.754058838,7.652703762,7.921879768,0.01587867737,0.03175735474,0.03175735474,0.01585185528,0.0315964222,0.03170371056,0.07777404785,0.09527587891
E01040,40,21.75,2020-01-05T05:00:00,2020-01-05T06:00:00,2020-01-05T07:00:00,2,6,wet_snow,6,wet_snow,0,2,2.703521729,2.673248291,2.733795166,7.419194698,7.888320923,0.003862380981,0.007724761963,0.007724761963,0.003701448441,0.007349252701,0.007402896881,0.001510620117,0.001678466797
E00559,40.25,22,2020-02-28T06:00:00,2020-02-28T07:00:00,2020-02-28T08:00:00,2,6,wet_snow,6,wet_snow,0,2,1.117340088,0.9083557129,1.326324463,7.549676418,7.864262581,0.006866455078,0.01373291016,0.01373291016,0.00713467598,0.0141620636,0.01426935196,0.02795410156,0.03024291992
E01288,40,22,2020-02-20T21:00:00,2020-02-20T22:00:00,2020-02-20T23:00:00,2,6,wet_snow,6,wet_snow,0,2,2.369415283,1.995269775,2.743560791,7.534347534,7.859930038,0.2107143402,0.2360343933,0.4214286804,0.1305699348,0.1740217209,0.2611398697,0.01832580566,0.02398681641
E03290,39.25,22.75,2015-02-17T18:00:00,2015-02-17T19:00:00,2015-02-17T20:00:00,2,6,wet_snow,6,wet_snow,0,2,4.063140869,3.966949463,4.159332275,7.021181583,7.787409782,0.1914024353,0.238609314,0.3828048706,0.1486480236,0.1911878586,0.2972960472,0.1321868896,0.1405944824
E01222,40,22,2018-01-04T03:00:00,2018-01-04T04:00:00,2018-01-04T05:00:00,2,6,wet_snow,6,wet_snow,0,2,2.182037354,2.087310791,2.276763916,7.212094784,7.769359589,0.8583068848,1.117515564,1.71661377,0.6056964397,0.8180737495,1.211392879,0.2353820801,0.2709960938
E02674,39.25,21.75,2012-02-16T14:00:00,2012-02-16T15:00:00,2012-02-16T16:00:00,2,6,wet_snow,6,wet_snow,0,2,1.650665283,1.311187744,1.990142822,6.952341557,7.750074387,0.3081321716,0.3785133362,0.6162643433,0.2164274454,0.2792179585,0.4328548908,0.07823181152,0.1044921875
E02080,39.75,22.5,2012-02-29T06:00:00,2012-02-29T07:00:00,2012-02-29T08:00:00,2,6,wet_snow,6,wet_snow,0,2,0.09036254883,-0.176361084,0.3570861816,7.016213417,7.735717773,0.02360343933,0.02403259277,0.04720687866,0.02424716949,0.02446174622,0.04849433899,0.01724243164,0.0192565918
E01262,40,22,2019-01-31T06:00:00,2019-01-31T07:00:00,2019-01-31T08:00:00,2,6,wet_snow,6,wet_snow,0,2,1.667266846,1.647125244,1.687408447,6.863776207,7.721344948,1.072454453,1.304626465,2.144908905,0.7397532463,1.071971655,1.479506493,0.05033874512,0.07827758789
E00859,40,21.75,2012-12-11T07:00:00,2012-12-11T08:00:00,2012-12-11T09:00:00,2,6,wet_snow,6,wet_snow,0,2,0.2345275879,-0.3641052246,0.8331604004,7.629802227,7.697720528,1.349043846,1.366853714,2.698087692,1.316696405,1.321041584,2.633392811,0.04943847656,0.06378173828
E02671,39.25,21.75,2012-02-15T09:00:00,2012-02-15T10:00:00,2012-02-15T11:00:00,2,6,wet_snow,6,wet_snow,0,2,1.651947021,0.8354797363,2.468414307,7.191325188,7.656199455,0.02789497375,0.02961158752,0.05578994751,0.02295970917,0.02907514572,0.04591941833,0.008262634277,0.009994506836
E03264,39.25,22.75,2013-01-08T05:00:00,2013-01-08T06:00:00,2013-01-08T07:00:00,2,6,wet_snow,6,wet_snow,0,2,1.021270752,0.981842041,1.060699463,7.512578487,7.648202896,0.02338886261,0.0424861908,0.04677772522,0.006866455078,0.009334087372,0.01373291016,0.008636474609,0.01116943359
E02340,39.5,22,2012-02-28T01:00:00,2012-02-28T02:00:00,2012-02-28T03:00:00,2,6,wet_snow,6,wet_snow,0,2,1.199615479,1.029693604,1.369537354,7.547981739,7.631799698,0,0,0,5.36441803e-05,0.0001072883606,0.0001072883606,0.02432250977,0.02499389648
E00035,40.25,21.75,2012-12-08T07:00:00,2012-12-08T08:00:00,2012-12-08T09:00:00,2,6,wet_snow,6,wet_snow,0,2,0.5539855957,-0.2574157715,1.365386963,7.20876646,7.585014343,0.01780986786,0.02188682556,0.03561973572,0.01308917999,0.01341104507,0.02617835999,0.08033752441,0.09225463867
E00295,40.25,22,2012-01-11T12:00:00,2012-01-11T13:00:00,2012-01-11T14:00:00,2,6,wet_snow,6,wet_snow,0,2,1.97567749,1.88394165,2.06741333,7.445002556,7.563275337,0,0,0,5.36441803e-05,0.0001072883606,0.0001072883606,0.002105712891,0.002227783203
E02267,39.5,21.75,2016-12-30T11:00:00,2016-12-30T12:00:00,2016-12-30T13:00:00,2,6,wet_snow,6,wet_snow,0,2,2.717926025,2.537384033,2.898468018,7.53419733,7.538214684,0.0002145767212,0.0004291534424,0.0004291534424,0.0003755092621,0.0004291534424,0.0007510185242,0.002456665039,0.002716064453
E02299,39.5,21.75,2018-12-25T18:00:00,2018-12-25T19:00:00,2018-12-25T20:00:00,2,6,wet_snow,6,wet_snow,0,2,2.588409424,2.399078369,2.777740479,7.038949966,7.42637825,0,0,0,0,0,0,0.01776123047,0.02844238281
E01300,40,22.25,2012-01-14T08:00:00,2012-01-14T09:00:00,2012-01-14T10:00:00,2,6,wet_snow,6,wet_snow,0,2,1.460174561,1.393463135,1.526885986,7.374962807,7.425400734,0.6482362747,0.7724761963,1.296472549,0.6104171276,0.7290244102,1.220834255,0.2773742676,0.2802429199
E01791,39.75,21.75,2019-12-28T19:00:00,2019-12-28T20:00:00,2019-12-28T21:00:00,2,6,wet_snow,6,wet_snow,0,2,2.023223877,1.655670166,2.390777588,7.021214962,7.414546013,0.0002145767212,0.0004291534424,0.0004291534424,0.0003755092621,0.000536441803,0.0007510185242,0.004837036133,0.006072998047
E01234,40,22,2018-01-24T11:00:00,2018-01-24T12:00:00,2018-01-24T13:00:00,2,6,wet_snow,6,wet_snow,0,2,4.676177979,4.658843994,4.693511963,7.19674778,7.401521683,0.03798007965,0.04591941833,0.0759601593,0.0006437301636,0.0007510185242,0.001287460327,0.01620483398,0.02230834961
E01001,40,21.75,2018-02-15T07:00:00,2018-02-15T08:00:00,2018-02-15T09:00:00,2,6,wet_snow,6,wet_snow,0,2,2.771636963,2.324493408,3.218780518,6.947298527,7.365341187,0.3283023834,0.3549098969,0.6566047668,0.234746933,0.2559900284,0.469493866,0.04321289062,0.05014038086
E01418,40,22.25,2016-12-27T21:00:00,2016-12-27T22:00:00,2016-12-27T23:00:00,2,6,wet_snow,6,wet_snow,0,2,2.819610596,2.443267822,3.195953369,7.078476429,7.339186668,0.1291751862,0.2223014832,0.2583503723,0.03556609154,0.06051063538,0.07113218307,0.09507751465,0.1098632812
E02820,39.25,21.75,2018-12-06T00:00:00,2018-12-06T01:00:00,2018-12-06T02:00:00,2,6,wet_snow,6,wet_snow,0,2,1.129669189,0.495513916,1.763824463,7.03882885,7.333882332,0,0,0,0,0,0,0.002487182617,0.002868652344
E00848,40,21.75,2012-02-16T16:00:00,2012-02-16T17:00:00,2012-02-16T18:00:00,2,6,wet_snow,6,wet_snow,0,2,1.441070557,0.4432678223,2.438873291,7.269133091,7.328408241,0.005578994751,0.006008148193,0.0111579895,0.00541806221,0.00547170639,0.01083612442,0.0004425048828,0.0007629394531
E00375,40.25,22,2014-01-25T21:00:00,2014-01-25T22:00:00,2014-01-25T23:00:00,2,6,wet_snow,6,wet_snow,0,2,2.144134521,1.46182251,2.826446533,7.261422157,7.321093559,0.7424354553,0.8737564087,1.484870911,0.3886520863,0.4119873047,0.7773041725,0.08711242676,0.1051330566
E00717,40.25,22.25,2019-01-14T22:00:00,2019-01-14T23:00:00,2019-01-15T00:00:00,2,3,freezing_rain,3,freezing_rain,2,0,-0.6590270996,-0.7417907715,-0.5762634277,6.741038322,7.277024269,0.1223087311,0.1484870911,0.2446174622,0.08837878704,0.1171588898,0.1767575741,0.001098632812,0.001861572266
E01604,40,22.75,2012-02-29T02:00:00,2012-02-29T03:00:00,2012-02-29T04:00:00,2,6,wet_snow,6,wet_snow,0,2,4.470245361,4.398834229,4.541656494,7.218080521,7.256844521,0.001502037048,0.003004074097,0.003004074097,0.001502037048,0.002896785736,0.003004074097,0.004333496094,0.005920410156
E00474,40.25,22,2017-12-19T11:00:00,2017-12-19T12:00:00,2017-12-19T13:00:00,2,6,wet_snow,6,wet_snow,0,2,2.266326904,2.167877197,2.364776611,6.981453896,7.242208481,0.0006437301636,0.001287460327,0.001287460327,0.0006705522537,0.001180171967,0.001341104507,0.002853393555,0.003387451172
E00291,40.25,22,2012-01-06T15:00:00,2012-01-06T16:00:00,2012-01-06T17:00:00,2,6,wet_snow,6,wet_snow,0,2,1.768218994,1.695709229,1.84072876,7.063370228,7.227428436,1.300764084,1.69301033,2.601528168,0.8805155754,1.199698448,1.761031151,0.1049194336,0.1781616211
E02567,39.5,22.5,2019-02-23T17:00:00,2019-02-23T18:00:00,2019-02-23T19:00:00,2,6,wet_snow,6,wet_snow,0,2,1.300750732,1.240997314,1.36050415,7.146770477,7.220630646,0.6840705872,0.714969635,1.368141174,0.6646245718,0.6969451904,1.329249144,0.03675842285,0.04467773438
E01326,40,22.25,2012-12-11T09:00:00,2012-12-11T10:00:00,2012-12-11T11:00:00,2,6,wet_snow,6,wet_snow,0,2,1.858306885,0.8407287598,2.87588501,7.01514101,7.190384865,1.794719696,1.905441284,3.589439392,1.621234417,1.74665451,3.242468834,0.0601348877,0.07107543945
E00384,40.25,22,2014-02-03T14:00:00,2014-02-03T15:00:00,2014-02-03T16:00:00,2,6,wet_snow,6,wet_snow,0,2,4.584381104,4.515533447,4.65322876,6.990442753,7.151755333,0.001072883606,0.00171661377,0.002145767212,0.001287460327,0.001931190491,0.002574920654,0.04782104492,0.04928588867
E00685,40.25,22.25,2017-12-19T12:00:00,2017-12-19T13:00:00,2017-12-19T14:00:00,2,6,wet_snow,6,wet_snow,0,2,3.792816162,3.767730713,3.817901611,7.113711357,7.143417358,0.0006437301636,0.0008583068848,0.001287460327,0.0006169080734,0.0007510185242,0.001233816147,0.004104614258,0.005218505859
E03187,39.25,22.5,2016-12-29T08:00:00,2016-12-29T09:00:00,2016-12-29T10:00:00,2,6,wet_snow,6,wet_snow,0,2,3.896636963,3.34866333,4.444610596,6.814569473,7.138545036,0.003433227539,0.004720687866,0.006866455078,0.0035405159,0.004291534424,0.007081031799,0.002639770508,0.00341796875
E01404,40,22.25,2016-01-17T12:00:00,2016-01-17T13:00:00,2016-01-17T14:00:00,2,6,wet_snow,6,wet_snow,0,2,3.098846436,3.071685791,3.12600708,6.822410583,7.082798958,0.2394676208,0.3330230713,0.4789352417,0.1819610596,0.2714395523,0.3639221191,0.04559326172,0.06433105469
E00749,40.25,22.5,2012-02-10T04:00:00,2012-02-10T05:00:00,2012-02-10T06:00:00,2,6,wet_snow,6,wet_snow,0,2,-0.7715759277,-0.940032959,-0.6031188965,7.077260494,7.079924583,0.6596088409,0.7046699524,1.319217682,0.6120800972,0.6144404411,1.224160194,0.132598877,0.1444091797
E00565,40.25,22.25,2012-01-09T09:00:00,2012-01-09T10:00:00,2012-01-09T11:00:00,2,6,wet_snow,6,wet_snow,0,2,3.440948486,3.336090088,3.545806885,6.703305244,7.033971786,0.0293970108,0.04291534424,0.05879402161,0.01550316811,0.02349615097,0.03100633621,0.004150390625,0.005279541016
E02398,39.5,22,2019-12-30T07:00:00,2019-12-30T08:00:00,2019-12-30T09:00:00,2,6,wet_snow,6,wet_snow,0,2,2.558807373,1.570831299,3.546783447,6.381412506,7.032904625,0.01759529114,0.03004074097,0.03519058228,0.01754164696,0.03004074097,0.03508329391,0.01605224609,0.01620483398
E02656,39.25,21.75,2012-01-12T08:00:00,2012-01-12T09:00:00,2012-01-12T10:00:00,2,6,wet_snow,6,wet_snow,0,2,2.534942627,1.968292236,3.101593018,6.408957005,6.991996765,0,0,0,0,0,0,0.004348754883,0.004913330078
E02968,39.25,22,2018-12-31T19:00:00,2018-12-31T20:00:00,2018-12-31T21:00:00,2,6,wet_snow,6,wet_snow,0,2,2.351898193,2.326202393,2.377593994,6.872633934,6.980729103,1.785707474,1.932048798,3.571414948,1.590120792,1.734423637,3.180241585,0.3045959473,0.3434753418
E00840,40,21.75,2012-02-03T08:00:00,2012-02-03T09:00:00,2012-02-03T10:00:00,2,6,wet_snow,6,wet_snow,0,2,1.052032471,1.023101807,1.080963135,6.969913006,6.976333618,0.2881765366,0.3308773041,0.5763530731,0.2608180046,0.3125309944,0.5216360092,0.1014556885,0.1109924316
E01392,40,22.25,2015-02-08T19:00:00,2015-02-08T20:00:00,2015-02-08T21:00:00,2,6,wet_snow,6,wet_snow,0,2,2.384429932,1.748443604,3.02041626,6.889699936,6.970946312,1.381444931,1.585292816,2.762889862,1.287943125,1.478219032,2.57588625,0.138168335,0.2167358398
E00454,40.25,22,2017-01-19T11:00:00,2017-01-19T12:00:00,2017-01-19T13:00:00,2,6,wet_snow,6,wet_snow,0,2,2.293121338,2.284820557,2.301422119,6.89117527,6.970007896,0.04098415375,0.04549026489,0.0819683075,0.04098415375,0.04559755325,0.0819683075,0.04525756836,0.05072021484
E00060,40.25,21.75,2013-02-08T04:00:00,2013-02-08T05:00:00,2013-02-08T06:00:00,2,6,wet_snow,6,wet_snow,0,2,1.498504639,1.36807251,1.628936768,6.938715458,6.955122948,0.2465486526,0.4373073578,0.4930973053,0.1821488142,0.3236353397,0.3642976284,0.037109375,0.03894042969
E03034,39.25,22.25,2015-01-06T08:00:00,2015-01-06T09:00:00,2015-01-06T10:00:00,2,6,wet_snow,6,wet_snow,0,2,2.313690186,1.854156494,2.773223877,6.187828064,6.94791317,0.001931190491,0.002574920654,0.003862380981,0.001662969589,0.002467632294,0.003325939178,7.629394531e-05,0.0001220703125
E01356,40,22.25,2013-02-19T19:00:00,2013-02-19T20:00:00,2013-02-19T21:00:00,2,6,wet_snow,6,wet_snow,0,2,1.486297607,1.068145752,1.904449463,6.476564407,6.923103333,0.3489017487,0.469493866,0.6978034973,0.3123700619,0.4125237465,0.6247401237,0.03790283203,0.04684448242
E03110,39.25,22.25,2019-12-29T09:00:00,2019-12-29T10:00:00,2019-12-29T11:00:00,2,6,wet_snow,6,wet_snow,0,2,4.540924072,3.9659729,5.115875244,6.539179802,6.873348236,0.0004291534424,0.0008583068848,0.0008583068848,0.0002682209015,0.0003218650818,0.000536441803,0.02377319336,0.0241394043
E02186,39.75,22.75,2016-01-23T14:00:00,2016-01-23T15:00:00,2016-01-23T16:00:00,2,6,wet_snow,6,wet_snow,0,2,3.088287354,2.995880127,3.18069458,6.285561562,6.865569115,0.007295608521,0.01201629639,0.01459121704,0.005954504013,0.009226799011,0.01190900803,0.006866455078,0.008056640625
E03161,39.25,22.5,2015-02-11T08:00:00,2015-02-11T09:00:00,2015-02-11T10:00:00,2,6,wet_snow,6,wet_snow,0,2,2.585235596,2.2472229,2.923248291,6.077993393,6.864177704,0.02167224884,0.03776550293,0.04334449768,0.006571412086,0.007456541061,0.01314282417,0.00178527832,0.002502441406
E03324,39.25,22.75,2019-01-05T13:00:00,2019-01-05T14:00:00,2019-01-05T15:00:00,2,6,wet_snow,6,wet_snow,0,2,0.930267334,0.6643371582,1.19619751,6.424459934,6.835253716,0.01459121704,0.02403259277,0.02918243408,0.01485943794,0.02349615097,0.02971887589,0.008026123047,0.008361816406
E02673,39.25,21.75,2012-02-16T09:00:00,2012-02-16T10:00:00,2012-02-16T11:00:00,2,6,wet_snow,6,wet_snow,0,2,1.564361572,1.143218994,1.98550415,6.611120701,6.804953575,0.03862380981,0.04377365112,0.07724761963,0.03309845924,0.03722906113,0.06619691849,0.02581787109,0.02938842773
E00102,40.25,21.75,2014-02-03T08:00:00,2014-02-03T09:00:00,2014-02-03T10:00:00,2,6,wet_snow,6,wet_snow,0,2,3.509918213,3.160064697,3.859771729,6.302910328,6.774410248,0.002145767212,0.002574920654,0.004291534424,0.002118945122,0.002628564835,0.004237890244,0.09672546387,0.09954833984
E03059,39.25,22.25,2016-01-23T08:00:00,2016-01-23T09:00:00,2016-01-23T10:00:00,2,6,wet_snow,6,wet_snow,0,2,2.085540771,1.956939697,2.214141846,6.143770695,6.748559952,0.3622055054,0.3845214844,0.7244110107,0.3586113453,0.3835558891,0.7172226906,0.155166626,0.1618652344
E02250,39.5,21.75,2015-12-30T19:00:00,2015-12-30T20:00:00,2015-12-30T21:00:00,2,6,wet_snow,6,wet_snow,0,2,1.863616943,1.556060791,2.171173096,6.717710495,6.734576225,0.7754802704,0.841999054,1.550960541,0.7255911827,0.7572412491,1.451182365,0.2613220215,0.3067321777
E01678,39.75,21.75,2012-12-11T07:00:00,2012-12-11T08:00:00,2012-12-11T09:00:00,2,6,wet_snow,6,wet_snow,0,2,1.334136963,0.7667541504,1.901519775,6.261638165,6.724087715,1.479506493,1.646661758,2.959012985,1.277965307,1.364171505,2.555930614,0.05218505859,0.05288696289
E01493,40,22.25,2019-01-26T01:00:00,2019-01-26T02:00:00,2019-01-26T03:00:00,2,6,wet_snow,6,wet_snow,0,2,2.350799561,2.326812744,2.374786377,6.603101254,6.706719398,0.01158714294,0.01544952393,0.02317428589,0.0106215477,0.01378655434,0.0212430954,0.02534484863,0.0285949707
E02219,39.5,21.75,2012-02-10T13:00:00,2012-02-10T14:00:00,2012-02-10T15:00:00,2,6,wet_snow,6,wet_snow,0,2,-0.1846618652,-0.1875915527,-0.1817321777,6.515441418,6.66793251,0.759601593,0.7759094238,1.519203186,0.7532179356,0.775372982,1.506435871,0.1463928223,0.1561889648
E00573,40.25,22.25,2012-01-27T12:00:00,2012-01-27T13:00:00,2012-01-27T14:00:00,2,6,wet_snow,6,wet_snow,0,2,3.994049072,3.951690674,4.036407471,6.620157719,6.646375656,0.001502037048,0.002145767212,0.003004074097,0.001582503319,0.002306699753,0.003165006638,0.01155090332,0.0149230957
E00439,40.25,22,2016-12-17T10:00:00,2016-12-17T11:00:00,2016-12-17T12:00:00,2,6,wet_snow,6,wet_snow,0,2,3.086273193,2.863922119,3.308624268,6.53934288,6.643253326,0.006651878357,0.008153915405,0.01330375671,0.006598234177,0.008153915405,0.01319646835,0.01226806641,0.01281738281
E01777,39.75,21.75,2019-01-07T10:00:00,2019-01-07T11:00:00,2019-01-07T12:00:00,2,6,wet_snow,6,wet_snow,0,2,2.318511963,2.168365479,2.468658447,6.62761116,6.633245468,0.03304481506,0.04377365112,0.06608963013,0.00724196434,0.01223087311,0.01448392868,0.001358032227,0.001647949219
E01595,40,22.75,2012-02-09T17:00:00,2012-02-09T18:00:00,2012-02-09T19:00:00,2,6,wet_snow,6,wet_snow,0,2,2.217498779,2.117584229,2.31741333,6.44409132,6.631437302,0.08840560913,0.1021385193,0.1768112183,0.02671480179,0.03132820129,0.05342960358,0.02824401855,0.03823852539
E00021,40.25,21.75,2012-02-12T09:00:00,2012-02-12T10:00:00,2012-02-12T11:00:00,2,6,wet_snow,6,wet_snow,0,2,0.9549255371,0.2921447754,1.617706299,6.527019978,6.60914135,0.07059574127,0.07338523865,0.1411914825,0.04613399506,0.05310773849,0.09226799011,0.1278381348,0.1414489746
E03244,39.25,22.75,2012-01-16T13:00:00,2012-01-16T14:00:00,2012-01-16T15:00:00,2,6,wet_snow,6,wet_snow,0,2,5.024688721,4.990875244,5.058502197,6.48140192,6.606192589,0,0,0,0,0,0,0.0009155273438,0.001129150391
E00711,40.25,22.25,2019-01-10T01:00:00,2019-01-10T02:00:00,2019-01-10T03:00:00,2,3,freezing_rain,3,freezing_rain,2,0,-2.555633545,-2.624603271,-2.486663818,6.392402649,6.570368767,0.01673698425,0.0283241272,0.03347396851,0.002843141556,0.005578994751,0.005686283112,0.01348876953,0.0182800293
E02198,39.75,22.75,2019-01-09T03:00:00,2019-01-09T04:00:00,2019-01-09T05:00:00,2,6,wet_snow,6,wet_snow,0,2,1.191680908,0.9164123535,1.466949463,6.354130268,6.56009388,0.00171661377,0.003004074097,0.003433227539,0.00171661377,0.003218650818,0.003433227539,0.04377746582,0.05212402344
E02469,39.5,22.25,2019-02-24T07:00:00,2019-02-24T08:00:00,2019-02-24T09:00:00,2,6,wet_snow,6,wet_snow,0,2,2.005279541,1.446929932,2.56362915,5.476789951,6.557824135,0.1244544983,0.1266002655,0.2489089966,0.1239180565,0.1264929771,0.247836113,0.01976013184,0.02230834961
E01390,40,22.25,2015-02-04T03:00:00,2015-02-04T04:00:00,2015-02-04T05:00:00,2,3,freezing_rain,3,freezing_rain,2,0,0.3546447754,0.2897033691,0.4195861816,6.355717659,6.538439751,0.006008148193,0.01029968262,0.01201629639,0,0,0,0.001220703125,0.001800537109
E02291,39.5,21.75,2017-12-23T07:00:00,2017-12-23T08:00:00,2017-12-23T09:00:00,2,6,wet_snow,6,wet_snow,0,2,-2.133636475,-3.804779053,-0.4624938965,6.411721706,6.537576675,0,0,0,0,0,0,0.01383972168,0.01409912109
E01217,40,22,2017-12-18T15:00:00,2017-12-18T16:00:00,2017-12-18T17:00:00,2,6,wet_snow,6,wet_snow,0,2,2.464447021,2.260162354,2.668731689,5.469553471,6.500421524,0.1364707947,0.2351760864,0.2729415894,0.1045256853,0.1768648624,0.2090513706,0.01019287109,0.01293945312
E01755,39.75,21.75,2017-12-19T02:00:00,2017-12-19T03:00:00,2017-12-19T04:00:00,2,6,wet_snow,6,wet_snow,0,2,0.937286377,0.8109436035,1.06362915,6.434580803,6.49905777,0.001287460327,0.00171661377,0.002574920654,0.0009119510651,0.001019239426,0.00182390213,0.01391601562,0.01617431641
E03238,39.25,22.5,2020-01-06T07:00:00,2020-01-06T08:00:00,2020-01-06T09:00:00,2,6,wet_snow,6,wet_snow,0,2,3.043304443,2.106964111,3.979644775,6.368255138,6.487327576,0.06694793701,0.08754730225,0.133895874,0.06635785103,0.0871181488,0.1327157021,0.04342651367,0.05053710938
E03188,39.25,22.5,2016-12-29T20:00:00,2016-12-29T21:00:00,2016-12-29T22:00:00,2,6,wet_snow,6,wet_snow,0,2,0.574432373,0.4319152832,0.7169494629,6.34641695,6.486755371,0,0,0,5.36441803e-05,0.0001072883606,0.0001072883606,0.005859375,0.006896972656
E00429,40.25,22,2016-02-05T00:00:00,2016-02-05T01:00:00,2016-02-05T02:00:00,2,6,wet_snow,6,wet_snow,0,2,1.859588623,1.777618408,1.941558838,6.341852665,6.474794388,0.1811027527,0.193977356,0.3622055054,0.1373291016,0.1563191414,0.2746582031,0.03128051758,0.03280639648
E00327,40.25,22,2012-12-18T14:00:00,2012-12-18T15:00:00,2012-12-18T16:00:00,2,6,wet_snow,6,wet_snow,0,2,2.431610107,2.304718018,2.558502197,6.266532898,6.473997116,0.5293607712,0.5926609039,1.058721542,0.4602134228,0.5517840385,0.9204268456,0.08680725098,0.09454345703
E01417,40,22.25,2016-12-23T08:00:00,2016-12-23T09:00:00,2016-12-23T10:00:00,2,6,wet_snow,6,wet_snow,0,2,3.036529541,2.67276001,3.400299072,6.469268322,6.473526955,0,0,0,0,0,0,0.004455566406,0.00537109375
E02191,39.75,22.75,2017-01-10T19:00:00,2017-01-10T20:00:00,2017-01-10T21:00:00,2,6,wet_snow,6,wet_snow,0,2,0.05130004883,-0.09164428711,0.1942443848,6.279070854,6.469433784,0.002145767212,0.002574920654,0.004291534424,0.002038478851,0.002467632294,0.004076957703,0.006500244141,0.007873535156
E00399,40.25,22,2015-01-19T04:00:00,2015-01-19T05:00:00,2015-01-19T06:00:00,2,3,freezing_rain,3,freezing_rain,2,0,2.297149658,2.168121338,2.426177979,6.409600735,6.445451736,0.0002145767212,0.0004291534424,0.0004291534424,0,0,0,0.02444458008,0.02456665039
E00684,40.25,22.25,2017-12-18T13:00:00,2017-12-18T14:00:00,2017-12-18T15:00:00,2,6,wet_snow,6,wet_snow,0,2,2.053375244,1.670196533,2.436553955,6.399453163,6.443626404,0.8671045303,0.968170166,1.734209061,0.755417347,0.8326649666,1.510834694,0.08879089355,0.1364135742
E01415,40,22.25,2016-12-21T07:00:00,2016-12-21T08:00:00,2016-12-21T09:00:00,2,6,wet_snow,6,wet_snow,0,2,0.8122253418,-0.533782959,2.158233643,6.129265785,6.439900398,0.4503965378,0.4729270935,0.9007930756,0.3678917885,0.3862380981,0.735783577,0.2051696777,0.2137451172
E01658,39.75,21.75,2012-01-29T07:00:00,2012-01-29T08:00:00,2012-01-29T09:00:00,2,6,wet_snow,6,wet_snow,0,2,1.453460693,1.316192627,1.59072876,6.004317284,6.431741714,0.3984689713,0.4377365112,0.7969379425,0.3747582436,0.4015803337,0.7495164871,0.1439971924,0.2053527832
E00261,40.25,21.75,2019-12-04T03:00:00,2019-12-04T04:00:00,2019-12-04T05:00:00,2,6,wet_snow,6,wet_snow,0,2,1.617584229,1.530670166,1.704498291,6.152125835,6.419350624,1.382303238,1.447963715,2.764606476,1.182103157,1.341801882,2.364206314,0.3213043213,0.3262329102
E00860,40,21.75,2012-12-11T22:00:00,2012-12-11T23:00:00,2012-12-12T00:00:00,2,6,wet_snow,6,wet_snow,0,2,1.502960205,1.339752197,1.666168213,6.289093018,6.393229485,0,0,0,0,0,0,0.0006713867188,0.0008239746094
E00241,40.25,21.75,2019-01-10T05:00:00,2019-01-10T06:00:00,2019-01-10T07:00:00,2,3,freezing_rain,3,freezing_rain,2,0,-0.07125854492,-0.1243591309,-0.01815795898,6.158761024,6.389398575,0.04184246063,0.06222724915,0.08368492126,0.002735853195,0.005042552948,0.00547170639,0.05702209473,0.07083129883
E00723,40.25,22.25,2019-02-15T23:00:00,2019-02-16T00:00:00,2019-02-16T01:00:00,2,6,wet_snow,6,wet_snow,0,2,2.312286377,2.305938721,2.318634033,6.35959816,6.370674133,0.03261566162,0.04463195801,0.06523132324,0.03089904785,0.04119873047,0.0617980957,0.01605224609,0.01608276367
E02336,39.5,22,2012-02-09T12:00:00,2012-02-09T13:00:00,2012-02-09T14:00:00,2,6,wet_snow,6,wet_snow,0,2,2.802886963,2.704986572,2.900787354,6.343883991,6.368876457,0.08969306946,0.09355545044,0.1793861389,0.07349252701,0.0751554966,0.146985054,0.03881835938,0.04159545898
E01304,40,22.25,2012-02-03T13:00:00,2012-02-03T14:00:00,2012-02-03T15:00:00,2,6,wet_snow,6,wet_snow,0,2,0.7420959473,0.6119689941,0.8722229004,6.264578342,6.351566315,0.07982254028,0.09999275208,0.1596450806,0.0726878643,0.09269714355,0.1453757286,0.1641387939,0.1784057617
E02511,39.5,22.5,2015-01-06T15:00:00,2015-01-06T16:00:00,2015-01-06T17:00:00,2,6,wet_snow,6,wet_snow,0,2,3.394439697,2.883453369,3.905426025,5.223194122,6.34170723,0.007295608521,0.01201629639,0.01459121704,0.004962086678,0.008690357208,0.009924173355,0.0007629394531,0.001007080078
E00123,40.25,21.75,2015-02-04T03:00:00,2015-02-04T04:00:00,2015-02-04T05:00:00,2,6,wet_snow,6,wet_snow,0,2,0.8556213379,0.7711486816,0.9400939941,6.228276253,6.333361626,0.03283023834,0.04034042358,0.06566047668,0.02132356167,0.02601742744,0.04264712334,0.001770019531,0.001861572266
E03148,39.25,22.5,2012-02-28T01:00:00,2012-02-28T02:00:00,2012-02-28T03:00:00,2,6,wet_snow,6,wet_snow,0,2,2.250396729,2.074615479,2.426177979,6.149055958,6.32027626,0.03755092621,0.03991127014,0.07510185242,0.03508329391,0.0394821167,0.07016658783,0.120513916,0.1314086914
E01624,40,22.75,2016-01-19T10:00:00,2016-01-19T11:00:00,2016-01-19T12:00:00,2,6,wet_snow,6,wet_snow,0,2,2.115753174,1.940216064,2.291290283,5.867076874,6.316226959,0,0,0,0.0001072883606,0.0002145767212,0.0002145767212,0.002426147461,0.003631591797
E03023,39.25,22.25,2012-02-29T07:00:00,2012-02-29T08:00:00,2012-02-29T09:00:00,2,6,wet_snow,6,wet_snow,0,2,0.8473815918,-1.023773193,2.718536377,6.196643353,6.315772057,0.003862380981,0.006866455078,0.007724761963,0.003862380981,0.006866455078,0.007724761963,0.05776977539,0.08584594727
E01371,40,22.25,2014-01-29T01:00:00,2014-01-29T02:00:00,2014-01-29T03:00:00,2,3,freezing_rain,3,freezing_rain,2,0,0.6422424316,0.5753479004,0.7091369629,5.681686878,6.304542542,0.003862380981,0.007295608521,0.007724761963,0.0006973743439,0.001394748688,0.001394748688,0.02160644531,0.02432250977
E01881,39.75,22,2017-01-14T20:00:00,2017-01-14T21:00:00,2017-01-14T22:00:00,2,3,freezing_rain,3,freezing_rain,2,0,1.466949463,1.385406494,1.548492432,5.996087074,6.290742874,0.06394386292,0.1029968262,0.1278877258,0,0,0,0.002304077148,0.003784179688
E02934,39.25,22,2016-01-23T08:00:00,2016-01-23T09:00:00,2016-01-23T10:00:00,2,6,wet_snow,6,wet_snow,0,2,1.070892334,0.8983459473,1.243438721,5.905001163,6.284692764,0.3214359283,0.3355979919,0.6428718567,0.3209531307,0.3351688385,0.6419062614,0.1647338867,0.1669921875
E01023,40,21.75,2019-01-25T23:00:00,2019-01-26T00:00:00,2019-01-26T01:00:00,2,6,wet_snow,6,wet_snow,0,2,1.820159912,1.748809814,1.89151001,6.251564026,6.252731323,0.2506256104,0.3476142883,0.5012512207,0.2201288939,0.2928972244,0.4402577877,0.0005798339844,0.001037597656
E01092,40,22,2012-12-19T17:00:00,2012-12-19T18:00:00,2012-12-19T19:00:00,2,6,wet_snow,6,wet_snow,0,2,2.95211792,2.518341064,3.385894775,6.239715576,6.250959396,0.04205703735,0.05578994751,0.08411407471,0.0009119510651,0.00182390213,0.00182390213,0.0408782959,0.05599975586
E03022,39.25,22.25,2012-02-27T22:00:00,2012-02-27T23:00:00,2012-02-28T00:00:00,2,6,wet_snow,6,wet_snow,0,2,2.84866333,2.432281494,3.265045166,6.018112183,6.239073753,0.1980543137,0.3403186798,0.3961086273,0.1330912113,0.2251446247,0.2661824226,0.03251647949,0.04064941406
E03015,39.25,22.25,2012-02-10T09:00:00,2012-02-10T10:00:00,2012-02-10T11:00:00,2,6,wet_snow,6,wet_snow,0,2,2.189727783,1.824859619,2.554595947,5.453511715,6.23176384,0.7817029953,0.7952213287,1.563405991,0.7546126842,0.7584214211,1.509225368,0.1074676514,0.1455383301
E01053,40,22,2012-01-06T16:00:00,2012-01-06T17:00:00,2012-01-06T18:00:00,2,6,wet_snow,6,wet_snow,0,2,2.489044189,2.08706665,2.891021729,6.146911144,6.230447769,1.003575325,1.447963715,2.00715065,0.4314601421,0.4665970802,0.8629202843,0.06756591797,0.07977294922
E01470,40,22.25,2018-12-06T08:00:00,2018-12-06T09:00:00,2018-12-06T10:00:00,2,6,wet_snow,6,wet_snow,0,2,3.792633057,3.42666626,4.158599854,5.950266838,6.215283394,0,0,0,0,0,0,0.0103302002,0.01147460938
E02125,39.75,22.5,2017-01-10T12:00:00,2017-01-10T13:00:00,2017-01-10T14:00:00,2,6,wet_snow,6,wet_snow,0,2,-0.5497741699,-0.6547546387,-0.4447937012,6.14893961,6.198441505,0.2021312714,0.2772331238,0.4042625427,0.2016484737,0.2771258354,0.4032969475,0.09790039062,0.09930419922
E02502,39.5,22.5,2012-02-17T10:00:00,2012-02-17T11:00:00,2012-02-17T12:00:00,2,6,wet_snow,6,wet_snow,0,2,6.162750244,6.070220947,6.255279541,6.125417709,6.178108215,0,0,0,0,0,0,0.003555297852,0.004333496094
E00380,40.25,22,2014-02-01T17:00:00,2014-02-01T18:00:00,2014-02-01T19:00:00,2,6,wet_snow,6,wet_snow,0,2,1.989715576,1.970855713,2.008575439,6.132469177,6.158974648,0.005578994751,0.008583068848,0.0111579895,0.00547170639,0.009119510651,0.01094341278,0.06639099121,0.07861328125
E01138,40,22,2014-02-01T07:00:00,2014-02-01T08:00:00,2014-02-01T09:00:00,2,6,wet_snow,6,wet_snow,0,2,2.860321045,2.635406494,3.085235596,6.075119495,6.114443779,0.008583068848,0.009441375732,0.0171661377,0.007349252701,0.007832050323,0.0146985054,0.1357269287,0.1447753906
E00226,40.25,21.75,2018-02-28T01:00:00,2018-02-28T02:00:00,2018-02-28T03:00:00,2,3,freezing_rain,3,freezing_rain,2,0,2.067657471,1.557647705,2.577667236,5.744978905,6.02984333,0.02210140228,0.0364780426,0.04420280457,0.01174807549,0.01802444458,0.02349615097,0.01371765137,0.02038574219
E01402,40,22.25,2016-01-04T06:00:00,2016-01-04T07:00:00,2016-01-04T08:00:00,2,3,freezing_rain,3,freezing_rain,2,0,-0.8505554199,-0.8914489746,-0.8096618652,5.546205044,6.029314995,0.0008583068848,0.00171661377,0.00171661377,0,0,0,0.004547119141,0.005859375
E00887,40,21.75,2013-12-16T07:00:00,2013-12-16T08:00:00,2013-12-16T09:00:00,2,6,wet_snow,6,wet_snow,0,2,2.957855225,1.391387939,4.52432251,5.797897816,6.026427269,0,0,0,0,0,0,0.01467895508,0.01638793945
E00277,40.25,21.75,2020-01-20T08:00:00,2020-01-20T09:00:00,2020-01-20T10:00:00,2,6,wet_snow,6,wet_snow,0,2,2.025604248,1.943634033,2.107574463,5.947105885,6.014057159,0,0,0,2.682209015e-05,5.36441803e-05,5.36441803e-05,0.008316040039,0.009368896484
E02474,39.5,22.25,2019-12-30T07:00:00,2019-12-30T08:00:00,2019-12-30T09:00:00,2,6,wet_snow,6,wet_snow,0,2,2.925018311,1.842315674,4.007720947,5.44537735,6.010443687,0.05149841309,0.07553100586,0.1029968262,0.05165934563,0.07585287094,0.1033186913,0.03028869629,0.03201293945
E02416,39.5,22.25,2012-02-28T01:00:00,2012-02-28T02:00:00,2012-02-28T03:00:00,2,6,wet_snow,6,wet_snow,0,2,3.107818604,2.953521729,3.262115479,5.931770802,5.98043251,0.004935264587,0.006008148193,0.009870529175,0.004023313522,0.006008148193,0.008046627045,0.04866027832,0.05169677734
E00155,40.25,21.75,2016-12-15T16:00:00,2016-12-15T17:00:00,2016-12-15T18:00:00,2,6,wet_snow,6,wet_snow,0,2,4.75491333,4.060089111,5.449737549,5.739732742,5.967593193,0.01845359802,0.0283241272,0.03690719604,0.00724196434,0.008690357208,0.01448392868,0.08038330078,0.08465576172
E00154,40.25,21.75,2016-12-14T10:00:00,2016-12-14T11:00:00,2016-12-14T12:00:00,2,6,wet_snow,6,wet_snow,0,2,2.415863037,2.328643799,2.503082275,5.87986517,5.954930305,0,0,0,5.36441803e-05,0.0001072883606,0.0001072883606,0.02146911621,0.02743530273
E00533,40.25,22,2019-12-27T11:00:00,2019-12-27T12:00:00,2019-12-27T13:00:00,2,6,wet_snow,6,wet_snow,0,2,5.683990479,5.535552979,5.832427979,5.600875378,5.945295334,0,0,0,0,0,0,0.005081176758,0.005889892578
E00738,40.25,22.25,2020-02-21T04:00:00,2020-02-21T05:00:00,2020-02-21T06:00:00,2,6,wet_snow,6,wet_snow,0,2,1.988189697,1.66494751,2.311431885,5.693620682,5.940981865,0.001502037048,0.002145767212,0.003004074097,0.001341104507,0.001502037048,0.002682209015,0.01330566406,0.01425170898
E03093,39.25,22.25,2018-12-31T19:00:00,2018-12-31T20:00:00,2018-12-31T21:00:00,2,6,wet_snow,6,wet_snow,0,2,3.842132568,3.789703369,3.894561768,5.848708153,5.939713478,1.913166046,2.055644989,3.826332092,1.239931583,1.354193687,2.479863167,0.3431243896,0.3890686035
E01289,40,22,2020-02-21T07:00:00,2020-02-21T08:00:00,2020-02-21T09:00:00,2,6,wet_snow,6,wet_snow,0,2,2.388580322,0.4302062988,4.346954346,5.560222149,5.930604935,0.007295608521,0.009441375732,0.01459121704,0.0002682209015,0.0003218650818,0.000536441803,0.004791259766,0.006622314453
E00561,40.25,22,2020-12-08T05:00:00,2020-12-08T06:00:00,2020-12-08T07:00:00,2,3,freezing_rain,3,freezing_rain,2,0,1.334869385,0.6959533691,1.9737854,5.862591743,5.929841042,0.0004291534424,0.0004291534424,0.0008583068848,0,0,0,0.01200866699,0.01254272461
E02059,39.75,22.5,2012-01-16T12:00:00,2012-01-16T13:00:00,2012-01-16T14:00:00,2,6,wet_snow,6,wet_snow,0,2,4.533721924,4.486724854,4.580718994,5.890800953,5.899530411,0,0,0,0,0,0,0.001953125,0.002197265625
E00119,40.25,21.75,2015-01-19T02:00:00,2015-01-19T03:00:00,2015-01-19T04:00:00,2,3,freezing_rain,3,freezing_rain,2,0,1.317779541,1.080963135,1.554595947,5.858861446,5.895851135,0.004935264587,0.009441375732,0.009870529175,0.002789497375,0.00547170639,0.005578994751,0.02360534668,0.02996826172
E02354,39.5,22,2015-02-09T23:00:00,2015-02-10T00:00:00,2015-02-10T01:00:00,2,6,wet_snow,6,wet_snow,0,2,0.8481750488,0.3207092285,1.375640869,5.875405312,5.894952774,0.008797645569,0.01201629639,0.01759529114,0.008636713028,0.0116944313,0.01727342606,0.02349853516,0.03628540039
E02874,39.25,22,2012-01-10T07:00:00,2012-01-10T08:00:00,2012-01-10T09:00:00,2,6,wet_snow,6,wet_snow,0,2,2.636810303,1.561431885,3.712188721,5.525363922,5.889472961,0,0,0,0,0,0,0.008682250977,0.01031494141
E03126,39.25,22.5,2012-01-26T00:00:00,2012-01-26T01:00:00,2012-01-26T02:00:00,2,6,wet_snow,6,wet_snow,0,2,2.507720947,2.115875244,2.89956665,5.725576401,5.888967514,0,0,0,0,0,0,0.002807617188,0.003875732422
E01693,39.75,21.75,2014-12-28T07:00:00,2014-12-28T08:00:00,2014-12-28T09:00:00,2,6,wet_snow,6,wet_snow,0,2,1.277618408,-0.4424743652,2.997711182,5.551673412,5.863290787,0.003004074097,0.004291534424,0.006008148193,0.003057718277,0.004613399506,0.006115436554,0.05201721191,0.06457519531
E01490,40,22.25,2019-01-14T12:00:00,2019-01-14T13:00:00,2019-01-14T14:00:00,2,6,wet_snow,6,wet_snow,0,2,1.962432861,1.790924072,2.13394165,5.801553726,5.821445465,0.006222724915,0.009870529175,0.01244544983,0.006276369095,0.009977817535,0.01255273819,0.01756286621,0.02963256836
E00491,40.25,22,2018-02-01T05:00:00,2018-02-01T06:00:00,2018-02-01T07:00:00,2,3,freezing_rain,3,freezing_rain,2,0,0.4485168457,0.4313049316,0.4657287598,5.641409397,5.783254623,0.0006437301636,0.0008583068848,0.001287460327,0,0,0,0.001831054688,0.002044677734
E00490,40.25,22,2018-02-01T02:00:00,2018-02-01T03:00:00,2018-02-01T04:00:00,2,3,freezing_rain,3,freezing_rain,2,0,-0.4395446777,-0.7591247559,-0.1199645996,5.748174667,5.766671181,0.0002145767212,0.0004291534424,0.0004291534424,0,0,0,0.0005493164062,0.0008544921875
E00423,40.25,22,2016-01-04T04:00:00,2016-01-04T05:00:00,2016-01-04T06:00:00,2,3,freezing_rain,3,freezing_rain,2,0,-1.57723999,-1.770111084,-1.384368896,5.633336067,5.752758026,0.0002145767212,0.0004291534424,0.0004291534424,0,0,0,0.003509521484,0.003997802734
E01823,39.75,22,2012-02-11T06:00:00,2012-02-11T07:00:00,2012-02-11T08:00:00,2,6,wet_snow,6,wet_snow,0,2,2.718109131,2.467071533,2.969146729,5.363926411,5.744620323,0.8902788162,0.9608745575,1.780557632,0.8778065443,0.9602308273,1.755613089,0.1245269775,0.140625
E01416,40,22.25,2016-12-21T12:00:00,2016-12-21T13:00:00,2016-12-21T14:00:00,2,6,wet_snow,6,wet_snow,0,2,3.608428955,3.561920166,3.654937744,5.694126129,5.736449242,0.2557754517,0.2858161926,0.5115509033,0.1818537712,0.2127528191,0.3637075424,0.129989624,0.1372680664
E01303,40,22.25,2012-01-28T10:00:00,2012-01-28T11:00:00,2012-01-28T12:00:00,2,6,wet_snow,6,wet_snow,0,2,2.328277588,2.213775635,2.442779541,5.492695332,5.73590374,0.1330375671,0.1519203186,0.2660751343,0.1262247562,0.1438736916,0.2524495125,0.2189483643,0.2477111816
E02009,39.75,22.25,2017-01-14T20:00:00,2017-01-14T21:00:00,2017-01-14T22:00:00,2,3,freezing_rain,3,freezing_rain,2,0,0.8634338379,0.7193908691,1.007476807,5.605950356,5.724868774,0.01201629639,0.01287460327,0.02403259277,0,0,0,0.0007629394531,0.001251220703
E00715,40.25,22.25,2019-01-14T11:00:00,2019-01-14T12:00:00,2019-01-14T13:00:00,2,6,wet_snow,6,wet_snow,0,2,2.093719482,2.030426025,2.157012939,5.689386845,5.719161987,0.004291534424,0.006866455078,0.008583068848,0.004291534424,0.006651878357,0.008583068848,0.01341247559,0.0202331543
E01671,39.75,21.75,2012-02-16T07:00:00,2012-02-16T08:00:00,2012-02-16T09:00:00,2,6,wet_snow,6,wet_snow,0,2,1.308135986,0.386138916,2.230133057,5.447957516,5.711921692,0.01544952393,0.022315979,0.03089904785,0.01555681229,0.02210140228,0.03111362457,0.008804321289,0.01239013672
E02251,39.5,21.75,2015-12-31T12:00:00,2015-12-31T13:00:00,2015-12-31T14:00:00,2,6,wet_snow,6,wet_snow,0,2,1.341827393,1.251251221,1.432403564,5.637735844,5.667742729,0.107717514,0.1261711121,0.2154350281,0.1077711582,0.1262784004,0.2155423164,0.0401763916,0.06127929688
E03317,39.25,22.75,2017-01-26T20:00:00,2017-01-26T21:00:00,2017-01-26T22:00:00,2,6,wet_snow,6,wet_snow,0,2,3.433502197,3.363067627,3.503936768,5.573051929,5.659356117,0.3845214844,0.3888130188,0.7690429688,0.2775549889,0.3196120262,0.5551099777,0.176361084,0.1852416992
E01339,40,22.25,2013-01-10T19:00:00,2013-01-10T20:00:00,2013-01-10T21:00:00,2,6,wet_snow,6,wet_snow,0,2,1.720367432,1.464385986,1.976348877,5.489508152,5.656306267,0.0008583068848,0.00171661377,0.00171661377,0.0008046627045,0.001502037048,0.001609325409,0.1616210938,0.1648254395
E00606,40.25,22.25,2013-02-12T00:00:00,2013-02-12T01:00:00,2013-02-12T02:00:00,2,6,wet_snow,6,wet_snow,0,2,0.3755187988,0.3160705566,0.434967041,5.511884212,5.635439873,0.006008148193,0.007724761963,0.01201629639,0.005847215652,0.007402896881,0.0116944313,0.001449584961,0.001922607422
E02951,39.25,22,2017-01-13T08:00:00,2017-01-13T09:00:00,2017-01-13T10:00:00,2,3,freezing_rain,3,freezing_rain,2,0,-3.34262085,-4.499603271,-2.185638428,5.546286106,5.625832558,0.001502037048,0.00171661377,0.003004074097,2.682209015e-05,5.36441803e-05,5.36441803e-05,0.009826660156,0.01083374023
E00556,40.25,22,2020-02-21T07:00:00,2020-02-21T08:00:00,2020-02-21T09:00:00,2,6,wet_snow,6,wet_snow,0,2,2.116119385,0.1352844238,4.096954346,5.235026836,5.613222122,0.0004291534424,0.0008583068848,0.0008583068848,0.0004827976227,0.000536441803,0.0009655952454,0.001586914062,0.001953125
E01935,39.75,22.25,2012-01-21T01:00:00,2012-01-21T02:00:00,2012-01-21T03:00:00,2,3,freezing_rain,3,freezing_rain,2,0,2.474151611,2.29019165,2.658111572,5.581288815,5.591677666,0.0171661377,0.02446174622,0.03433227539,0,0,0,0.05805969238,0.06930541992
E00592,40.25,22.25,2012-12-19T23:00:00,2012-12-20T00:00:00,2012-12-20T01:00:00,2,6,wet_snow,6,wet_snow,0,2,0.8136291504,0.4620666504,1.16519165,5.555838585,5.582514763,0.01502037048,0.01974105835,0.03004074097,0.01400113106,0.01813173294,0.02800226212,0.008605957031,0.01028442383
E02986,39.25,22,2019-12-29T20:00:00,2019-12-29T21:00:00,2019-12-29T22:00:00,2,6,wet_snow,6,wet_snow,0,2,0.6620178223,0.5074768066,0.8165588379,5.52161932,5.572291374,0.00901222229,0.01459121704,0.01802444458,0.009146332741,0.01459121704,0.01829266548,0.08908081055,0.09609985352
E00311,40.25,22,2012-02-12T11:00:00,2012-02-12T12:00:00,2012-02-12T13:00:00,2,6,wet_snow,6,wet_snow,0,2,0.8232116699,0.7567443848,0.8896789551,5.409986496,5.563625336,0.03197193146,0.04162788391,0.06394386292,0.02247691154,0.03454685211,0.04495382309,0.07540893555,0.07949829102
E02342,39.5,22,2012-12-10T02:00:00,2012-12-10T03:00:00,2012-12-10T04:00:00,2,6,wet_snow,6,wet_snow,0,2,1.335357666,1.164703369,1.506011963,5.516731262,5.517214775,0,0,0,0,0,0,0.009979248047,0.01501464844
E00611,40.25,22.25,2014-02-01T03:00:00,2014-02-01T04:00:00,2014-02-01T05:00:00,2,6,wet_snow,6,wet_snow,0,2,3.095977783,2.8956604,3.296295166,5.290803432,5.508425713,0.7501602173,1.384449005,1.500320435,0.6014585495,1.156032085,1.202917099,0.1923065186,0.287322998
E00942,40,21.75,2016-12-15T19:00:00,2016-12-15T20:00:00,2016-12-15T21:00:00,2,6,wet_snow,6,wet_snow,0,2,2.736236572,2.0050354,3.467437744,5.125593662,5.505516052,0.08497238159,0.1313209534,0.1699447632,0.05069375038,0.07612109184,0.1013875008,0.02429199219,0.04495239258
E00122,40.25,21.75,2015-02-03T21:00:00,2015-02-03T22:00:00,2015-02-03T23:00:00,2,6,wet_snow,6,wet_snow,0,2,0.9807434082,0.362701416,1.5987854,5.49152422,5.505405426,0,0,0,0,0,0,0.0008850097656,0.0008850097656
E00633,40.25,22.25,2016-01-03T07:00:00,2016-01-03T08:00:00,2016-01-03T09:00:00,2,6,wet_snow,6,wet_snow,0,2,0.8940734863,0.4283752441,1.359771729,4.952903271,5.501401901,0.2699375153,0.3192901611,0.5398750305,0.1562923193,0.2069056034,0.3125846386,0.1766967773,0.2046813965
E01074,40,22,2012-02-12T09:00:00,2012-02-12T10:00:00,2012-02-12T11:00:00,2,6,wet_snow,6,wet_snow,0,2,1.57699585,1.09487915,2.059112549,5.450848103,5.490797043,0.1203775406,0.1381874084,0.2407550812,0.09210705757,0.1010656357,0.1842141151,0.1564941406,0.1567077637
E01360,40,22.25,2013-12-17T08:00:00,2013-12-17T09:00:00,2013-12-17T10:00:00,2,6,wet_snow,6,wet_snow,0,2,2.897979736,2.70425415,3.091705322,5.475746632,5.490205765,0.0006437301636,0.0008583068848,0.001287460327,0.0006437301636,0.0007510185242,0.001287460327,0.03396606445,0.0364074707
E00215,40.25,21.75,2018-02-11T05:00:00,2018-02-11T06:00:00,2018-02-11T07:00:00,2,6,wet_snow,6,wet_snow,0,2,1.197906494,1.191925049,1.203887939,5.088858604,5.441896439,0.5076885223,0.517988205,1.015377045,0.3978520632,0.4185855389,0.7957041264,0.07106018066,0.07809448242
E00638,40.25,22.25,2016-01-17T16:00:00,2016-01-17T17:00:00,2016-01-17T18:00:00,2,6,wet_snow,6,wet_snow,0,2,0.6412658691,0.1527404785,1.12979126,5.431830883,5.438941956,0.2746582031,0.3261566162,0.5493164062,0.2471923828,0.280880928,0.4943847656,0.03051757812,0.04104614258
E01305,40,22.25,2012-02-03T17:00:00,2012-02-03T18:00:00,2012-02-03T19:00:00,2,3,freezing_rain,3,freezing_rain,2,0,1.180938721,1.056793213,1.305084229,5.389646053,5.428462982,0.02317428589,0.0283241272,0.04634857178,0.0009119510651,0.00171661377,0.00182390213,0.1207122803,0.1451416016
E01951,39.75,22.25,2012-02-11T06:00:00,2012-02-11T07:00:00,2012-02-11T08:00:00,2,6,wet_snow,6,wet_snow,0,2,2.878265381,2.619415283,3.137115479,5.391758442,5.424307823,1.028680801,1.046705246,2.057361603,0.8505553007,0.9217679501,1.701110601,0.1695709229,0.1844787598
E02862,39.25,21.75,2020-01-21T08:00:00,2020-01-21T09:00:00,2020-01-21T10:00:00,2,6,wet_snow,6,wet_snow,0,2,1.191009521,0.818145752,1.563873291,4.972047329,5.416152,0,0,0,5.36441803e-05,0.0001072883606,0.0001072883606,0.008758544922,0.01116943359
E02899,39.25,22,2012-12-10T02:00:00,2012-12-10T03:00:00,2012-12-10T04:00:00,2,6,wet_snow,6,wet_snow,0,2,0.8324279785,0.6315002441,1.033355713,5.378547668,5.410769463,0.0002145767212,0.0004291534424,0.0004291534424,5.36441803e-05,0.0001072883606,0.0001072883606,0.01200866699,0.01922607422
E00985,40,21.75,2017-02-20T05:00:00,2017-02-20T06:00:00,2017-02-20T07:00:00,2,6,wet_snow,6,wet_snow,0,2,1.69833374,1.638092041,1.758575439,5.297646999,5.410460472,0,0,0,0.0001072883606,0.0001072883606,0.0002145767212,0.04524230957,0.04833984375
E00200,40.25,21.75,2017-12-30T04:00:00,2017-12-30T05:00:00,2017-12-30T06:00:00,2,6,wet_snow,6,wet_snow,0,2,1.119842529,0.9066467285,1.33303833,5.331119061,5.395195007,0,0,0,0.0002682209015,0.0003218650818,0.000536441803,0.03518676758,0.03561401367
E01248,40,22,2018-12-17T20:00:00,2018-12-17T21:00:00,2018-12-17T22:00:00,2,6,wet_snow,6,wet_snow,0,2,2.552215576,2.494781494,2.609649658,5.330776215,5.382980347,0.03111362457,0.03819465637,0.06222724915,0.02108216286,0.02907514572,0.04216432571,0.07609558105,0.08953857422
E01530,40,22.5,2012-02-09T17:00:00,2012-02-09T18:00:00,2012-02-09T19:00:00,2,6,wet_snow,6,wet_snow,0,2,-1.255157471,-1.351165771,-1.15914917,5.315673351,5.361237526,0.08282661438,0.08583068848,0.1656532288,0.06866455078,0.07091760635,0.1373291016,0.03881835938,0.04754638672
E00057,40.25,21.75,2013-01-26T19:00:00,2013-01-26T20:00:00,2013-01-26T21:00:00,2,6,wet_snow,6,wet_snow,0,2,0.7663269043,0.7648010254,0.7678527832,5.057421207,5.342378616,0.006008148193,0.006866455078,0.01201629639,0.005632638931,0.006544589996,0.01126527786,0.1055297852,0.1076049805
E01191,40,22,2017-01-17T09:00:00,2017-01-17T10:00:00,2017-01-17T11:00:00,2,6,wet_snow,6,wet_snow,0,2,1.462677002,1.015289307,1.910064697,5.116481781,5.33823967,0.06651878357,0.07553100586,0.1330375671,0.05112290382,0.0571846962,0.1022458076,0.02857971191,0.02978515625
E01826,39.75,22,2012-02-16T07:00:00,2012-02-16T08:00:00,2012-02-16T09:00:00,2,6,wet_snow,6,wet_snow,0,2,1.963409424,1.034576416,2.892242432,5.079305172,5.335945129,0.01029968262,0.01459121704,0.02059936523,0.01013875008,0.01394748688,0.02027750015,0.004409790039,0.006072998047
E00340,40.25,22,2013-01-13T20:00:00,2013-01-13T21:00:00,2013-01-13T22:00:00,2,3,freezing_rain,3,freezing_rain,2,0,-0.385345459,-0.5718688965,-0.1988220215,5.19259119,5.329202652,0.0008583068848,0.0008583068848,0.00171661377,0,0,0,0.041015625,0.05200195312
E02868,39.25,21.75,2020-02-21T06:00:00,2020-02-21T07:00:00,2020-02-21T08:00:00,2,6,wet_snow,6,wet_snow,0,2,1.652923584,1.486968994,1.818878174,5.302604198,5.322595596,0.01974105835,0.02317428589,0.0394821167,0.01866817474,0.02145767212,0.03733634949,0.005752563477,0.007293701172
E03024,39.25,22.25,2012-12-10T02:00:00,2012-12-10T03:00:00,2012-12-10T04:00:00,2,6,wet_snow,6,wet_snow,0,2,2.061920166,2.049468994,2.074371338,5.224739075,5.320925713,0.0002145767212,0.0004291534424,0.0004291534424,0,0,0,0.01434326172,0.02221679688
E01832,39.75,22,2012-12-12T03:00:00,2012-12-12T04:00:00,2012-12-12T05:00:00,2,3,freezing_rain,3,freezing_rain,2,0,-0.3160095215,-0.6348571777,0.002838134766,5.194544315,5.310324669,0,0,0,0,0,0,0.005661010742,0.005798339844
E00572,40.25,22.25,2012-01-27T08:00:00,2012-01-27T09:00:00,2012-01-27T10:00:00,2,6,wet_snow,6,wet_snow,0,2,1.931549072,1.820587158,2.042510986,5.217834473,5.306158066,0,0,0,0,0,0,0.001373291016,0.001556396484
E02396,39.5,22,2019-12-29T00:00:00,2019-12-29T01:00:00,2019-12-29T02:00:00,2,6,wet_snow,6,wet_snow,0,2,3.492889404,3.477325439,3.508453369,5.294346809,5.297551155,0.002574920654,0.003433227539,0.005149841309,0.002950429916,0.0035405159,0.005900859833,0.002014160156,0.002502441406
E00549,40.25,22,2020-01-20T08:00:00,2020-01-20T09:00:00,2020-01-20T10:00:00,2,6,wet_snow,6,wet_snow,0,2,1.736541748,1.678009033,1.795074463,5.205894947,5.287494659,0.0004291534424,0.0008583068848,0.0008583068848,0.0006169080734,0.001019239426,0.001233816147,0.01480102539,0.01516723633
E02950,39.25,22,2017-01-11T23:00:00,2017-01-12T00:00:00,2017-01-12T01:00:00,2,3,freezing_rain,3,freezing_rain,2,0,-0.6364440918,-0.6985778809,-0.5743103027,5.120218277,5.26441288,0.03304481506,0.05664825439,0.06608963013,0.01067519188,0.0185072422,0.02135038376,0.002777099609,0.003326416016
E01430,40,22.25,2017-01-23T12:00:00,2017-01-23T13:00:00,2017-01-23T14:00:00,2,6,wet_snow,6,wet_snow,0,2,1.295562744,1.283721924,1.307403564,5.23432827,5.264199257,0.03004074097,0.04377365112,0.06008148193,0.02977252007,0.0435590744,0.05954504013,0.1918640137,0.2199707031
E02839,39.25,21.75,2019-01-11T21:00:00,2019-01-11T22:00:00,2019-01-11T23:00:00,2,6,wet_snow,6,wet_snow,0,2,2.321380615,1.695831299,2.946929932,5.036711693,5.259160995,1.265144348,1.295185089,2.530288696,0.8597820997,0.9711742401,1.719564199,0.1569976807,0.1730651855
E00145,40.25,21.75,2016-01-24T14:00:00,2016-01-24T15:00:00,2016-01-24T16:00:00,2,6,wet_snow,6,wet_snow,0,2,1.702728271,1.382843018,2.022613525,5.145281315,5.257660866,0,0,0,0.0002682209015,0.000536441803,0.000536441803,0.004959106445,0.009185791016
E02872,39.25,22,2012-01-01T00:00:00,2012-01-01T01:00:00,2012-01-01T02:00:00,2,6,wet_snow,6,wet_snow,0,2,1.119781494,0.9920959473,1.247467041,5.062320232,5.234125137,0,0,0,0,0,0,0.01765441895,0.02087402344
E00616,40.25,22.25,2014-02-04T04:00:00,2014-02-04T05:00:00,2014-02-04T06:00:00,2,6,wet_snow,6,wet_snow,0,2,1.253570557,1.137359619,1.369781494,5.050886631,5.222159386,0.04162788391,0.04162788391,0.08325576782,0.04144012928,0.04152059555,0.08288025856,0.08955383301,0.09213256836
E01354,40,22.25,2013-02-19T08:00:00,2013-02-19T09:00:00,2013-02-19T10:00:00,2,6,wet_snow,6,wet_snow,0,2,2.217071533,2.15713501,2.277008057,4.595556736,5.217226028,0.9314775467,0.9377002716,1.862955093,0.6802082062,0.7024168968,1.360416412,0.03553771973,0.03842163086
E02630,39.5,22.75,2016-01-24T09:00:00,2016-01-24T10:00:00,2016-01-24T11:00:00,2,6,wet_snow,6,wet_snow,0,2,3.353912354,2.479034424,4.228790283,5.169580936,5.215511322,0.0004291534424,0.0008583068848,0.0008583068848,0.0003755092621,0.000536441803,0.0007510185242,0.004821777344,0.005828857422
E00578,40.25,22.25,2012-02-03T22:00:00,2012-02-03T23:00:00,2012-02-04T00:00:00,2,3,freezing_rain,3,freezing_rain,2,0,0.1570129395,0.1372375488,0.1767883301,5.193956852,5.203980446,0.02295970917,0.02489089966,0.04591941833,0.004184246063,0.007081031799,0.008368492126,0.102645874,0.1116638184
E01905,39.75,22,2019-01-07T14:00:00,2019-01-07T15:00:00,2019-01-07T16:00:00,2,6,wet_snow,6,wet_snow,0,2,1.476470947,1.382965088,1.569976807,5.144333363,5.200058937,0.4639148712,0.6192684174,0.9278297424,0.4194170237,0.5958795547,0.8388340473,0.03855895996,0.07260131836
E01035,40,21.75,2019-12-04T07:00:00,2019-12-04T08:00:00,2019-12-04T09:00:00,2,6,wet_snow,6,wet_snow,0,2,2.750518799,2.575836182,2.925201416,5.17232275,5.198476791,0.4244327545,0.4729270935,0.848865509,0.2561241388,0.2647340298,0.5122482777,0.4037628174,0.4161682129
E02890,39.25,22,2012-02-10T09:00:00,2012-02-10T10:00:00,2012-02-10T11:00:00,2,6,wet_snow,6,wet_snow,0,2,0.6018371582,0.1842346191,1.019439697,4.633199215,5.19660759,0.9291172028,0.9304046631,1.858234406,0.9125947952,0.9291172028,1.82518959,0.1535797119,0.1770324707
E02675,39.25,21.75,2012-02-19T21:00:00,2012-02-19T22:00:00,2012-02-19T23:00:00,2,3,freezing_rain,3,freezing_rain,2,0,1.227935791,0.5802307129,1.875640869,5.172707558,5.188788414,0.001287460327,0.001287460327,0.002574920654,0,0,0,0.01174926758,0.01300048828
E01247,40,22,2018-12-17T08:00:00,2018-12-17T09:00:00,2018-12-17T10:00:00,2,6,wet_snow,6,wet_snow,0,2,1.884307861,0.9244689941,2.844146729,4.849357128,5.18860054,0.04076957703,0.05836486816,0.08153915405,0.0408500433,0.0585258007,0.08170008659,0.003280639648,0.004089355469
E02877,39.25,22,2012-01-27T07:00:00,2012-01-27T08:00:00,2012-01-27T09:00:00,2,6,wet_snow,6,wet_snow,0,2,1.968231201,0.759185791,3.177276611,4.646055222,5.187128067,0,0,0,2.682209015e-05,5.36441803e-05,5.36441803e-05,0.003982543945,0.005584716797
E01936,39.75,22.25,2012-01-26T17:00:00,2012-01-26T18:00:00,2012-01-26T19:00:00,2,6,wet_snow,6,wet_snow,0,2,4.040435791,3.726470947,4.354400635,5.126862049,5.16945076,0.0004291534424,0.0008583068848,0.0008583068848,0.0004023313522,0.0006973743439,0.0008046627045,0.02435302734,0.04241943359
E02373,39.5,22,2016-12-30T07:00:00,2016-12-30T08:00:00,2016-12-30T09:00:00,2,6,wet_snow,6,wet_snow,0,2,0.5702819824,-0.6059265137,1.746490479,4.835558414,5.158243179,0,0,0,0,0,0,0.007125854492,0.008270263672
E03163,39.25,22.5,2015-02-12T08:00:00,2015-02-12T09:00:00,2015-02-12T10:00:00,2,6,wet_snow,6,wet_snow,0,2,3.4715271,3.04800415,3.895050049,4.956693649,5.152235031,0.001072883606,0.002145767212,0.002145767212,0.001126527786,0.002145767212,0.002253055573,0.001586914062,0.003082275391
E00100,40.25,21.75,2014-02-02T17:00:00,2014-02-02T18:00:00,2014-02-02T19:00:00,2,6,wet_snow,6,wet_snow,0,2,1.264434814,1.178131104,1.350738525,5.081110001,5.134469986,0.00171661377,0.00171661377,0.003433227539,5.36441803e-05,0.0001072883606,0.0001072883606,0.06616210938,0.07415771484
E02298,39.5,21.75,2018-12-21T04:00:00,2018-12-21T05:00:00,2018-12-21T06:00:00,2,3,freezing_rain,3,freezing_rain,2,0,-0.9336853027,-1.099456787,-0.7679138184,5.040322781,5.124740601,0.002145767212,0.002145767212,0.004291534424,0.0006437301636,0.0007510185242,0.001287460327,0.01959228516,0.02847290039
E01426,40,22.25,2017-01-20T09:00:00,2017-01-20T10:00:00,2017-01-20T11:00:00,2,6,wet_snow,6,wet_snow,0,2,2.528717041,2.282501221,2.774932861,5.024789333,5.104821205,0.158572197,0.160074234,0.3171443939,0.1252323389,0.1340568066,0.2504646778,0.1894989014,0.2073974609
E00307,40.25,22,2012-02-05T23:00:00,2012-02-06T00:00:00,2012-02-06T01:00:00,2,3,freezing_rain,3,freezing_rain,2,0,-0.6576843262,-0.6849060059,-0.6304626465,5.060100079,5.078103065,0.006222724915,0.006866455078,0.01244544983,0.001448392868,0.002896785736,0.002896785736,0.0228729248,0.0266418457
E01680,39.75,21.75,2012-12-12T08:00:00,2012-12-12T09:00:00,2012-12-12T10:00:00,2,6,wet_snow,6,wet_snow,0,2,2.548492432,1.773468018,3.323516846,4.97383976,5.077717781,0.0002145767212,0.0004291534424,0.0004291534424,0.0001609325409,0.0002145767212,0.0003218650818,0.02183532715,0.02227783203
E00683,40.25,22.25,2017-02-14T08:00:00,2017-02-14T09:00:00,2017-02-14T10:00:00,2,6,wet_snow,6,wet_snow,0,2,2.471099854,2.286895752,2.655303955,4.973368645,5.074530602,0.06737709045,0.09870529175,0.1347541809,0.05831122398,0.08057355881,0.116622448,0.01797485352,0.01986694336
E01508,40,22.25,2020-01-20T15:00:00,2020-01-20T16:00:00,2020-01-20T17:00:00,2,6,wet_snow,6,wet_snow,0,2,3.250701904,3.147613525,3.353790283,4.719608307,5.032736778,0.008153915405,0.009441375732,0.01630783081,0,0,0,0.01051330566,0.01229858398
E02393,39.5,22,2019-02-24T07:00:00,2019-02-24T08:00:00,2019-02-24T09:00:00,2,6,wet_snow,6,wet_snow,0,2,1.187896729,0.6656799316,1.710113525,4.412336826,5.000206947,0.2096414566,0.216293335,0.4192829132,0.2094805241,0.2161860466,0.4189610481,0.03555297852,0.04147338867
E00503,40.25,22,2018-12-06T08:00:00,2018-12-06T09:00:00,2018-12-06T10:00:00,2,6,wet_snow,6,wet_snow,0,2,2.515289307,2.09854126,2.932037354,4.901438713,4.989937782,0,0,0,0,0,0,0.004745483398,0.004913330078
E01954,39.75,22.25,2012-02-16T07:00:00,2012-02-16T08:00:00,2012-02-16T09:00:00,2,6,wet_snow,6,wet_snow,0,2,2.212432861,1.235748291,3.189117432,4.800984859,4.986335754,0.007724761963,0.01029968262,0.01544952393,0.007295608521,0.009226799011,0.01459121704,0.004302978516,0.004638671875
E00642,40.25,22.25,2016-01-25T08:00:00,2016-01-25T09:00:00,2016-01-25T10:00:00,2,6,wet_snow,6,wet_snow,0,2,1.315155029,1.099517822,1.530792236,4.954676628,4.982812881,0.0002145767212,0.0004291534424,0.0004291534424,0.0002950429916,0.0004827976227,0.0005900859833,0.01876831055,0.02352905273
E02647,39.5,22.75,2019-01-09T08:00:00,2019-01-09T09:00:00,2019-01-09T10:00:00,2,6,wet_snow,6,wet_snow,0,2,-0.4902038574,-0.5101013184,-0.4703063965,4.604911804,4.981647491,0.01888275146,0.02059936523,0.03776550293,0.01668334007,0.01888275146,0.03336668015,0.0263671875,0.03546142578
E02697,39.25,21.75,2013-02-10T21:00:00,2013-02-10T22:00:00,2013-02-10T23:00:00,2,6,wet_snow,6,wet_snow,0,2,-0.1547546387,-0.9639587402,0.6544494629,4.963954449,4.979701042,0.01866817474,0.02660751343,0.03733634949,0.0187754631,0.02682209015,0.03755092621,0.002807617188,0.002838134766
E00663,40.25,22.25,2017-01-17T16:00:00,2017-01-17T17:00:00,2017-01-17T18:00:00,2,6,wet_snow,6,wet_snow,0,2,1.007232666,0.6120910645,1.402374268,4.841883183,4.972020149,0.3456830978,0.3639221191,0.6913661957,0.2996563911,0.3265321255,0.5993127823,0.121887207,0.1469726562
E00105,40.25,21.75,2014-02-14T05:00:00,2014-02-14T06:00:00,2014-02-14T07:00:00,2,3,freezing_rain,3,freezing_rain,2,0,-0.02133178711,-0.4522399902,0.409576416,4.926779747,4.961091995,0,0,0,0,0,0,0.003189086914,0.004669189453
E00482,40.25,22,2018-01-14T07:00:00,2018-01-14T08:00:00,2018-01-14T09:00:00,2,6,wet_snow,6,wet_snow,0,2,1.541168213,1.062896729,2.019439697,4.611676693,4.956541061,0.1615762711,0.1828193665,0.3231525421,0.1566410065,0.174343586,0.3132820129,0.1585235596,0.1748657227
E00065,40.25,21.75,2013-02-10T06:00:00,2013-02-10T07:00:00,2013-02-10T08:00:00,2,6,wet_snow,6,wet_snow,0,2,1.714874268,1.577789307,1.851959229,4.784565449,4.932963371,0.0002145767212,0.0004291534424,0.0004291534424,0.0002145767212,0.0004291534424,0.0004291534424,0.02249145508,0.03732299805
E02430,39.5,22.25,2015-02-09T23:00:00,2015-02-10T00:00:00,2015-02-10T01:00:00,2,6,wet_snow,6,wet_snow,0,2,2.400909424,2.043365479,2.758453369,4.873452187,4.931053162,0.007724761963,0.01029968262,0.01544952393,0.007402896881,0.009816884995,0.01480579376,0.01893615723,0.02764892578
E01559,40,22.5,2016-01-19T10:00:00,2016-01-19T11:00:00,2016-01-19T12:00:00,2,6,wet_snow,6,wet_snow,0,2,1.108917236,0.9968566895,1.220977783,4.707408905,4.918766022,0,0,0,0,0,0,0.00114440918,0.001739501953
E00308,40.25,22,2012-02-06T03:00:00,2012-02-06T04:00:00,2012-02-06T05:00:00,2,3,freezing_rain,3,freezing_rain,2,0,-0.7057189941,-0.8600769043,-0.551361084,4.529030323,4.913207054,0.03604888916,0.06351470947,0.07209777832,5.36441803e-05,0.0001072883606,0.0001072883606,0.03228759766,0.03668212891
E02002,39.75,22.25,2016-12-21T01:00:00,2016-12-21T02:00:00,2016-12-21T03:00:00,2,3,freezing_rain,3,freezing_rain,2,0,-1.321136475,-1.590423584,-1.051849365,4.878066063,4.903528214,0.1079320908,0.1609325409,0.2158641815,5.36441803e-05,0.0001072883606,0.0001072883606,0.1380310059,0.1805725098
E03124,39.25,22.5,2012-01-10T07:00:00,2012-01-10T08:00:00,2012-01-10T09:00:00,2,6,wet_snow,6,wet_snow,0,2,2.786224365,1.44619751,4.126251221,4.813938141,4.901191711,0,0,0,0.0001072883606,0.0002145767212,0.0002145767212,0.01351928711,0.01531982422
E01841,39.75,22,2015-01-01T08:00:00,2015-01-01T09:00:00,2015-01-01T10:00:00,2,6,wet_snow,6,wet_snow,0,2,1.509002686,1.355621338,1.662384033,4.813045025,4.870905876,0.004076957703,0.005578994751,0.008153915405,0.004050135612,0.005686283112,0.008100271225,0.01412963867,0.01712036133
E01625,40,22.75,2016-01-19T16:00:00,2016-01-19T17:00:00,2016-01-19T18:00:00,2,6,wet_snow,6,wet_snow,0,2,3.374237061,3.270050049,3.478424072,4.563317776,4.868344307,0.00171661377,0.003433227539,0.003433227539,0.0006437301636,0.001287460327,0.001287460327,0.005081176758,0.0078125
E00888,40,21.75,2013-12-17T07:00:00,2013-12-17T08:00:00,2013-12-17T09:00:00,2,6,wet_snow,6,wet_snow,0,2,1.206939697,-0.2513122559,2.66519165,4.568046093,4.836287498,0.002145767212,0.003433227539,0.004291534424,0.00182390213,0.003004074097,0.00364780426,0.0258026123,0.02679443359
E02742,39.25,21.75,2015-12-12T07:00:00,2015-12-12T08:00:00,2015-12-12T09:00:00,2,6,wet_snow,6,wet_snow,0,2,2.15512085,-0.1070251465,4.417266846,4.785386562,4.827902794,0,0,0,0,0,0,0.01211547852,0.01403808594
E02033,39.75,22.25,2019-01-07T14:00:00,2019-01-07T15:00:00,2019-01-07T16:00:00,2,6,wet_snow,6,wet_snow,0,2,1.913970947,1.871246338,1.956695557,4.617966175,4.795762062,0.5559682846,0.7368564606,1.111936569,0.5014926195,0.708425045,1.002985239,0.04737854004,0.08895874023
E02229,39.5,21.75,2013-02-11T04:00:00,2013-02-11T05:00:00,2013-02-11T06:00:00,2,6,wet_snow,6,wet_snow,0,2,1.44631958,1.323883057,1.568756104,4.66782856,4.7882061,0.0004291534424,0.0008583068848,0.0008583068848,0.0004291534424,0.0007510185242,0.0008583068848,0,0
E00347,40.25,22,2013-01-26T03:00:00,2013-01-26T04:00:00,2013-01-26T05:00:00,2,6,wet_snow,6,wet_snow,0,2,1.399688721,1.259674072,1.539703369,4.395200729,4.785896301,0.0171661377,0.01888275146,0.03433227539,0.01244544983,0.01266002655,0.02489089966,0.1745605469,0.175994873
E01007,40,21.75,2018-12-17T07:00:00,2018-12-17T08:00:00,2018-12-17T09:00:00,2,6,wet_snow,6,wet_snow,0,2,1.02822876,0.1710510254,1.885406494,4.611427307,4.776441574,0.057721138,0.08325576782,0.115442276,0.01665651798,0.03256201744,0.03331303596,0.05299377441,0.1008300781
E01292,40,22,2020-02-28T06:00:00,2020-02-28T07:00:00,2020-02-28T08:00:00,2,6,wet_snow,6,wet_snow,0,2,1.1456604,0.9376525879,1.353668213,4.61657095,4.773442268,0.006437301636,0.01287460327,0.01287460327,0.006195902824,0.01228451729,0.01239180565,0.01145935059,0.01245117188
E01171,40,22,2016-01-03T19:00:00,2016-01-03T20:00:00,2016-01-03T21:00:00,2,3,freezing_rain,3,freezing_rain,2,0,0.943572998,0.3874816895,1.499664307,4.719111919,4.771242142,0.01566410065,0.01630783081,0.03132820129,0,0,0,0.01420593262,0.01782226562
E00577,40.25,22.25,2012-02-03T17:00:00,2012-02-03T18:00:00,2012-02-03T19:00:00,2,6,wet_snow,6,wet_snow,0,2,0.6379699707,0.5333557129,0.7425842285,4.762204647,4.770259857,0.02467632294,0.02574920654,0.04935264587,0.01571774483,0.01587867737,0.03143548965,0.1199798584,0.1314086914
E02098,39.75,22.5,2016-01-01T09:00:00,2016-01-01T10:00:00,2016-01-01T11:00:00,2,6,wet_snow,6,wet_snow,0,2,0.7445983887,-1.69418335,3.183380127,4.517152786,4.769582748,0.003004074097,0.004291534424,0.006008148193,0.002950429916,0.004613399506,0.005900859833,0.01042175293,0.01324462891
E03278,39.25,22.75,2015-01-08T00:00:00,2015-01-08T01:00:00,2015-01-08T02:00:00,2,6,wet_snow,6,wet_snow,0,2,-0.7854919434,-0.8226013184,-0.7483825684,4.707145214,4.767681122,0,0,0,5.36441803e-05,0.0001072883606,0.0001072883606,0.0009918212891,0.001098632812
E00976,40,21.75,2017-01-31T07:00:00,2017-01-31T08:00:00,2017-01-31T09:00:00,2,6,wet_snow,6,wet_snow,0,2,1.521820068,0.8268127441,2.216827393,4.240239143,4.739414215,0.04012584686,0.04334449768,0.08025169373,0.02499818802,0.03052353859,0.04999637604,0.2294616699,0.2318115234
E01989,39.75,22.25,2016-01-22T07:00:00,2016-01-22T08:00:00,2016-01-22T09:00:00,2,6,wet_snow,6,wet_snow,0,2,3.355072021,2.005889893,4.70425415,4.384301186,4.732682228,0.001287460327,0.002574920654,0.002574920654,0.001233816147,0.002253055573,0.002467632294,0.1657409668,0.2066040039
E02083,39.75,22.5,2014-12-30T00:00:00,2014-12-30T01:00:00,2014-12-30T02:00:00,2,6,wet_snow,6,wet_snow,0,2,1.588409424,1.558502197,1.61831665,4.469016552,4.731402397,0.0002145767212,0.0004291534424,0.0004291534424,0.0002682209015,0.0003218650818,0.000536441803,0.09248352051,0.09396362305
E02418,39.5,22.25,2012-12-10T02:00:00,2012-12-10T03:00:00,2012-12-10T04:00:00,2,6,wet_snow,6,wet_snow,0,2,2.266021729,2.106109619,2.425933838,4.661750793,4.70276165,0,0,0,0,0,0,0.01301574707,0.01895141602
E02989,39.25,22,2020-01-02T02:00:00,2020-01-02T03:00:00,2020-01-02T04:00:00,2,6,wet_snow,6,wet_snow,0,2,0.577911377,0.2667541504,0.8890686035,4.67980957,4.684260368,0.01587867737,0.02403259277,0.03175735474,0.007429718971,0.007617473602,0.01485943794,0.06755065918,0.07775878906
E03002,39.25,22.25,2012-01-27T07:00:00,2012-01-27T08:00:00,2012-01-27T09:00:00,2,6,wet_snow,6,wet_snow,0,2,2.752410889,1.433013916,4.071807861,4.188047409,4.683221817,0,0,0,2.682209015e-05,5.36441803e-05,5.36441803e-05,0.004669189453,0.006713867188
E01479,40,22.25,2018-12-19T08:00:00,2018-12-19T09:00:00,2018-12-19T10:00:00,2,6,wet_snow,6,wet_snow,0,2,1.175201416,0.6620178223,1.68838501,4.594339848,4.657247543,0.0008583068848,0.0008583068848,0.00171661377,0.0004291534424,0.000536441803,0.0008583068848,0.0008239746094,0.0009155273438
E02636,39.5,22.75,2016-12-31T23:00:00,2017-01-01T00:00:00,2017-01-01T01:00:00,2,6,wet_snow,6,wet_snow,0,2,2.20425415,2.05557251,2.352935791,4.601116657,4.651695251,0.08540153503,0.1017093658,0.1708030701,0.06163716316,0.07789134979,0.1232743263,0.03715515137,0.04876708984
E01969,39.75,22.25,2015-01-01T08:00:00,2015-01-01T09:00:00,2015-01-01T10:00:00,2,6,wet_snow,6,wet_snow,0,2,2.266815186,2.201324463,2.332305908,4.560603619,4.640437126,0.003862380981,0.005578994751,0.007724761963,0.003781914711,0.00547170639,0.007563829422,0.01678466797,0.01937866211
E00168,40.25,21.75,2017-01-17T09:00:00,2017-01-17T10:00:00,2017-01-17T11:00:00,2,6,wet_snow,6,wet_snow,0,2,0.943145752,0.5035705566,1.382720947,4.455348969,4.623239517,0.08797645569,0.09269714355,0.1759529114,0.083309412,0.08379220963,0.166618824,0.04524230957,0.04901123047
E02999,39.25,22.25,2012-01-10T07:00:00,2012-01-10T08:00:00,2012-01-10T09:00:00,2,6,wet_snow,6,wet_snow,0,2,2.900482178,1.58291626,4.218048096,4.383274078,4.607246399,0,0,0,5.36441803e-05,0.0001072883606,0.0001072883606,0.01258850098,0.01467895508
E02811,39.25,21.75,2018-01-26T08:00:00,2018-01-26T09:00:00,2018-01-26T10:00:00,2,6,wet_snow,6,wet_snow,0,2,1.728057861,1.375640869,2.080474854,4.224217415,4.597735405,0,0,0,0.0001072883606,0.0001072883606,0.0002145767212,0.02168273926,0.02587890625
E00930,40,21.75,2015-12-11T19:00:00,2015-12-11T20:00:00,2015-12-11T21:00:00,2,6,wet_snow,6,wet_snow,0,2,2.116241455,1.498443604,2.734039307,4.431105137,4.59386158,0.003433227539,0.004291534424,0.006866455078,0.001341104507,0.001931190491,0.002682209015,0.07554626465,0.08410644531
E01807,39.75,22,2012-01-21T01:00:00,2012-01-21T02:00:00,2012-01-21T03:00:00,2,3,freezing_rain,3,freezing_rain,2,0,2.614776611,2.4190979,2.810455322,4.530995846,4.581912041,0.05600452423,0.06008148193,0.1120090485,0,0,0,0.05358886719,0.06896972656
E00608,40.25,22.25,2013-12-17T07:00:00,2013-12-17T08:00:00,2013-12-17T09:00:00,2,6,wet_snow,6,wet_snow,0,2,1.290924072,-0.2454528809,2.827301025,4.362479687,4.552107811,0,0,0,0.0003755092621,0.0004291534424,0.0007510185242,0.04020690918,0.04342651367
E03111,39.25,22.25,2019-12-29T20:00:00,2019-12-29T21:00:00,2019-12-29T22:00:00,2,6,wet_snow,6,wet_snow,0,2,2.174713135,1.923492432,2.425933838,4.512341976,4.543971062,0.01866817474,0.03218650818,0.03733634949,0.01024603844,0.01791715622,0.02049207687,0.1055297852,0.1056213379
E01960,39.75,22.25,2012-12-12T03:00:00,2012-12-12T04:00:00,2012-12-12T05:00:00,2,3,freezing_rain,3,freezing_rain,2,0,-0.7886657715,-1.035247803,-0.5420837402,4.447474003,4.543723106,0,0,0,0,0,0,0.00163269043,0.001861572266
E02505,39.5,22.5,2012-12-10T03:00:00,2012-12-10T04:00:00,2012-12-10T05:00:00,2,6,wet_snow,6,wet_snow,0,2,1.669708252,1.397369385,1.942047119,4.200594902,4.528943062,0,0,0,0,0,0,0.003067016602,0.003082275391
E00017,40.25,21.75,2012-02-06T03:00:00,2012-02-06T04:00:00,2012-02-06T05:00:00,2,3,freezing_rain,3,freezing_rain,2,0,-0.6041564941,-0.7389831543,-0.469329834,4.187721729,4.504027367,0.1143693924,0.1926898956,0.2287387848,0.0002145767212,0.0002145767212,0.0004291534424,0.02484130859,0.0354309082
E03280,39.25,22.75,2015-01-08T08:00:00,2015-01-08T09:00:00,2015-01-08T10:00:00,2,6,wet_snow,6,wet_snow,0,2,1.864105225,1.682891846,2.045318604,4.466366768,4.497878075,0,0,0,0,0,0,0.0007019042969,0.0008239746094
E02322,39.5,21.75,2020-01-14T05:00:00,2020-01-14T06:00:00,2020-01-14T07:00:00,2,3,freezing_rain,3,freezing_rain,2,0,-0.6581726074,-0.9021911621,-0.4141540527,4.19153738,4.489521027,0.0008583068848,0.0008583068848,0.00171661377,0,0,0,1.525878906e-05,3.051757812e-05
E02375,39.5,22,2016-12-31T08:00:00,2016-12-31T09:00:00,2016-12-31T10:00:00,2,6,wet_snow,6,wet_snow,0,2,2.051055908,1.440093994,2.662017822,3.617486477,4.471317291,0.0008583068848,0.00171661377,0.00171661377,0.001019239426,0.00182390213,0.002038478851,0.00959777832,0.01721191406
E01861,39.75,22,2016-01-22T07:00:00,2016-01-22T08:00:00,2016-01-22T09:00:00,2,6,wet_snow,6,wet_snow,0,2,3.009368896,1.681671143,4.33706665,4.129418373,4.459244728,0.00536441803,0.006437301636,0.01072883606,0.004774332047,0.00536441803,0.009548664093,0.1809234619,0.213684082
E00230,40.25,21.75,2018-12-17T08:00:00,2018-12-17T09:00:00,2018-12-17T10:00:00,2,6,wet_snow,6,wet_snow,0,2,1.411651611,0.8561096191,1.967193604,4.214591503,4.459108353,0.06694793701,0.08411407471,0.133895874,0.06407797337,0.07832050323,0.1281559467,0.02265930176,0.02728271484
E02829,39.25,21.75,2018-12-19T07:00:00,2018-12-19T08:00:00,2018-12-19T09:00:00,2,6,wet_snow,6,wet_snow,0,2,1.426300049,0.7062072754,2.146392822,4.28617239,4.459005356,0.0002145767212,0.0004291534424,0.0004291534424,0.0002682209015,0.0004291534424,0.000536441803,0.009475708008,0.009674072266
E00541,40.25,22,2020-01-12T04:00:00,2020-01-12T05:00:00,2020-01-12T06:00:00,2,3,freezing_rain,3,freezing_rain,2,0,1.738128662,1.435211182,2.041046143,4.188384533,4.458810806,0.07231235504,0.07982254028,0.1446247101,0,0,0,0.08824157715,0.1200866699
E01506,40,22.25,2020-01-20T04:00:00,2020-01-20T05:00:00,2020-01-20T06:00:00,2,6,wet_snow,6,wet_snow,0,2,2.420257568,2.307159424,2.533355713,4.336374283,4.440633774,0.1879692078,0.1931190491,0.3759384155,0.1093536615,0.1125991344,0.2187073231,0.1940460205,0.2181091309
E01469,40,22.25,2018-12-01T00:00:00,2018-12-01T01:00:00,2018-12-01T02:00:00,2,6,wet_snow,6,wet_snow,0,2,-0.3601989746,-0.3846130371,-0.3357849121,4.392368317,4.429810524,0,0,0,2.682209015e-05,5.36441803e-05,5.36441803e-05,0.04919433594,0.0530090332
E02737,39.25,21.75,2015-02-13T07:00:00,2015-02-13T08:00:00,2015-02-13T09:00:00,2,6,wet_snow,6,wet_snow,0,2,0.6829528809,-1.473724365,2.839630127,4.016611576,4.415416718,0,0,0,0,0,0,0.005004882812,0.005401611328
E02997,39.25,22.25,2012-01-01T00:00:00,2012-01-01T01:00:00,2012-01-01T02:00:00,2,6,wet_snow,6,wet_snow,0,2,2.023101807,1.777252197,2.268951416,4.223453045,4.380609512,0,0,0,0,0,0,0.01818847656,0.02188110352
E01359,40,22.25,2013-12-16T16:00:00,2013-12-16T17:00:00,2013-12-16T18:00:00,2,6,wet_snow,6,wet_snow,0,2,3.735931396,3.292510986,4.179351807,4.30760479,4.372294426,0,0,0,0,0,0,0.01892089844,0.02035522461
E01192,40,22,2017-01-17T14:00:00,2017-01-17T15:00:00,2017-01-17T16:00:00,2,6,wet_snow,6,wet_snow,0,2,1.256988525,1.246002197,1.267974854,4.22092104,4.321160316,0.2150058746,0.2553462982,0.4300117493,0.1586526632,0.1677453518,0.3173053265,0.03131103516,0.03988647461
E02752,39.25,21.75,2016-12-14T10:00:00,2016-12-14T11:00:00,2016-12-14T12:00:00,2,6,wet_snow,6,wet_snow,0,2,3.547698975,3.264190674,3.831207275,4.25486517,4.321141243,0.0002145767212,0.0004291534424,0.0004291534424,0.0001072883606,0.0002145767212,0.0002145767212,0.009704589844,0.0163269043
E03098,39.25,22.25,2019-01-07T15:00:00,2019-01-07T16:00:00,2019-01-07T17:00:00,2,6,wet_snow,6,wet_snow,0,2,1.913116455,1.794830322,2.031402588,3.667006493,4.320053101,0.2628564835,0.4574775696,0.5257129669,0.2500355244,0.444817543,0.5000710487,0.0128326416,0.02346801758
E01094,40,22,2012-12-21T13:00:00,2012-12-21T14:00:00,2012-12-21T15:00:00,2,6,wet_snow,6,wet_snow,0,2,2.654022217,2.216339111,3.091705322,3.986198902,4.317718506,0,0,0,0.0001072883606,0.0002145767212,0.0002145767212,0.003051757812,0.004699707031
E03293,39.25,22.75,2015-02-18T19:00:00,2015-02-18T20:00:00,2015-02-18T21:00:00,2,6,wet_snow,6,wet_snow,0,2,2.568878174,1.975494385,3.162261963,4.182288647,4.314090729,0,0,0,5.36441803e-05,5.36441803e-05,0.0001072883606,0.001861572266,0.001953125
E00966,40,21.75,2017-01-23T06:00:00,2017-01-23T07:00:00,2017-01-23T08:00:00,2,6,wet_snow,6,wet_snow,0,2,0.3333435059,0.1020812988,0.5646057129,3.899235725,4.311976433,0.02617835999,0.03347396851,0.05235671997,0.01700520515,0.02102851868,0.03401041031,0.2535247803,0.257598877
E02973,39.25,22,2019-01-07T15:00:00,2019-01-07T16:00:00,2019-01-07T17:00:00,2,6,wet_snow,6,wet_snow,0,2,0.2412414551,0.09756469727,0.3849182129,3.983412743,4.295639038,0.2042770386,0.3630638123,0.4085540771,0.1982688904,0.3542661667,0.3965377808,0.009765625,0.01843261719
E02316,39.5,21.75,2019-12-28T17:00:00,2019-12-28T18:00:00,2019-12-28T19:00:00,2,6,wet_snow,6,wet_snow,0,2,4.419342041,4.369537354,4.469146729,3.925846577,4.28186512,0.0008583068848,0.00171661377,0.00171661377,0.0008583068848,0.001502037048,0.00171661377,0.009582519531,0.01080322266
E00716,40.25,22.25,2019-01-14T15:00:00,2019-01-14T16:00:00,2019-01-14T17:00:00,2,6,wet_snow,6,wet_snow,0,2,1.395904541,0.9647521973,1.827056885,3.988565445,4.263656616,0.03626346588,0.04334449768,0.07252693176,0.03148913383,0.03401041031,0.06297826767,0.01022338867,0.01266479492
E01805,39.75,22,2012-01-10T18:00:00,2012-01-10T19:00:00,2012-01-10T20:00:00,2,6,wet_snow,6,wet_snow,0,2,2.761505127,2.185699463,3.337310791,4.170754433,4.262472153,0,0,0,0,0,0,0.001235961914,0.001556396484
E00973,40,21.75,2017-01-27T11:00:00,2017-01-27T12:00:00,2017-01-27T13:00:00,2,6,wet_snow,6,wet_snow,0,2,2.106842041,2.099029541,2.114654541,4.240636349,4.25467205,0.0004291534424,0.0008583068848,0.0008583068848,0.0002682209015,0.000536441803,0.000536441803,0.01547241211,0.02261352539
E00222,40.25,21.75,2018-02-25T06:00:00,2018-02-25T07:00:00,2018-02-25T08:00:00,2,6,wet_snow,6,wet_snow,0,2,2.984954834,2.943511963,3.026397705,3.752888203,4.24642849,0.158572197,0.2566337585,0.3171443939,0.06791353226,0.1141548157,0.1358270645,0.225479126,0.262878418
E00604,40.25,22.25,2013-02-11T01:00:00,2013-02-11T02:00:00,2013-02-11T03:00:00,2,6,wet_snow,6,wet_snow,0,2,0.7430725098,0.7254943848,0.7606506348,4.108222961,4.241120338,0.002574920654,0.004291534424,0.005149841309,0.002306699753,0.00364780426,0.004613399506,0.006484985352,0.006683349609
E01235,40,22,2018-01-25T10:00:00,2018-01-25T11:00:00,2018-01-25T12:00:00,2,6,wet_snow,6,wet_snow,0,2,3.013092041,2.861480713,3.164703369,4.154332161,4.238679886,0,0,0,0,0,0,0.009002685547,0.009307861328
E02535,39.5,22.5,2016-12-29T07:00:00,2016-12-29T08:00:00,2016-12-29T09:00:00,2,6,wet_snow,6,wet_snow,0,2,3.043304443,1.829742432,4.256866455,3.83929491,4.23668766,0.002360343933,0.003004074097,0.004720687866,0.001931190491,0.002682209015,0.003862380981,0.006011962891,0.007629394531
E00904,40,21.75,2014-02-03T07:00:00,2014-02-03T08:00:00,2014-02-03T09:00:00,2,6,wet_snow,6,wet_snow,0,2,2.366607666,1.284088135,3.449127197,4.102462769,4.231801033,0.006651878357,0.006866455078,0.01330375671,0.004935264587,0.005686283112,0.009870529175,0.1427764893,0.1534118652
E00899,40,21.75,2014-01-28T07:00:00,2014-01-28T08:00:00,2014-01-28T09:00:00,2,6,wet_snow,6,wet_snow,0,2,0.8109436035,0.2418518066,1.3800354,3.946950436,4.195620537,0.1175880432,0.1982688904,0.2351760864,0.0811368227,0.1386702061,0.1622736454,0.03717041016,0.06500244141
E01239,40,22,2018-02-11T07:00:00,2018-02-11T08:00:00,2018-02-11T09:00:00,2,6,wet_snow,6,wet_snow,0,2,2.075531006,1.356109619,2.794952393,4.160074711,4.182739258,0.3875255585,0.3939628601,0.7750511169,0.3233134747,0.328785181,0.6466269493,0.1161499023,0.123046875
E00373,40.25,22,2013-12-24T17:00:00,2013-12-24T18:00:00,2013-12-24T19:00:00,2,3,freezing_rain,3,freezing_rain,2,0,0.8439025879,0.4820861816,1.205718994,4.044723988,4.166008949,0.0819683075,0.1356124878,0.163936615,0,0,0,0.002227783203,0.004089355469
E01544,40,22.5,2015-01-08T07:00:00,2015-01-08T08:00:00,2015-01-08T09:00:00,2,6,wet_snow,6,wet_snow,0,2,-1.382720947,-2.72567749,-0.0397644043,4.066553593,4.157511711,0,0,0,0,0,0,0.001831054688,0.002471923828
E01208,40,22,2017-02-10T05:00:00,2017-02-10T06:00:00,2017-02-10T07:00:00,2,6,wet_snow,6,wet_snow,0,2,4.022979736,4.014801025,4.031158447,4.13623476,4.144878387,0.08239746094,0.08583068848,0.1647949219,0.06056427956,0.07027387619,0.1211285591,0.1791381836,0.180480957
E02003,39.75,22.25,2016-12-21T17:00:00,2016-12-21T18:00:00,2016-12-21T19:00:00,2,3,freezing_rain,3,freezing_rain,2,0,1.845123291,1.279449463,2.410797119,3.929483414,4.142461777,0.1025676727,0.1450538635,0.2051353455,0,0,0,0.1123657227,0.1373901367
E00135,40.25,21.75,2015-12-11T07:00:00,2015-12-11T08:00:00,2015-12-11T09:00:00,2,6,wet_snow,6,wet_snow,0,2,2.443511963,2.007965088,2.879058838,4.113657951,4.140213966,0.02424716949,0.02875328064,0.04849433899,0.02038478851,0.02671480179,0.04076957703,0.09788513184,0.1018066406
E01609,40,22.75,2015-01-08T07:00:00,2015-01-08T08:00:00,2015-01-08T09:00:00,2,6,wet_snow,6,wet_snow,0,2,3.230560303,3.155181885,3.305938721,4.068994999,4.113566399,0,0,0,0,0,0,0.01039123535,0.0129699707
E01560,40,22.5,2016-01-19T16:00:00,2016-01-19T17:00:00,2016-01-19T18:00:00,2,6,wet_snow,6,wet_snow,0,2,0.226776123,-0.5235290527,0.9770812988,3.798181057,4.101742744,0.0008583068848,0.00171661377,0.00171661377,0.0003755092621,0.0007510185242,0.0007510185242,0.0029296875,0.004486083984
E02738,39.25,21.75,2015-02-13T16:00:00,2015-02-13T17:00:00,2015-02-13T18:00:00,2,6,wet_snow,6,wet_snow,0,2,4.154327393,2.386383057,5.922271729,3.930063248,4.090037346,0,0,0,0,0,0,0.003433227539,0.003662109375
E00455,40.25,22,2017-01-20T09:00:00,2017-01-20T10:00:00,2017-01-20T11:00:00,2,6,wet_snow,6,wet_snow,0,2,1.979888916,1.509063721,2.450714111,3.963265896,4.077569962,0.08583068848,0.0871181488,0.171661377,0.08159279823,0.08314847946,0.1631855965,0.1272735596,0.1293640137
E02312,39.5,21.75,2019-02-16T05:00:00,2019-02-16T06:00:00,2019-02-16T07:00:00,2,6,wet_snow,6,wet_snow,0,2,2.355010986,2.170196533,2.539825439,3.951249123,4.073122025,0.01029968262,0.01373291016,0.02059936523,0.005632638931,0.007295608521,0.01126527786,0.09066772461,0.09170532227
E00034,40.25,21.75,2012-12-06T07:00:00,2012-12-06T08:00:00,2012-12-06T09:00:00,2,6,wet_snow,6,wet_snow,0,2,2.183746338,1.056182861,3.311309814,3.444662571,4.069280624,0.2326011658,0.4360198975,0.4652023315,0.2204239368,0.4230380058,0.4408478737,0.006713867188,0.01156616211
E01276,40,22,2020-01-14T04:00:00,2020-01-14T05:00:00,2020-01-14T06:00:00,2,3,freezing_rain,3,freezing_rain,2,0,-0.182220459,-0.2891540527,-0.07528686523,3.949193478,4.057303429,0.00171661377,0.002574920654,0.003433227539,0,0,0,0.004837036133,0.005310058594
E01176,40,22,2016-01-27T03:00:00,2016-01-27T04:00:00,2016-01-27T05:00:00,2,3,freezing_rain,3,freezing_rain,2,0,0.667755127,0.6197814941,0.7157287598,4.026017666,4.054281235,0.0008583068848,0.00171661377,0.00171661377,0,0,0,0.001571655273,0.002075195312
E02449,39.5,22.25,2016-12-30T07:00:00,2016-12-30T08:00:00,2016-12-30T09:00:00,2,6,wet_snow,6,wet_snow,0,2,0.9257507324,-0.3949890137,2.246490479,3.768663883,4.042032242,0.0002145767212,0.0004291534424,0.0004291534424,0.0001609325409,0.0003218650818,0.0003218650818,0.009323120117,0.01007080078
E02247,39.5,21.75,2015-02-11T16:00:00,2015-02-11T17:00:00,2015-02-11T18:00:00,2,6,wet_snow,6,wet_snow,0,2,2.146820068,1.119049072,3.174591064,3.92326498,4.009231567,0.0004291534424,0.0008583068848,0.0008583068848,0.0004291534424,0.0006437301636,0.0008583068848,0.001129150391,0.00146484375
E02504,39.5,22.5,2012-02-28T01:00:00,2012-02-28T02:00:00,2012-02-28T03:00:00,2,6,wet_snow,6,wet_snow,0,2,2.861724854,2.734771729,2.988677979,3.925423145,4.004846573,0.01652240753,0.01974105835,0.03304481506,0.01330375671,0.01974105835,0.02660751343,0.08438110352,0.09375
E02881,39.25,22,2012-01-29T20:00:00,2012-01-29T21:00:00,2012-01-29T22:00:00,2,6,wet_snow,6,wet_snow,0,2,0.556060791,0.5390930176,0.5730285645,3.894071102,4.002049446,0.3141403198,0.3677845001,0.6282806396,0.2473264933,0.3252446651,0.4946529865,0.1290435791,0.1427001953
E02269,39.5,21.75,2016-12-31T15:00:00,2016-12-31T16:00:00,2016-12-31T17:00:00,2,6,wet_snow,6,wet_snow,0,2,4.336334229,4.162384033,4.510284424,3.518977165,3.957636833,0,0,0,0,0,0,0.02766418457,0.04238891602
E01199,40,22,2017-01-22T09:00:00,2017-01-22T10:00:00,2017-01-22T11:00:00,2,6,wet_snow,6,wet_snow,0,2,1.965484619,0.8009338379,3.1300354,3.682401657,3.934443474,0,0,0,0,0,0,0.01446533203,0.01651000977
E03179,39.25,22.5,2016-01-22T22:00:00,2016-01-22T23:00:00,2016-01-23T00:00:00,2,6,wet_snow,6,wet_snow,0,2,1.89175415,1.859161377,1.924346924,3.844541073,3.931926727,0.02360343933,0.03046989441,0.04720687866,0.02169907093,0.03079175949,0.04339814186,0.06636047363,0.06823730469
E01308,40,22.25,2012-02-06T03:00:00,2012-02-06T04:00:00,2012-02-06T05:00:00,2,3,freezing_rain,3,freezing_rain,2,0,0.5032653809,0.2922668457,0.714263916,3.819069386,3.928832054,0.04141330719,0.06995201111,0.08282661438,0,0,0,0.0223236084,0.02670288086
E00363,40.25,22,2013-02-21T04:00:00,2013-02-21T05:00:00,2013-02-21T06:00:00,2,3,freezing_rain,3,freezing_rain,2,0,1.730255127,1.697174072,1.763336182,3.845806122,3.918096542,0.01094341278,0.01759529114,0.02188682556,0.001072883606,0.002145767212,0.002145767212,0.03587341309,0.03863525391
E01759,39.75,21.75,2017-12-22T15:00:00,2017-12-22T16:00:00,2017-12-22T17:00:00,2,6,wet_snow,6,wet_snow,0,2,1.942230225,1.738189697,2.146270752,3.881961346,3.916414261,0.5497455597,0.5647659302,1.099491119,0.4892349243,0.4988372326,0.9784698486,0.03997802734,0.0578918457
E02472,39.5,22.25,2019-12-29T00:00:00,2019-12-29T01:00:00,2019-12-29T02:00:00,2,6,wet_snow,6,wet_snow,0,2,3.850311279,3.848297119,3.852325439,3.895421028,3.91278553,0.01544952393,0.01974105835,0.03089904785,0.008368492126,0.01105070114,0.01673698425,0.00325012207,0.003814697266
E03219,39.25,22.5,2019-01-10T05:00:00,2019-01-10T06:00:00,2019-01-10T07:00:00,2,3,freezing_rain,3,freezing_rain,2,0,0.5146789551,0.376373291,0.6529846191,3.724678993,3.897211075,0.02875328064,0.02918243408,0.05750656128,0,0,0,0.004592895508,0.008636474609
E00589,40.25,22.25,2012-12-08T05:00:00,2012-12-08T06:00:00,2012-12-08T07:00:00,2,6,wet_snow,6,wet_snow,0,2,-0.08187866211,-0.3506774902,0.186920166,3.837624073,3.891583443,0.0008583068848,0.0008583068848,0.00171661377,0.0005900859833,0.0006437301636,0.001180171967,0.05291748047,0.07843017578
E00462,40.25,22,2017-01-30T08:00:00,2017-01-30T09:00:00,2017-01-30T10:00:00,2,6,wet_snow,6,wet_snow,0,2,0.8952941895,0.7138977051,1.076690674,3.859172344,3.885756493,0.03175735474,0.03519058228,0.06351470947,0.03148913383,0.03460049629,0.06297826767,0.07588195801,0.08694458008
E00386,40.25,22,2014-02-06T04:00:00,2014-02-06T05:00:00,2014-02-06T06:00:00,2,3,freezing_rain,3,freezing_rain,2,0,0.8089904785,0.8019104004,0.8160705566,3.811805248,3.86673069,0.003433227539,0.006437301636,0.006866455078,0,0,0,0.004653930664,0.006072998047
E00629,40.25,22.25,2015-02-13T07:00:00,2015-02-13T08:00:00,2015-02-13T09:00:00,2,6,wet_snow,6,wet_snow,0,2,0.5950622559,-1.99911499,3.189239502,3.810068607,3.836315155,0,0,0,0,0,0,0.006530761719,0.006713867188
E01349,40,22.25,2013-02-08T19:00:00,2013-02-08T20:00:00,2013-02-08T21:00:00,2,6,wet_snow,6,wet_snow,0,2,2.817352295,2.273468018,3.361236572,3.797012329,3.835133553,0.1248836517,0.1278877258,0.2497673035,0.04535615444,0.07708668709,0.09071230888,0.04832458496,0.05487060547
E00417,40.25,22,2015-12-11T19:00:00,2015-12-11T20:00:00,2015-12-11T21:00:00,2,6,wet_snow,6,wet_snow,0,2,2.52444458,2.205474854,2.843414307,3.779737949,3.835072517,0.002145767212,0.002574920654,0.004291534424,0.001448392868,0.00182390213,0.002896785736,0.0163269043,0.01736450195
E01732,39.75,21.75,2017-01-04T03:00:00,2017-01-04T04:00:00,2017-01-04T05:00:00,2,3,freezing_rain,3,freezing_rain,2,0,0.224029541,0.143951416,0.304107666,3.700749874,3.834489822,0.003004074097,0.003433227539,0.006008148193,0,0,0,0.0006103515625,0.001098632812
E02111,39.75,22.5,2016-01-25T07:00:00,2016-01-25T08:00:00,2016-01-25T09:00:00,2,6,wet_snow,6,wet_snow,0,2,2.125274658,0.1354064941,4.115142822,3.800186634,3.819708824,0.003004074097,0.003433227539,0.006008148193,0.003030896187,0.003325939178,0.006061792374,0.006469726562,0.006958007812
E03076,39.25,22.25,2017-01-13T08:00:00,2017-01-13T09:00:00,2017-01-13T10:00:00,2,3,freezing_rain,3,freezing_rain,2,0,-6.164886475,-7.640228271,-4.689544678,3.758200169,3.814797401,0,0,0,0,0,0,0.01293945312,0.013671875
E02529,39.5,22.5,2016-01-20T08:00:00,2016-01-20T09:00:00,2016-01-20T10:00:00,2,6,wet_snow,6,wet_snow,0,2,0.7218322754,0.6539611816,0.7897033691,3.419739723,3.807191849,0.284743309,0.3360271454,0.569486618,0.2820074558,0.3362417221,0.5640149117,0.05177307129,0.05847167969
E00362,40.25,22,2013-02-21T01:00:00,2013-02-21T02:00:00,2013-02-21T03:00:00,2,3,freezing_rain,3,freezing_rain,2,0,0.8742980957,0.7301330566,1.018463135,3.787689209,3.79887867,0,0,0,0,0,0,0.0161895752,0.01806640625
E03046,39.25,22.25,2016-01-01T13:00:00,2016-01-01T14:00:00,2016-01-01T15:00:00,2,6,wet_snow,6,wet_snow,0,2,3.526580811,3.289337158,3.763824463,3.656034946,3.795718193,0,0,0,0,0,0,0.01988220215,0.02230834961
E02714,39.25,21.75,2014-01-26T17:00:00,2014-01-26T18:00:00,2014-01-26T19:00:00,2,6,wet_snow,6,wet_snow,0,2,2.645477295,2.583282471,2.707672119,3.3856287,3.790745735,0.2429008484,0.2514839172,0.4858016968,0.1775622368,0.180888176,0.3551244736,0.1316375732,0.1736450195
E00485,40.25,22,2018-01-15T07:00:00,2018-01-15T08:00:00,2018-01-15T09:00:00,2,6,wet_snow,6,wet_snow,0,2,1.103485107,0.837677002,1.369293213,3.731638908,3.786586761,0.536441803,0.7724761963,1.072883606,0.5312919617,0.771510601,1.062583923,0.09596252441,0.1445922852
E01236,40,22,2018-01-26T08:00:00,2018-01-26T09:00:00,2018-01-26T10:00:00,2,6,wet_snow,6,wet_snow,0,2,0.7720031738,0.6959533691,0.8480529785,3.490330696,3.761797905,0,0,0,0,0,0,0.01704406738,0.02081298828
E02471,39.5,22.25,2019-02-25T06:00:00,2019-02-25T07:00:00,2019-02-25T08:00:00,2,6,wet_snow,6,wet_snow,0,2,1.157867432,0.8385314941,1.477203369,3.056102753,3.743703842,0.009870529175,0.01201629639,0.01974105835,0.009816884995,0.01212358475,0.01963376999,0.06471252441,0.07250976562
E00675,40.25,22.25,2017-01-28T17:00:00,2017-01-28T18:00:00,2017-01-28T19:00:00,2,6,wet_snow,6,wet_snow,0,2,-0.6842956543,-0.7864685059,-0.5821228027,3.462892532,3.72081089,0,0,0,0.0001072883606,0.0002145767212,0.0002145767212,0.005249023438,0.006408691406
E00171,40.25,21.75,2017-01-20T07:00:00,2017-01-20T08:00:00,2017-01-20T09:00:00,2,6,wet_snow,6,wet_snow,0,2,1.092803955,0.2203674316,1.965240479,3.597861767,3.718175888,0.08068084717,0.08497238159,0.1613616943,0.07574558258,0.08347034454,0.1514911652,0.1344299316,0.1418762207
E03114,39.25,22.25,2020-01-02T02:00:00,2020-01-02T03:00:00,2020-01-02T04:00:00,2,6,wet_snow,6,wet_snow,0,2,1.859161377,1.2784729,2.439849854,3.67590332,3.706608772,0.04806518555,0.05407333374,0.09613037109,0.006839632988,0.008207559586,0.01367926598,0.08520507812,0.1016845703
E01999,39.75,22.25,2016-12-17T03:00:00,2016-12-17T04:00:00,2016-12-17T05:00:00,2,6,wet_snow,6,wet_snow,0,2,1.938018799,1.929473877,1.946563721,3.637269974,3.692295074,0.4772186279,0.5132675171,0.9544372559,0.3737926483,0.3998637199,0.7475852966,0.1859283447,0.2307434082
E00680,40.25,22.25,2017-02-01T01:00:00,2017-02-01T02:00:00,2017-02-01T03:00:00,2,3,freezing_rain,3,freezing_rain,2,0,-0.9958190918,-1.050628662,-0.9410095215,3.675703526,3.682488441,0.0004291534424,0.0004291534424,0.0008583068848,0,0,0,0.01802062988,0.01919555664
E02558,39.5,22.5,2019-01-09T10:00:00,2019-01-09T11:00:00,2019-01-09T12:00:00,2,6,wet_snow,6,wet_snow,0,2,0.7427062988,0.4898986816,0.995513916,3.581928253,3.67450428,0.1090049744,0.1759529114,0.2180099487,0.1087367535,0.175845623,0.2174735069,0.05207824707,0.07183837891
E01746,39.75,21.75,2017-01-28T20:00:00,2017-01-28T21:00:00,2017-01-28T22:00:00,2,6,wet_snow,6,wet_snow,0,2,-0.06857299805,-0.127532959,-0.009613037109,3.459918022,3.665904045,0,0,0,5.36441803e-05,0.0001072883606,0.0001072883606,0.03898620605,0.04705810547
E02479,39.5,22.5,2012-01-08T07:00:00,2012-01-08T08:00:00,2012-01-08T09:00:00,2,6,wet_snow,6,wet_snow,0,2,2.82901001,1.206695557,4.451324463,3.42479229,3.66187191,0,0,0,0,0,0,0.0009918212891,0.001251220703
E03006,39.25,22.25,2012-01-29T20:00:00,2012-01-29T21:00:00,2012-01-29T22:00:00,2,6,wet_snow,6,wet_snow,0,2,1.993560791,1.989044189,1.998077393,3.431912899,3.650975227,0.296330452,0.3600597382,0.5926609039,0.2102315426,0.3036797047,0.4204630852,0.1060333252,0.1248168945
E00457,40.25,22,2017-01-21T09:00:00,2017-01-21T10:00:00,2017-01-21T11:00:00,2,6,wet_snow,6,wet_snow,0,2,2.418731689,0.9902648926,3.847198486,3.393653393,3.63774395,0.0004291534424,0.0008583068848,0.0008583068848,0.0003755092621,0.0007510185242,0.0007510185242,0.02874755859,0.0417175293
E02921,39.25,22,2016-01-01T13:00:00,2016-01-01T14:00:00,2016-01-01T15:00:00,2,6,wet_snow,6,wet_snow,0,2,3.190643311,3.074493408,3.306793213,3.545195103,3.631655693,0,0,0,0,0,0,0.02055358887,0.02206420898
E03216,39.25,22.5,2019-01-07T10:00:00,2019-01-07T11:00:00,2019-01-07T12:00:00,2,6,wet_snow,6,wet_snow,0,2,1.964019775,1.547271729,2.380767822,3.591966629,3.617620468,0.01673698425,0.03347396851,0.03347396851,0.002253055573,0.004184246063,0.004506111145,0.001937866211,0.002014160156
E02971,39.25,22,2019-01-07T10:00:00,2019-01-07T11:00:00,2019-01-07T12:00:00,2,6,wet_snow,6,wet_snow,0,2,0.3253479004,-0.2242126465,0.8749084473,3.530931473,3.616643906,0.0004291534424,0.0008583068848,0.0008583068848,0.0007510185242,0.001287460327,0.001502037048,0.001022338867,0.001770019531
E02741,39.25,21.75,2015-12-10T00:00:00,2015-12-10T01:00:00,2015-12-10T02:00:00,2,3,freezing_rain,3,freezing_rain,2,0,0.8581848145,0.7167053223,0.9996643066,3.566741705,3.605244637,0.006651878357,0.007295608521,0.01330375671,0,0,0,0.003860473633,0.00439453125
E00956,40,21.75,2017-01-17T08:00:00,2017-01-17T09:00:00,2017-01-17T10:00:00,2,6,wet_snow,6,wet_snow,0,2,1.020172119,0.8961486816,1.144195557,3.584619045,3.596623421,0.1665115356,0.1811027527,0.3330230713,0.1158177853,0.1387238503,0.2316355705,0.05780029297,0.06051635742
E02825,39.25,21.75,2018-12-13T18:00:00,2018-12-13T19:00:00,2018-12-13T20:00:00,2,3,freezing_rain,3,freezing_rain,2,0,1.488311768,1.440582275,1.53604126,3.279289246,3.569415092,0.02725124359,0.04549026489,0.05450248718,0.003057718277,0.004827976227,0.006115436554,0.09535217285,0.1633605957
E01875,39.75,22,2016-12-21T17:00:00,2016-12-21T18:00:00,2016-12-21T19:00:00,2,3,freezing_rain,3,freezing_rain,2,0,2.014068604,1.718902588,2.309234619,3.24051857,3.551641464,0.2544879913,0.3167152405,0.5089759827,0.02199411392,0.03798007965,0.04398822784,0.2131347656,0.2348022461
E00070,40.25,21.75,2013-02-14T02:00:00,2013-02-14T03:00:00,2013-02-14T04:00:00,2,3;6,freezing_rain;wet_snow,3,freezing_rain,1,1,2.447235107,2.196563721,2.697906494,3.167137623,3.536621094,0.003862380981,0.006008148193,0.007724761963,0.003272294998,0.006222724915,0.006544589996,0.05029296875,0.05703735352
E03322,39.25,22.75,2019-01-04T09:00:00,2019-01-04T10:00:00,2019-01-04T11:00:00,2,6,wet_snow,6,wet_snow,0,2,1.430877686,1.351348877,1.510406494,3.341137409,3.503921509,0.2553462982,0.3046989441,0.5106925964,0.2166152,0.2722978592,0.4332304001,0.03178405762,0.03680419922
E03171,39.25,22.5,2016-01-02T08:00:00,2016-01-02T09:00:00,2016-01-02T10:00:00,2,6,wet_snow,6,wet_snow,0,2,0.8302307129,0.4858703613,1.174591064,3.319838524,3.500705719,0,0,0,0.0001072883606,0.0001072883606,0.0002145767212,0.0418548584,0.05072021484
E02774,39.25,21.75,2017-01-19T04:00:00,2017-01-19T05:00:00,2017-01-19T06:00:00,2,6,wet_snow,6,wet_snow,0,2,2.389373779,2.264190674,2.514556885,3.350059032,3.499220848,0.1596450806,0.1845359802,0.3192901611,0.06464123726,0.07209777832,0.1292824745,0.1199035645,0.1297302246
E02524,39.5,22.5,2016-01-02T08:00:00,2016-01-02T09:00:00,2016-01-02T10:00:00,2,6,wet_snow,6,wet_snow,0,2,1.038238525,0.3667297363,1.709747314,3.497084618,3.498752594,0,0,0,0,0,0,0.004043579102,0.005523681641
E03154,39.25,22.5,2015-01-01T12:00:00,2015-01-01T13:00:00,2015-01-01T14:00:00,2,6,wet_snow,6,wet_snow,0,2,1.409332275,1.285430908,1.533233643,3.419529915,3.49714756,0.04227161407,0.05278587341,0.08454322815,0.04278123379,0.05305409431,0.08556246758,0.02555847168,0.04449462891
E02451,39.5,22.25,2016-12-31T08:00:00,2016-12-31T09:00:00,2016-12-31T10:00:00,2,6,wet_snow,6,wet_snow,0,2,2.163360596,1.467437744,2.859283447,2.866021633,3.485965729,0.004291534424,0.006437301636,0.008583068848,0.004264712334,0.006330013275,0.008529424667,0.01579284668,0.02905273438
E00965,40,21.75,2017-01-22T08:00:00,2017-01-22T09:00:00,2017-01-22T10:00:00,2,6,wet_snow,6,wet_snow,0,2,1.370758057,1.297027588,1.444488525,3.213223457,3.450867653,0.002574920654,0.004291534424,0.005149841309,0.002145767212,0.003218650818,0.004291534424,0.1250457764,0.1419677734
E00868,40,21.75,2012-12-22T19:00:00,2012-12-22T20:00:00,2012-12-22T21:00:00,2,6,wet_snow,6,wet_snow,0,2,1.250457764,1.153961182,1.346954346,3.129768848,3.439982414,0.04591941833,0.05278587341,0.09183883667,0.009763240814,0.0100851059,0.01952648163,0.1452636719,0.1453552246
E02386,39.5,22,2018-12-21T03:00:00,2018-12-21T04:00:00,2018-12-21T05:00:00,2,3,freezing_rain,3,freezing_rain,2,0,-0.3426208496,-0.4163513184,-0.2688903809,3.396998405,3.437810898,0.001931190491,0.002145767212,0.003862380981,0.0003755092621,0.0004291534424,0.0007510185242,0.005996704102,0.00634765625
E02395,39.5,22,2019-02-25T06:00:00,2019-02-25T07:00:00,2019-02-25T08:00:00,2,6,wet_snow,6,wet_snow,0,2,-0.8645935059,-0.9290466309,-0.8001403809,3.030712128,3.43413353,0.02274513245,0.02660751343,0.04549026489,0.02253055573,0.02607107162,0.04506111145,0.08753967285,0.08959960938
E03096,39.25,22.25,2019-01-07T10:00:00,2019-01-07T11:00:00,2019-01-07T12:00:00,2,6,wet_snow,6,wet_snow,0,2,1.804840088,1.422271729,2.187408447,3.35807991,3.427640915,0.003433227539,0.006866455078,0.006866455078,0.001072883606,0.00182390213,0.002145767212,0.001098632812,0.001434326172
E02691,39.25,21.75,2012-12-22T00:00:00,2012-12-22T01:00:00,2012-12-22T02:00:00,2,6,wet_snow,6,wet_snow,0,2,1.882354736,1.382476807,2.382232666,3.181184292,3.424654007,0.01738071442,0.03004074097,0.03476142883,0.01520812511,0.02746582031,0.03041625023,0.06274414062,0.06442260742
E02339,39.5,22,2012-02-15T04:00:00,2012-02-15T05:00:00,2012-02-15T06:00:00,2,3,freezing_rain,3,freezing_rain,2,0,-2.26461792,-2.275970459,-2.253265381,3.382135868,3.422816277,0.0006437301636,0.0008583068848,0.001287460327,0,0,0,0.005020141602,0.005157470703
E02832,39.25,21.75,2018-12-30T02:00:00,2018-12-30T03:00:00,2018-12-30T04:00:00,2,6,wet_snow,6,wet_snow,0,2,1.216705322,1.046295166,1.387115479,3.221317291,3.353225708,0,0,0,0,0,0,0.04974365234,0.06283569336
E01488,40,22.25,2019-01-11T15:00:00,2019-01-11T16:00:00,2019-01-11T17:00:00,2,6,wet_snow,6,wet_snow,0,2,3.144561768,3.015289307,3.273834229,3.255160809,3.338750839,0.0002145767212,0.0004291534424,0.0004291534424,5.36441803e-05,0.0001072883606,0.0001072883606,0.002304077148,0.003509521484
E01379,40,22.25,2014-02-05T05:00:00,2014-02-05T06:00:00,2014-02-05T07:00:00,2,6,wet_snow,6,wet_snow,0,2,2.563201904,2.513946533,2.612457275,3.175117493,3.337931633,0.006651878357,0.007724761963,0.01330375671,0.00541806221,0.006544589996,0.01083612442,0.0874786377,0.09851074219
E00879,40,21.75,2013-02-06T05:00:00,2013-02-06T06:00:00,2013-02-06T07:00:00,2,3,freezing_rain,3,freezing_rain,2,0,0.7648010254,0.3797912598,1.149810791,3.316068172,3.322294235,0.002145767212,0.003004074097,0.004291534424,5.36441803e-05,0.0001072883606,0.0001072883606,0.0129699707,0.01666259766
E01708,39.75,21.75,2015-12-16T05:00:00,2015-12-16T06:00:00,2015-12-16T07:00:00,2,3,freezing_rain,3,freezing_rain,2,0,-1.029998779,-1.059661865,-1.000335693,3.166148186,3.321795464,0.003004074097,0.005149841309,0.006008148193,0,0,0,0.0004425048828,0.0005187988281
E01874,39.75,22,2016-12-21T01:00:00,2016-12-21T02:00:00,2016-12-21T03:00:00,2,3,freezing_rain,3,freezing_rain,2,0,-1.495941162,-1.627532959,-1.364349365,3.313612938,3.316614151,0.009655952454,0.01845359802,0.01931190491,0,0,0,0.1131591797,0.1452331543
E01207,40,22,2017-02-07T23:00:00,2017-02-08T00:00:00,2017-02-08T01:00:00,2,3,freezing_rain,3,freezing_rain,2,0,1.93838501,1.89541626,1.98135376,3.228075027,3.305621147,0.006008148193,0.0111579895,0.01201629639,0,0,0,0.002822875977,0.004119873047
E02959,39.25,22,2017-12-20T07:00:00,2017-12-20T08:00:00,2017-12-20T09:00:00,2,6,wet_snow,6,wet_snow,0,2,0.2233581543,-1.200042725,1.646759033,2.992362499,3.293665886,0.00364780426,0.004720687866,0.007295608521,0.003942847252,0.004988908768,0.007885694504,0.06021118164,0.06430053711
E00085,40.25,21.75,2014-01-08T05:00:00,2014-01-08T06:00:00,2014-01-08T07:00:00,2,3,freezing_rain,3,freezing_rain,2,0,1.033843994,0.9862365723,1.081451416,3.268116474,3.271663666,0.00171661377,0.002574920654,0.003433227539,0,0,0,0.01147460938,0.01278686523
E03075,39.25,22.25,2017-01-11T23:00:00,2017-01-12T00:00:00,2017-01-12T01:00:00,2,3,freezing_rain,3,freezing_rain,2,0,-0.9303894043,-1.097015381,-0.7637634277,3.196878433,3.263436317,0.04463195801,0.07724761963,0.08926391602,0.007805228233,0.01459121704,0.01561045647,0.003234863281,0.004547119141
E01161,40,22,2015-02-16T20:00:00,2015-02-16T21:00:00,2015-02-16T22:00:00,2,3,freezing_rain,3,freezing_rain,2,0,1.550506592,1.292999268,1.808013916,3.192635059,3.24792099,0.08862018585,0.09741783142,0.1772403717,0.0009119510651,0.001394748688,0.00182390213,0.09442138672,0.09939575195
E02507,39.5,22.5,2013-12-07T03:00:00,2013-12-07T04:00:00,2013-12-07T05:00:00,2,3,freezing_rain,3,freezing_rain,2,0,0.8131408691,0.7247619629,0.9015197754,2.717795849,3.247872353,0.00364780426,0.005578994751,0.007295608521,0,0,0,0.0827331543,0.09027099609
E03207,39.25,22.5,2018-01-23T07:00:00,2018-01-23T08:00:00,2018-01-23T09:00:00,2,6,wet_snow,6,wet_snow,0,2,1.616912842,-0.7415466309,3.975372314,2.777248859,3.222471237,0,0,0,0,0,0,0.01268005371,0.01803588867
E00735,40.25,22.25,2020-01-24T03:00:00,2020-01-24T04:00:00,2020-01-24T05:00:00,2,6,wet_snow,6,wet_snow,0,2,-1.791473389,-1.886077881,-1.696868896,3.045818806,3.220937729,0.00171661377,0.002145767212,0.003433227539,0.001233816147,0.001931190491,0.002467632294,0.1034240723,0.1301574707
E02954,39.25,22,2017-01-27T08:00:00,2017-01-27T09:00:00,2017-01-27T10:00:00,2,6,wet_snow,6,wet_snow,0,2,1.55960083,1.372589111,1.746612549,3.175418377,3.21237278,0.03004074097,0.03433227539,0.06008148193,0.0299602747,0.03395676613,0.05992054939,0.1222381592,0.1252441406
E01067,40,22,2012-02-05T05:00:00,2012-02-05T06:00:00,2012-02-05T07:00:00,2,3,freezing_rain,3,freezing_rain,2,0,0.2229309082,0.1739807129,0.2718811035,3.060460091,3.208735466,0.002574920654,0.003433227539,0.005149841309,2.682209015e-05,5.36441803e-05,5.36441803e-05,0.0258026123,0.02639770508
E00062,40.25,21.75,2013-02-09T01:00:00,2013-02-09T02:00:00,2013-02-09T03:00:00,2,6,wet_snow,6,wet_snow,0,2,1.316986084,1.142120361,1.491851807,3.174124241,3.20480442,0.01609325409,0.01931190491,0.03218650818,0.009816884995,0.0106215477,0.01963376999,0.05641174316,0.05822753906
E00988,40,21.75,2017-12-20T16:00:00,2017-12-20T17:00:00,2017-12-20T18:00:00,2,6,wet_snow,6,wet_snow,0,2,0.5694885254,-0.2256774902,1.364654541,3.182936192,3.192024231,0,0,0,5.36441803e-05,0.0001072883606,0.0001072883606,0.03140258789,0.03964233398
E02905,39.25,22,2014-01-27T06:00:00,2014-01-27T07:00:00,2014-01-27T08:00:00,2,6,wet_snow,6,wet_snow,0,2,0.8003234863,0.6625061035,0.9381408691,2.895934105,3.158752441,0.002145767212,0.002574920654,0.004291534424,0.001126527786,0.00182390213,0.002253055573,0.03028869629,0.04321289062
E03084,39.25,22.25,2017-12-20T07:00:00,2017-12-20T08:00:00,2017-12-20T09:00:00,2,6,wet_snow,6,wet_snow,0,2,1.050506592,-0.5379333496,2.638946533,2.869803905,3.152064323,0.0002145767212,0.0004291534424,0.0004291534424,0.0003486871719,0.0005900859833,0.0006973743439,0.03927612305,0.03964233398
E03030,39.25,22.25,2014-01-27T06:00:00,2014-01-27T07:00:00,2014-01-27T08:00:00,2,6,wet_snow,6,wet_snow,0,2,2.080596924,2.023834229,2.137359619,2.933531761,3.138244629,0.003004074097,0.003862380981,0.006008148193,0.001180171967,0.001931190491,0.002360343933,0.0281829834,0.0387878418
E00349,40.25,22,2013-01-27T09:00:00,2013-01-27T10:00:00,2013-01-27T11:00:00,2,6,wet_snow,6,wet_snow,0,2,1.977325439,1.359283447,2.595367432,3.015635967,3.131887436,0.0424861908,0.05407333374,0.08497238159,0.04237890244,0.0541806221,0.08475780487,0.07777404785,0.09323120117
E02627,39.5,22.75,2016-01-23T21:00:00,2016-01-23T22:00:00,2016-01-23T23:00:00,2,6,wet_snow,6,wet_snow,0,2,-0.7096862793,-0.7430114746,-0.676361084,2.911482811,3.099094391,0.0008583068848,0.0008583068848,0.00171661377,0.0008046627045,0.001180171967,0.001609325409,0.01432800293,0.01538085938
E00190,40.25,21.75,2017-02-13T21:00:00,2017-02-13T22:00:00,2017-02-13T23:00:00,2,6,wet_snow,6,wet_snow,0,2,-0.5217590332,-0.5281677246,-0.5153503418,3.050726891,3.098945618,0.01480579376,0.01759529114,0.02961158752,0.01459121704,0.01738071442,0.02918243408,0.05918884277,0.06768798828
E00279,40.25,21.75,2020-01-24T05:00:00,2020-01-24T06:00:00,2020-01-24T07:00:00,2,3;6,freezing_rain;wet_snow,3,freezing_rain,1,1,-2.07321167,-2.207366943,-1.939056396,3.075116634,3.075917244,0.02081394196,0.03261566162,0.04162788391,0.01451075077,0.02365708351,0.02902150154,0.05241394043,0.0705871582
E00880,40,21.75,2013-02-10T23:00:00,2013-02-11T00:00:00,2013-02-11T01:00:00,2,6,wet_snow,6,wet_snow,0,2,1.420440674,0.8253479004,2.015533447,2.595738411,3.019842148,0.001502037048,0.002574920654,0.003004074097,0.001341104507,0.002467632294,0.002682209015,0,0
E00179,40.25,21.75,2017-01-24T17:00:00,2017-01-24T18:00:00,2017-01-24T19:00:00,2,6,wet_snow,6,wet_snow,0,2,1.31918335,1.206451416,1.431915283,2.927115917,2.9983778,0.4250764847,0.4544734955,0.8501529694,0.3436177969,0.3618299961,0.6872355938,0.04867553711,0.05703735352
E03079,39.25,22.25,2017-01-27T08:00:00,2017-01-27T09:00:00,2017-01-27T10:00:00,2,6,wet_snow,6,wet_snow,0,2,2.876983643,2.765167236,2.988800049,2.885379314,2.986786842,0.02660751343,0.02746582031,0.05321502686,0.02507865429,0.02676844597,0.05015730858,0.1062774658,0.1094970703
E02669,39.25,21.75,2012-02-14T09:00:00,2012-02-14T10:00:00,2012-02-14T11:00:00,2,6,wet_snow,6,wet_snow,0,2,1.749359131,1.70401001,1.794708252,2.771675587,2.983542442,0.02017021179,0.03905296326,0.04034042358,0.01046061516,0.01947283745,0.02092123032,0.004684448242,0.005340576172
E02571,39.5,22.5,2019-12-29T01:00:00,2019-12-29T02:00:00,2019-12-29T03:00:00,2,6,wet_snow,6,wet_snow,0,2,2.875152588,2.421539307,3.328765869,2.839335918,2.94794178,0.02360343933,0.03347396851,0.04720687866,0.02242326736,0.03143548965,0.04484653473,0.005859375,0.006866455078
E00866,40,21.75,2012-12-22T00:00:00,2012-12-22T01:00:00,2012-12-22T02:00:00,2,6,wet_snow,6,wet_snow,0,2,0.3677062988,0.2770080566,0.458404541,2.798615932,2.938202858,0.001287460327,0.002145767212,0.002574920654,0.001153349876,0.00171661377,0.002306699753,0.04707336426,0.05996704102
E00981,40,21.75,2017-02-13T18:00:00,2017-02-13T19:00:00,2017-02-13T20:00:00,2,6,wet_snow,6,wet_snow,0,2,0.7331237793,0.3105773926,1.155670166,2.855803967,2.920804977,0.006651878357,0.01201629639,0.01330375671,0.002467632294,0.004291534424,0.004935264587,0.08052062988,0.1169128418
E01933,39.75,22.25,2012-01-10T18:00:00,2012-01-10T19:00:00,2012-01-10T20:00:00,2,6,wet_snow,6,wet_snow,0,2,2.873809814,2.246246338,3.501373291,2.838723183,2.907979965,0,0,0,0,0,0,0.00373840332,0.003753662109
E03177,39.25,22.5,2016-01-20T19:00:00,2016-01-20T20:00:00,2016-01-20T21:00:00,2,6,wet_snow,6,wet_snow,0,2,0.5440368652,0.4508361816,0.6372375488,2.888575077,2.892803192,0.02188682556,0.02746582031,0.04377365112,0.01705884933,0.02145767212,0.03411769867,0.01123046875,0.02224731445
E01253,40,22,2018-12-30T08:00:00,2018-12-30T09:00:00,2018-12-30T10:00:00,2,6,wet_snow,6,wet_snow,0,2,2.328277588,1.856719971,2.799835205,2.836000443,2.881197929,0,0,0,0,0,0,0.03305053711,0.03692626953
E02382,39.5,22,2018-01-28T02:00:00,2018-01-28T03:00:00,2018-01-28T04:00:00,2,3,freezing_rain,3,freezing_rain,2,0,-2.747283936,-3.002044678,-2.492523193,2.701885223,2.842920303,0,0,0,0,0,0,0.002548217773,0.002716064453
E01963,39.75,22.25,2013-02-12T00:00:00,2013-02-12T01:00:00,2013-02-12T02:00:00,2,6,wet_snow,6,wet_snow,0,2,1.313018799,1.298248291,1.327789307,2.829022884,2.838523865,0,0,0,0,0,0,0.004623413086,0.008605957031
E00892,40,21.75,2013-12-30T05:00:00,2013-12-30T06:00:00,2013-12-30T07:00:00,2,3,freezing_rain,3,freezing_rain,2,0,0.5481262207,0.01382446289,1.082427979,2.749421597,2.830607414,0.0008583068848,0.00171661377,0.00171661377,0,0,0,0.00146484375,0.0029296875
E00120,40.25,21.75,2015-01-27T04:00:00,2015-01-27T05:00:00,2015-01-27T06:00:00,2,6,wet_snow,6,wet_snow,0,2,2.4246521,2.289581299,2.5597229,2.736083984,2.778923035,0.07660388947,0.08583068848,0.1532077789,0.0291287899,0.03776550293,0.0582575798,0.05082702637,0.06185913086
E00865,40,21.75,2012-12-21T20:00:00,2012-12-21T21:00:00,2012-12-21T22:00:00,2,6,wet_snow,6,wet_snow,0,2,0.3520812988,0.2403869629,0.4637756348,2.741044044,2.763338089,0.004291534424,0.005149841309,0.008583068848,0.004023313522,0.004720687866,0.008046627045,0.01782226562,0.02056884766
E01127,40,22,2013-12-17T16:00:00,2013-12-17T17:00:00,2013-12-17T18:00:00,2,6,wet_snow,6,wet_snow,0,2,2.942779541,1.488922119,4.396636963,2.621617317,2.760532379,0,0,0,0,0,0,0.006469726562,0.007720947266
E00173,40.25,21.75,2017-01-21T07:00:00,2017-01-21T08:00:00,2017-01-21T09:00:00,2,6,wet_snow,6,wet_snow,0,2,1.068634033,0.0998840332,2.037384033,2.563920975,2.737295151,0.01029968262,0.01201629639,0.02059936523,0.008904933929,0.0111579895,0.01780986786,0.1582641602,0.1670532227
E02058,39.75,22.5,2012-01-14T23:00:00,2012-01-15T00:00:00,2012-01-15T01:00:00,2,3,freezing_rain,3,freezing_rain,2,0,-0.09616088867,-0.2608337402,0.06851196289,2.689415932,2.731245041,0.02317428589,0.03004074097,0.04634857178,0,0,0,0.02767944336,0.03338623047
E00997,40,21.75,2018-01-25T00:00:00,2018-01-25T01:00:00,2018-01-25T02:00:00,2,6,wet_snow,6,wet_snow,0,2,-1.764373779,-1.802093506,-1.726654053,2.697679043,2.708607674,0.007510185242,0.007724761963,0.01502037048,0.004345178604,0.004720687866,0.008690357208,0.008193969727,0.008911132812
E02484,39.5,22.5,2012-01-26T21:00:00,2012-01-26T22:00:00,2012-01-26T23:00:00,2,6,wet_snow,6,wet_snow,0,2,1.800201416,0.931427002,2.66897583,2.510694027,2.688519478,0.0004291534424,0.0008583068848,0.0008583068848,0.0003218650818,0.0006437301636,0.0006437301636,0.007095336914,0.01254272461
E01015,40,21.75,2019-01-02T18:00:00,2019-01-02T19:00:00,2019-01-02T20:00:00,2,6,wet_snow,6,wet_snow,0,2,1.951324463,1.859527588,2.043121338,2.535516977,2.678598404,0,0,0,0,0,0,0.001220703125,0.002075195312
E01865,39.75,22,2016-01-24T16:00:00,2016-01-24T17:00:00,2016-01-24T18:00:00,2,6,wet_snow,6,wet_snow,0,2,2.518585205,1.630889893,3.406280518,2.543749332,2.673247337,0.0008583068848,0.00171661377,0.00171661377,0.0004023313522,0.0006973743439,0.0008046627045,0.0007019042969,0.001281738281
E01871,39.75,22,2016-12-17T03:00:00,2016-12-17T04:00:00,2016-12-17T05:00:00,2,6,wet_snow,6,wet_snow,0,2,1.702667236,1.665802002,1.739532471,2.604066849,2.671787262,0.3617763519,0.3991127014,0.7235527039,0.3557682037,0.3879547119,0.7115364075,0.2338562012,0.2649230957
E02013,39.75,22.25,2017-01-22T05:00:00,2017-01-22T06:00:00,2017-01-22T07:00:00,2,3,freezing_rain,3,freezing_rain,2,0,0.2054748535,0.1788635254,0.2320861816,2.346291542,2.667482376,0.005793571472,0.006437301636,0.01158714294,0,0,0,0.0260925293,0.0339050293
E00046,40.25,21.75,2013-01-02T04:00:00,2013-01-02T05:00:00,2013-01-02T06:00:00,2,3,freezing_rain,3,freezing_rain,2,0,0.5783996582,0.5018615723,0.6549377441,2.661347389,2.665717125,0.0008583068848,0.0008583068848,0.00171661377,0.0003755092621,0.0007510185242,0.0007510185242,0.02839660645,0.03436279297
E03057,39.25,22.25,2016-01-22T04:00:00,2016-01-22T05:00:00,2016-01-22T06:00:00,2,3,freezing_rain,3,freezing_rain,2,0,-0.06045532227,-0.3135681152,0.1926574707,2.620967388,2.664142609,0,0,0,5.36441803e-05,5.36441803e-05,0.0001072883606,0.005905151367,0.007110595703
E02932,39.25,22,2016-01-22T04:00:00,2016-01-22T05:00:00,2016-01-22T06:00:00,2,3,freezing_rain,3,freezing_rain,2,0,-0.3104553223,-0.5010681152,-0.1198425293,2.577998638,2.651447296,0,0,0,5.36441803e-05,0.0001072883606,0.0001072883606,0.02865600586,0.03793334961
E02701,39.25,21.75,2013-02-17T23:00:00,2013-02-18T00:00:00,2013-02-18T01:00:00,2,6,wet_snow,6,wet_snow,0,2,2.359710693,2.241607666,2.477813721,2.524805546,2.6512146,0.02660751343,0.03690719604,0.05321502686,0.02392530441,0.03551244736,0.04785060883,0.1319274902,0.1389465332
E02957,39.25,22,2017-02-13T05:00:00,2017-02-13T06:00:00,2017-02-13T07:00:00,2,6,wet_snow,6,wet_snow,0,2,0.6943664551,0.5636291504,0.8251037598,2.523393631,2.540756226,0.1160860062,0.1167297363,0.2321720123,0.1156032085,0.1156568527,0.2312064171,0.1912994385,0.1928710938
E02364,39.5,22,2016-01-03T05:00:00,2016-01-03T06:00:00,2016-01-03T07:00:00,2,3,freezing_rain,3,freezing_rain,2,0,1.456817627,1.222076416,1.691558838,2.508058071,2.512968063,0.05493164062,0.07038116455,0.1098632812,0.004345178604,0.007617473602,0.008690357208,0.0549621582,0.06399536133
E01835,39.75,22,2013-02-12T00:00:00,2013-02-12T01:00:00,2013-02-12T02:00:00,2,6,wet_snow,6,wet_snow,0,2,1.543487549,1.464263916,1.622711182,2.496503353,2.510928154,0,0,0,0,0,0,0.006896972656,0.0124206543
E01280,40,22,2020-01-19T07:00:00,2020-01-19T08:00:00,2020-01-19T09:00:00,2,6,wet_snow,6,wet_snow,0,2,2.1121521,1.800323486,2.423980713,2.190585136,2.50649929,0.00364780426,0.003862380981,0.007295608521,0.003004074097,0.003111362457,0.006008148193,0.09230041504,0.09268188477
E00739,40.25,22.25,2020-12-01T05:00:00,2020-12-01T06:00:00,2020-12-01T07:00:00,2,6,wet_snow,6,wet_snow,0,2,1.655426025,1.499176025,1.811676025,2.332859993,2.489479065,0.008583068848,0.009441375732,0.0171661377,0.006866455078,0.007081031799,0.01373291016,0.1431121826,0.1518249512
E02001,39.75,22.25,2016-12-17T18:00:00,2016-12-17T19:00:00,2016-12-17T20:00:00,2,3,freezing_rain,3,freezing_rain,2,0,-1.462615967,-1.48739624,-1.437835693,2.424538612,2.482877731,0.002574920654,0.003862380981,0.005149841309,0,0,0,0.01388549805,0.01657104492
E00275,40.25,21.75,2020-01-19T07:00:00,2020-01-19T08:00:00,2020-01-19T09:00:00,2,6,wet_snow,6,wet_snow,0,2,1.656097412,1.337432861,1.974761963,2.133944511,2.450835228,0.006651878357,0.009441375732,0.01330375671,0.002360343933,0.0035405159,0.004720687866,0.09736633301,0.1109008789
E01993,39.75,22.25,2016-01-24T16:00:00,2016-01-24T17:00:00,2016-01-24T18:00:00,2,6,wet_snow,6,wet_snow,0,2,2.408233643,1.562530518,3.253936768,2.313768864,2.433989525,0.0008583068848,0.00171661377,0.00171661377,0.000724196434,0.001341104507,0.001448392868,0.0008239746094,0.001556396484
E01279,40,22,2020-01-19T02:00:00,2020-01-19T03:00:00,2020-01-19T04:00:00,2,6,wet_snow,6,wet_snow,0,2,2.396697998,2.257476807,2.535919189,2.328921318,2.420884132,0.02896785736,0.03433227539,0.05793571472,0.02387166023,0.02682209015,0.04774332047,0.2072753906,0.2177734375
E02955,39.25,22,2017-01-28T22:00:00,2017-01-28T23:00:00,2017-01-29T00:00:00,2,3,freezing_rain,3,freezing_rain,2,0,-1.560638428,-1.6590271,-1.462249756,2.332180023,2.386253357,0.00171661377,0.00171661377,0.003433227539,0.0006437301636,0.0008583068848,0.001287460327,0.1339416504,0.1372680664
E02508,39.5,22.5,2013-12-16T03:00:00,2013-12-16T04:00:00,2013-12-16T05:00:00,2,3,freezing_rain,3,freezing_rain,2,0,1.795806885,1.724273682,1.867340088,2.264352322,2.386090279,0.02810955048,0.04720687866,0.05621910095,0,0,0,0.02159118652,0.02166748047
E02956,39.25,22,2017-02-13T02:00:00,2017-02-13T03:00:00,2017-02-13T04:00:00,2,6,wet_snow,6,wet_snow,0,2,0.5180358887,0.4098205566,0.6262512207,2.319984913,2.383584976,0.09140968323,0.09226799011,0.1828193665,0.08009076118,0.08379220963,0.1601815224,0.1873474121,0.194732666
E02878,39.25,22,2012-01-27T21:00:00,2012-01-27T22:00:00,2012-01-27T23:00:00,2,6,wet_snow,6,wet_snow,0,2,0.6343078613,0.6253967285,0.6432189941,2.224907398,2.378620148,0.0004291534424,0.0008583068848,0.0008583068848,0.0002682209015,0.0003218650818,0.000536441803,0.03071594238,0.03353881836
E03131,39.25,22.5,2012-01-28T07:00:00,2012-01-28T08:00:00,2012-01-28T09:00:00,2,6,wet_snow,6,wet_snow,0,2,2.010955811,0.6590881348,3.362823486,2.156935692,2.353050232,0.02017021179,0.02317428589,0.04034042358,0.01839995384,0.02081394196,0.03679990768,0.2077178955,0.2211303711
E01873,39.75,22,2016-12-17T18:00:00,2016-12-17T19:00:00,2016-12-17T20:00:00,2,3,freezing_rain,3,freezing_rain,2,0,-1.831756592,-2.09286499,-1.570648193,2.3259058,2.352018356,0.002574920654,0.003862380981,0.005149841309,0,0,0,0.01531982422,0.01751708984
E02440,39.5,22.25,2016-01-03T05:00:00,2016-01-03T06:00:00,2016-01-03T07:00:00,2,3,freezing_rain,3,freezing_rain,2,0,0.7683410645,0.608795166,0.9278869629,2.239991665,2.335179329,0.008583068848,0.009441375732,0.0171661377,0.004345178604,0.007617473602,0.008690357208,0.10887146,0.1172485352
E03080,39.25,22.25,2017-01-28T22:00:00,2017-01-28T23:00:00,2017-01-29T00:00:00,2,3,freezing_rain,3,freezing_rain,2,0,-0.4405212402,-0.5476989746,-0.3333435059,2.280910492,2.333518982,0.001502037048,0.00171661377,0.003004074097,0,0,0,0.1270294189,0.130645752
E00984,40,21.75,2017-02-17T05:00:00,2017-02-17T06:00:00,2017-02-17T07:00:00,2,3,freezing_rain,3,freezing_rain,2,0,-1.828948975,-1.9793396,-1.67855835,2.288556099,2.322475433,0.0002145767212,0.0004291534424,0.0004291534424,0,0,0,0.005004882812,0.006408691406
E00220,40.25,21.75,2018-02-17T01:00:00,2018-02-17T02:00:00,2018-02-17T03:00:00,2,3,freezing_rain,3,freezing_rain,2,0,-1.617156982,-1.920501709,-1.313812256,2.150689125,2.307096481,0,0,0,0.0001072883606,0.0001609325409,0.0002145767212,0.008865356445,0.009429931641
E00668,40.25,22.25,2017-01-21T05:00:00,2017-01-21T06:00:00,2017-01-21T07:00:00,2,3,freezing_rain,3,freezing_rain,2,0,0.2947692871,0.1102600098,0.4792785645,2.303187847,2.304713249,0.008153915405,0.009441375732,0.01630783081,0.006839632988,0.008207559586,0.01367926598,0.1560058594,0.1807250977
E00932,40,21.75,2015-12-16T05:00:00,2015-12-16T06:00:00,2015-12-16T07:00:00,2,3,freezing_rain,3,freezing_rain,2,0,-1.922576904,-2.04598999,-1.799163818,2.209605217,2.302264214,0.003862380981,0.006008148193,0.007724761963,0.0002145767212,0.0004291534424,0.0004291534424,0.002166748047,0.003082275391
E02462,39.5,22.25,2018-12-21T03:00:00,2018-12-21T04:00:00,2018-12-21T05:00:00,2,3,freezing_rain,3,freezing_rain,2,0,0.01773071289,-0.1018981934,0.1373596191,2.288599968,2.300521851,0.002360343933,0.003004074097,0.004720687866,0,0,0,0.004989624023,0.006652832031
E02885,39.25,22,2012-02-02T09:00:00,2012-02-02T10:00:00,2012-02-02T11:00:00,2,6,wet_snow,6,wet_snow,0,2,-0.306060791,-0.6929626465,0.08084106445,2.102976799,2.285803795,0.5911588669,0.6724834442,1.182317734,0.5886912346,0.6726980209,1.177382469,0.03698730469,0.03927612305
E02294,39.5,21.75,2018-01-25T05:00:00,2018-01-25T06:00:00,2018-01-25T07:00:00,2,6,wet_snow,6,wet_snow,0,2,-1.433441162,-1.50668335,-1.360198975,2.253615379,2.267609596,0.003004074097,0.003433227539,0.006008148193,0.002735853195,0.003004074097,0.00547170639,0.09226989746,0.09814453125
E02131,39.75,22.5,2018-01-25T05:00:00,2018-01-25T06:00:00,2018-01-25T07:00:00,2,6,wet_snow,6,wet_snow,0,2,0.3146057129,0.2921447754,0.3370666504,2.008986473,2.257199287,0.0006437301636,0.0008583068848,0.001287460327,0.000536441803,0.0006437301636,0.001072883606,0.06103515625,0.07632446289
E02512,39.5,22.5,2015-01-17T05:00:00,2015-01-17T06:00:00,2015-01-17T07:00:00,2,3,freezing_rain,3,freezing_rain,2,0,-3.050262451,-3.091156006,-3.009368896,2.175992489,2.252122879,0.0008583068848,0.0008583068848,0.00171661377,0,0,0,0.005249023438,0.005432128906
E02493,39.5,22.5,2012-02-02T09:00:00,2012-02-02T10:00:00,2012-02-02T11:00:00,2,6,wet_snow,6,wet_snow,0,2,0.949798584,0.8460998535,1.053497314,2.069773674,2.250227928,0.5879402161,0.6669044495,1.175880432,0.5634784698,0.6555318832,1.12695694,0.09001159668,0.09469604492
E02415,39.5,22.25,2012-02-15T04:00:00,2012-02-15T05:00:00,2012-02-15T06:00:00,2,3,freezing_rain,3,freezing_rain,2,0,-2.552703857,-2.611907959,-2.493499756,2.148737431,2.239222527,0.0006437301636,0.0008583068848,0.001287460327,0,0,0,0.007186889648,0.008270263672
E01516,40,22.25,2020-12-01T05:00:00,2020-12-01T06:00:00,2020-12-01T07:00:00,2,6,wet_snow,6,wet_snow,0,2,2.109527588,1.99331665,2.225738525,2.067723274,2.203346252,0.04227161407,0.04591941833,0.08454322815,0.01662969589,0.01695156097,0.03325939178,0.1921386719,0.1938781738
E02577,39.5,22.5,2020-01-24T04:00:00,2020-01-24T05:00:00,2020-01-24T06:00:00,2,3,freezing_rain,3,freezing_rain,2,0,-1.577728271,-2.095306396,-1.060150146,2.113271236,2.196034431,0.0002145767212,0.0004291534424,0.0004291534424,0,0,0,0.03720092773,0.03756713867
E01885,39.75,22,2017-01-22T05:00:00,2017-01-22T06:00:00,2017-01-22T07:00:00,2,3,freezing_rain,3,freezing_rain,2,0,0.188873291,-0.03207397461,0.4098205566,1.995217323,2.181154251,0.007510185242,0.00901222229,0.01502037048,0,0,0,0.08296203613,0.09307861328
E02458,39.5,22.25,2018-01-28T02:00:00,2018-01-28T03:00:00,2018-01-28T04:00:00,2,3,freezing_rain,3,freezing_rain,2,0,-2.259002686,-2.650482178,-1.867523193,1.986064911,2.155420303,0,0,0,0,0,0,0.006988525391,0.009033203125
E03198,39.25,22.5,2017-01-29T02:00:00,2017-01-29T03:00:00,2017-01-29T04:00:00,2,3,freezing_rain,3,freezing_rain,2,0,-1.325286865,-1.422943115,-1.227630615,2.115329742,2.133111954,0.003218650818,0.004291534424,0.006437301636,0,0,0,0.08622741699,0.08990478516
E02370,39.5,22,2016-12-22T05:00:00,2016-12-22T06:00:00,2016-12-22T07:00:00,2,3,freezing_rain,3,freezing_rain,2,0,-0.9219665527,-1.11605835,-0.7278747559,2.073347569,2.118088722,0,0,0,0.0001072883606,0.0001072883606,0.0002145767212,0.060546875,0.0686340332
E02113,39.75,22.5,2016-12-14T05:00:00,2016-12-14T06:00:00,2016-12-14T07:00:00,2,6,wet_snow,6,wet_snow,0,2,-0.9801940918,-1.530609131,-0.4297790527,1.73545742,2.07339859,0.07295608521,0.08668899536,0.1459121704,0.06721615791,0.07703304291,0.1344323158,0.1830291748,0.2012939453
E03195,39.25,22.5,2017-01-27T03:00:00,2017-01-27T04:00:00,2017-01-27T05:00:00,2,6,wet_snow,6,wet_snow,0,2,1.675079346,1.658599854,1.691558838,1.70268333,2.052231789,0.02896785736,0.03433227539,0.05793571472,0.02794861794,0.03197193146,0.05589723587,0.03605651855,0.03967285156
E02282,39.5,21.75,2017-02-14T04:00:00,2017-02-14T05:00:00,2017-02-14T06:00:00,2,6,wet_snow,6,wet_snow,0,2,-0.04605102539,-0.1796569824,0.08755493164,1.971460819,2.002969742,0.02017021179,0.02102851868,0.04034042358,0.01673698425,0.0182390213,0.03347396851,0.08752441406,0.08813476562
E00174,40.25,21.75,2017-01-21T19:00:00,2017-01-21T20:00:00,2017-01-21T21:00:00,2,6,wet_snow,6,wet_snow,0,2,0.2031555176,-0.2456970215,0.6520080566,1.822277546,1.988245964,0.0008583068848,0.00171661377,0.00171661377,2.682209015e-05,5.36441803e-05,5.36441803e-05,0.0272064209,0.03063964844
E03082,39.25,22.25,2017-02-13T05:00:00,2017-02-13T06:00:00,2017-02-13T07:00:00,2,6,wet_snow,6,wet_snow,0,2,1.996124268,1.89956665,2.092681885,1.934526443,1.963607788,0.1248836517,0.1274585724,0.2497673035,0.1119554043,0.1132965088,0.2239108086,0.1823272705,0.1831054688
E03003,39.25,22.25,2012-01-27T21:00:00,2012-01-27T22:00:00,2012-01-27T23:00:00,2,6,wet_snow,6,wet_snow,0,2,1.435089111,1.371734619,1.498443604,1.791801929,1.885456085,0,0,0,0,0,0,0.02529907227,0.02737426758
E03010,39.25,22.25,2012-02-02T09:00:00,2012-02-02T10:00:00,2012-02-02T11:00:00,2,6,wet_snow,6,wet_snow,0,2,0.615814209,0.2875061035,0.9441223145,1.656199455,1.851233482,0.5130529404,0.5815029144,1.026105881,0.5050599575,0.5800008774,1.010119915,0.0305480957,0.03158569336
E03081,39.25,22.25,2017-02-13T02:00:00,2017-02-13T03:00:00,2017-02-13T04:00:00,2,6,wet_snow,6,wet_snow,0,2,1.891082764,1.835601807,1.946563721,1.703773975,1.760538101,0.09741783142,0.09827613831,0.1948356628,0.05686283112,0.06190538406,0.1137256622,0.1470794678,0.1533813477
E00402,40.25,22,2015-01-28T05:00:00,2015-01-28T06:00:00,2015-01-28T07:00:00,2,3,freezing_rain,3,freezing_rain,2,0,1.139068604,1.050201416,1.227935791,1.549051166,1.70478344,0.0008583068848,0.0008583068848,0.00171661377,0,0,0,0.02540588379,0.02691650391
E02446,39.5,22.25,2016-12-22T05:00:00,2016-12-22T06:00:00,2016-12-22T07:00:00,2,3,freezing_rain,3,freezing_rain,2,0,-0.8184509277,-0.9988708496,-0.6380310059,1.426374912,1.497971535,0.001287460327,0.00171661377,0.002574920654,0.0001072883606,0.0001072883606,0.0002145767212,0.06207275391,0.06994628906
E02554,39.5,22.5,2018-12-13T05:00:00,2018-12-13T06:00:00,2018-12-13T07:00:00,2,3,freezing_rain,3,freezing_rain,2,0,-0.7719421387,-0.8182067871,-0.7256774902,1.284735203,1.417201042,0.007724761963,0.01544952393,0.01544952393,0,0,0,0.03315734863,0.04904174805
E00136,40.25,21.75,2015-12-16T01:00:00,2015-12-16T02:00:00,2015-12-16T03:00:00,2,3,freezing_rain,3,freezing_rain,2,0,-0.7436218262,-1.040130615,-0.4471130371,1.170737267,1.197225571,0.004720687866,0.007724761963,0.009441375732,0,0,0,0.003524780273,0.003784179688
E00963,40,21.75,2017-01-21T00:00:00,2017-01-21T01:00:00,2017-01-21T02:00:00,2,3,freezing_rain,3,freezing_rain,2,0,0.2655944824,0.1813049316,0.3498840332,1.118063033,1.197069287,0.008583068848,0.009870529175,0.0171661377,0.002655386925,0.003433227539,0.005310773849,0.118347168,0.1294555664
E00207,40.25,21.75,2018-01-18T10:00:00,2018-01-18T10:00:00,2018-01-18T11:00:00,1,6,wet_snow,6,wet_snow,0,1,5.162872314,5.162872314,5.162872314,18.34350204,18.34350204,0,0,0,0,0,0,0.0003967285156,0.0003967285156
E00118,40.25,21.75,2015-01-12T13:00:00,2015-01-12T13:00:00,2015-01-12T14:00:00,1,6,wet_snow,6,wet_snow,0,1,5.010284424,5.010284424,5.010284424,18.11495018,18.11495018,0,0,0,0,0,0,0.000732421875,0.000732421875
E01700,39.75,21.75,2015-01-12T08:00:00,2015-01-12T08:00:00,2015-01-12T09:00:00,1,6,wet_snow,6,wet_snow,0,1,3.601959229,3.601959229,3.601959229,17.95586205,17.95586205,0.03089904785,0.03089904785,0.03089904785,0.02269148827,0.02269148827,0.02269148827,0.001525878906,0.001525878906
E01664,39.75,21.75,2012-02-07T07:00:00,2012-02-07T07:00:00,2012-02-07T08:00:00,1,6,wet_snow,6,wet_snow,0,1,1.363189697,1.363189697,1.363189697,16.9012146,16.9012146,0.9651660919,0.9651660919,0.9651660919,0.9488582611,0.9488582611,0.9488582611,0.2774963379,0.2774963379
E01060,40,22,2012-01-21T09:00:00,2012-01-21T09:00:00,2012-01-21T10:00:00,1,6,wet_snow,6,wet_snow,0,1,4.642730713,4.642730713,4.642730713,16.8282547,16.8282547,0.01287460327,0.01287460327,0.01287460327,0.001609325409,0.001609325409,0.001609325409,3.051757812e-05,3.051757812e-05
E00397,40.25,22,2015-01-12T13:00:00,2015-01-12T13:00:00,2015-01-12T14:00:00,1,6,wet_snow,6,wet_snow,0,1,4.148956299,4.148956299,4.148956299,16.59151268,16.59151268,0,0,0,0,0,0,0.001525878906,0.001525878906
E00115,40.25,21.75,2015-01-05T12:00:00,2015-01-05T12:00:00,2015-01-05T13:00:00,1,6,wet_snow,6,wet_snow,0,1,1.960235596,1.960235596,1.960235596,15.93150902,15.93150902,0.1201629639,0.1201629639,0.1201629639,0.1203775406,0.1203775406,0.1203775406,0.000244140625,0.000244140625
E00689,40.25,22.25,2018-01-18T04:00:00,2018-01-18T04:00:00,2018-01-18T05:00:00,1,6,wet_snow,6,wet_snow,0,1,2.800933838,2.800933838,2.800933838,15.80042171,15.80042171,0.01459121704,0.01459121704,0.01459121704,0.01233816147,0.01233816147,0.01233816147,0.0002136230469,0.0002136230469
E01231,40,22,2018-01-22T09:00:00,2018-01-22T09:00:00,2018-01-22T10:00:00,1,6,wet_snow,6,wet_snow,0,1,2.725006104,2.725006104,2.725006104,15.79665756,15.79665756,0,0,0,0,0,0,0.000732421875,0.000732421875
E00818,40.25,22.75,2019-01-04T17:00:00,2019-01-04T17:00:00,2019-01-04T18:00:00,1,6,wet_snow,6,wet_snow,0,1,2.40322876,2.40322876,2.40322876,15.75809288,15.75809288,1.595592499,1.595592499,1.595592499,1.156890392,1.156890392,1.156890392,0.2622375488,0.2622375488
E00444,40.25,22,2016-12-28T14:00:00,2016-12-28T14:00:00,2016-12-28T15:00:00,1,6,wet_snow,6,wet_snow,0,1,2.103790283,2.103790283,2.103790283,15.73689842,15.73689842,0.193977356,0.193977356,0.193977356,0.1455903053,0.1455903053,0.1455903053,0.001098632812,0.001098632812
E00622,40.25,22.25,2015-01-05T13:00:00,2015-01-05T13:00:00,2015-01-05T14:00:00,1,6,wet_snow,6,wet_snow,0,1,2.436187744,2.436187744,2.436187744,15.59098625,15.59098625,0.1055717468,0.1055717468,0.1055717468,0.07746219635,0.07746219635,0.07746219635,0.001373291016,0.001373291016
E00443,40.25,22,2016-12-28T12:00:00,2016-12-28T12:00:00,2016-12-28T13:00:00,1,6,wet_snow,6,wet_snow,0,1,3.880523682,3.880523682,3.880523682,15.47873878,15.47873878,0.01802444458,0.01802444458,0.01802444458,0.004398822784,0.004398822784,0.004398822784,0.003875732422,0.003875732422
E01608,40,22.75,2015-01-06T08:00:00,2015-01-06T08:00:00,2015-01-06T09:00:00,1,6,wet_snow,6,wet_snow,0,1,4.242828369,4.242828369,4.242828369,15.28809452,15.28809452,0.006008148193,0.006008148193,0.006008148193,0,0,0,0.00048828125,0.00048828125
E02607,39.5,22.75,2015-01-06T13:00:00,2015-01-06T13:00:00,2015-01-06T14:00:00,1,6,wet_snow,6,wet_snow,0,1,4.314727783,4.314727783,4.314727783,15.24277973,15.24277973,0.4737854004,0.4737854004,0.4737854004,0.2079248428,0.2079248428,0.2079248428,0.001220703125,0.001220703125
E00562,40.25,22.25,2012-01-06T22:00:00,2012-01-06T22:00:00,2012-01-06T23:00:00,1,6,wet_snow,6,wet_snow,0,1,1.792022705,1.792022705,1.792022705,15.21411991,15.21411991,1.144981384,1.144981384,1.144981384,0.9941339493,0.9941339493,0.9941339493,0.1092529297,0.1092529297
E00915,40,21.75,2015-01-06T10:00:00,2015-01-06T10:00:00,2015-01-06T11:00:00,1,6,wet_snow,6,wet_snow,0,1,1.742706299,1.742706299,1.742706299,15.20181274,15.20181274,0.03690719604,0.03690719604,0.03690719604,0.03486871719,0.03486871719,0.03486871719,9.155273438e-05,9.155273438e-05
E01321,40,22.25,2012-02-29T18:00:00,2012-02-29T18:00:00,2012-02-29T19:00:00,1,6,wet_snow,6,wet_snow,0,1,3.569732666,3.569732666,3.569732666,15.14997005,15.14997005,0,0,0,0,0,0,0.01028442383,0.01028442383
E01603,40,22.75,2012-02-28T17:00:00,2012-02-28T17:00:00,2012-02-28T18:00:00,1,6,wet_snow,6,wet_snow,0,1,5.791656494,5.791656494,5.791656494,14.99785995,14.99785995,0.05278587341,0.05278587341,0.05278587341,0,0,0,0.000732421875,0.000732421875
E01698,39.75,21.75,2015-01-06T11:00:00,2015-01-06T11:00:00,2015-01-06T12:00:00,1,6,wet_snow,6,wet_snow,0,1,3.406768799,3.406768799,3.406768799,14.91535282,14.91535282,0.009870529175,0.009870529175,0.009870529175,0.001287460327,0.001287460327,0.001287460327,6.103515625e-05,6.103515625e-05
E01385,40,22.25,2015-01-12T07:00:00,2015-01-12T07:00:00,2015-01-12T08:00:00,1,6,wet_snow,6,wet_snow,0,1,3.083892822,3.083892822,3.083892822,14.81656933,14.81656933,0.8145332336,0.8145332336,0.8145332336,0.5120337009,0.5120337009,0.5120337009,0.08651733398,0.08651733398
E01612,40,22.75,2015-02-10T12:00:00,2015-02-10T12:00:00,2015-02-10T13:00:00,1,6,wet_snow,6,wet_snow,0,1,3.689605713,3.689605713,3.689605713,14.66146564,14.66146564,0.1364707947,0.1364707947,0.1364707947,0.0007510185242,0.0007510185242,0.0007510185242,0.001861572266,0.001861572266
E02587,39.5,22.75,2012-02-08T00:00:00,2012-02-08T00:00:00,2012-02-08T01:00:00,1,6,wet_snow,6,wet_snow,0,1,3.03604126,3.03604126,3.03604126,14.50977516,14.50977516,0.8522987366,0.8522987366,0.8522987366,0.6733417511,0.6733417511,0.6733417511,0.1806640625,0.1806640625
E00501,40.25,22,2018-02-28T13:00:00,2018-02-28T13:00:00,2018-02-28T14:00:00,1,6,wet_snow,6,wet_snow,0,1,2.416412354,2.416412354,2.416412354,14.45300674,14.45300674,0,0,0,0.0002145767212,0.0002145767212,0.0002145767212,0.0003356933594,0.0003356933594
E01699,39.75,21.75,2015-01-06T13:00:00,2015-01-06T13:00:00,2015-01-06T14:00:00,1,6,wet_snow,6,wet_snow,0,1,3.304962158,3.304962158,3.304962158,14.39024067,14.39024067,0,0,0,0,0,0,0,0
E02172,39.75,22.75,2015-02-10T10:00:00,2015-02-10T10:00:00,2015-02-10T11:00:00,1,6,wet_snow,6,wet_snow,0,1,3.566680908,3.566680908,3.566680908,14.38981915,14.38981915,0.03304481506,0.03304481506,0.03304481506,0,0,0,0.001708984375,0.001708984375
E01042,40,21.75,2020-01-06T09:00:00,2020-01-06T09:00:00,2020-01-06T10:00:00,1,6,wet_snow,6,wet_snow,0,1,1.706817627,1.706817627,1.706817627,14.21184635,14.21184635,0,0,0,0,0,0,0.004211425781,0.004211425781
E00913,40,21.75,2015-01-05T09:00:00,2015-01-05T09:00:00,2015-01-05T10:00:00,1,6,wet_snow,6,wet_snow,0,1,2.158599854,2.158599854,2.158599854,14.15557957,14.15557957,0,0,0,0,0,0,0.0001831054688,0.0001831054688
E00916,40,21.75,2015-01-12T06:00:00,2015-01-12T06:00:00,2015-01-12T07:00:00,1,6,wet_snow,6,wet_snow,0,1,4.302886963,4.302886963,4.302886963,14.04953003,14.04953003,1.147127151,1.147127151,1.147127151,0.1156032085,0.1156032085,0.1156032085,0.2101745605,0.2101745605
E02863,39.25,21.75,2020-02-05T11:00:00,2020-02-05T11:00:00,2020-02-05T12:00:00,1,6,wet_snow,6,wet_snow,0,1,3.918121338,3.918121338,3.918121338,13.9395504,13.9395504,0.5115509033,0.5115509033,0.5115509033,0.2581357956,0.2581357956,0.2581357956,0.05722045898,0.05722045898
E02170,39.75,22.75,2015-02-10T04:00:00,2015-02-10T04:00:00,2015-02-10T05:00:00,1,6,wet_snow,6,wet_snow,0,1,2.251373291,2.251373291,2.251373291,13.86062145,13.86062145,0.0004291534424,0.0004291534424,0.0004291534424,0.0002682209015,0.0002682209015,0.0002682209015,0.000732421875,0.000732421875
E02860,39.25,21.75,2020-01-06T10:00:00,2020-01-06T10:00:00,2020-01-06T11:00:00,1,6,wet_snow,6,wet_snow,0,1,3.457550049,3.457550049,3.457550049,13.81739235,13.81739235,0.0004291534424,0.0004291534424,0.0004291534424,0.0003218650818,0.0003218650818,0.0003218650818,0.002746582031,0.002746582031
E02631,39.5,22.75,2016-12-28T19:00:00,2016-12-28T19:00:00,2016-12-28T20:00:00,1,6,wet_snow,6,wet_snow,0,1,4.455718994,4.455718994,4.455718994,13.77212811,13.77212811,0.009441375732,0.009441375732,0.009441375732,0.0001072883606,0.0001072883606,0.0001072883606,0.003784179688,0.003784179688
E02171,39.75,22.75,2015-02-10T07:00:00,2015-02-10T07:00:00,2015-02-10T08:00:00,1,6,wet_snow,6,wet_snow,0,1,2.284088135,2.284088135,2.284088135,13.76586628,13.76586628,0,0,0,0.0001609325409,0.0001609325409,0.0001609325409,0.0004577636719,0.0004577636719
E02169,39.75,22.75,2015-02-09T09:00:00,2015-02-09T09:00:00,2015-02-09T10:00:00,1,6,wet_snow,6,wet_snow,0,1,2.944610596,2.944610596,2.944610596,13.66876507,13.66876507,1.035118103,1.035118103,1.035118103,0.8291244507,0.8291244507,0.8291244507,0.1739807129,0.1739807129
E00995,40,21.75,2018-01-22T03:00:00,2018-01-22T03:00:00,2018-01-22T04:00:00,1,6,wet_snow,6,wet_snow,0,1,2.763336182,2.763336182,2.763336182,13.63989162,13.63989162,0.009441375732,0.009441375732,0.009441375732,0.0003218650818,0.0003218650818,0.0003218650818,0.003631591797,0.003631591797
E01547,40,22.5,2015-02-10T12:00:00,2015-02-10T12:00:00,2015-02-10T13:00:00,1,6,wet_snow,6,wet_snow,0,1,1.347808838,1.347808838,1.347808838,13.53451252,13.53451252,0.0617980957,0.0617980957,0.0617980957,0.002038478851,0.002038478851,0.002038478851,0.001037597656,0.001037597656
E02240,39.5,21.75,2015-01-06T11:00:00,2015-01-06T11:00:00,2015-01-06T12:00:00,1,6,wet_snow,6,wet_snow,0,1,3.650909424,3.650909424,3.650909424,13.45636845,13.45636845,0.01630783081,0.01630783081,0.01630783081,0.001287460327,0.001287460327,0.001287460327,0,0
E02173,39.75,22.75,2015-02-10T14:00:00,2015-02-10T14:00:00,2015-02-10T15:00:00,1,6,wet_snow,6,wet_snow,0,1,4.603424072,4.603424072,4.603424072,13.4489212,13.4489212,0.02918243408,0.02918243408,0.02918243408,0.00547170639,0.00547170639,0.00547170639,0.008575439453,0.008575439453
E00798,40.25,22.75,2015-01-01T07:00:00,2015-01-01T07:00:00,2015-01-01T08:00:00,1,6,wet_snow,6,wet_snow,0,1,0.8452453613,0.8452453613,0.8452453613,13.40846634,13.40846634,0,0,0,0.0001072883606,0.0001072883606,0.0001072883606,0.06134033203,0.06134033203
E00653,40.25,22.25,2016-12-28T16:00:00,2016-12-28T16:00:00,2016-12-28T17:00:00,1,6,wet_snow,6,wet_snow,0,1,2.817901611,2.817901611,2.817901611,13.34862232,13.34862232,0.01201629639,0.01201629639,0.01201629639,0.007402896881,0.007402896881,0.007402896881,0.004425048828,0.004425048828
E03268,39.25,22.75,2014-12-31T15:00:00,2014-12-31T15:00:00,2014-12-31T16:00:00,1,6,wet_snow,6,wet_snow,0,1,1.854278564,1.854278564,1.854278564,13.27047729,13.27047729,0.7347106934,0.7347106934,0.7347106934,0.6071448326,0.6071448326,0.6071448326,0.1603088379,0.1603088379
E00199,40.25,21.75,2017-12-23T11:00:00,2017-12-23T11:00:00,2017-12-23T12:00:00,1,6,wet_snow,6,wet_snow,0,1,5.649200439,5.649200439,5.649200439,13.21265125,13.21265125,0,0,0,0,0,0,0.002716064453,0.002716064453
E02730,39.25,21.75,2015-01-05T14:00:00,2015-01-05T14:00:00,2015-01-05T15:00:00,1,6,wet_snow,6,wet_snow,0,1,1.548370361,1.548370361,1.548370361,13.18453789,13.18453789,0.01029968262,0.01029968262,0.01029968262,0.008583068848,0.008583068848,0.008583068848,0.0003051757812,0.0003051757812
E00807,40.25,22.75,2016-12-30T06:00:00,2016-12-30T06:00:00,2016-12-30T07:00:00,1,6,wet_snow,6,wet_snow,0,1,3.948394775,3.948394775,3.948394775,13.13311577,13.13311577,0,0,0,0,0,0,0.002746582031,0.002746582031
E00596,40.25,22.25,2013-01-06T05:00:00,2013-01-06T05:00:00,2013-01-06T06:00:00,1,6,wet_snow,6,wet_snow,0,1,2.537506104,2.537506104,2.537506104,13.00157738,13.00157738,0,0,0,0,0,0,0.004150390625,0.004150390625
E00002,40.25,21.75,2012-01-07T00:00:00,2012-01-07T00:00:00,2012-01-07T01:00:00,1,6,wet_snow,6,wet_snow,0,1,1.187896729,1.187896729,1.187896729,12.99906635,12.99906635,0.9063720703,0.9063720703,0.9063720703,0.889313221,0.889313221,0.889313221,0.06219482422,0.06219482422
E00553,40.25,22,2020-02-06T12:00:00,2020-02-06T12:00:00,2020-02-06T13:00:00,1,6,wet_snow,6,wet_snow,0,1,1.469146729,1.469146729,1.469146729,12.99674797,12.99674797,0.003433227539,0.003433227539,0.003433227539,0.0035405159,0.0035405159,0.0035405159,0.004974365234,0.004974365234
E00116,40.25,21.75,2015-01-12T05:00:00,2015-01-12T05:00:00,2015-01-12T06:00:00,1,6,wet_snow,6,wet_snow,0,1,3.354888916,3.354888916,3.354888916,12.97006798,12.97006798,1.57585144,1.57585144,1.57585144,0.3114581108,0.3114581108,0.3114581108,0.3165283203,0.3165283203
E00496,40.25,22,2018-02-15T16:00:00,2018-02-15T16:00:00,2018-02-15T17:00:00,1,6,wet_snow,6,wet_snow,0,1,2.701568604,2.701568604,2.701568604,12.83371353,12.83371353,0.495672226,0.495672226,0.495672226,0.2807199955,0.2807199955,0.2807199955,0.01226806641,0.01226806641
E02565,39.5,22.5,2019-02-23T07:00:00,2019-02-23T07:00:00,2019-02-23T08:00:00,1,6,wet_snow,6,wet_snow,0,1,2.388824463,2.388824463,2.388824463,12.6746645,12.6746645,2.027320862,2.027320862,2.027320862,1.640331745,1.640331745,1.640331745,0.1169433594,0.1169433594
E02680,39.25,21.75,2012-02-29T20:00:00,2012-02-29T20:00:00,2012-02-29T21:00:00,1,6,wet_snow,6,wet_snow,0,1,3.001861572,3.001861572,3.001861572,12.63540554,12.63540554,0,0,0,0,0,0,0.004486083984,0.004486083984
E00033,40.25,21.75,2012-12-03T20:00:00,2012-12-03T20:00:00,2012-12-03T21:00:00,1,6,wet_snow,6,wet_snow,0,1,2.632965088,2.632965088,2.632965088,12.55305099,12.55305099,0.09698867798,0.09698867798,0.09698867798,0.04221796989,0.04221796989,0.04221796989,0.01010131836,0.01010131836
E00598,40.25,22.25,2013-01-06T13:00:00,2013-01-06T13:00:00,2013-01-06T14:00:00,1,6,wet_snow,6,wet_snow,0,1,4.356719971,4.356719971,4.356719971,12.38097095,12.38097095,0,0,0,0.0001609325409,0.0001609325409,0.0001609325409,0.004943847656,0.004943847656
E02610,39.5,22.75,2015-01-07T11:00:00,2015-01-07T11:00:00,2015-01-07T12:00:00,1,6,wet_snow,6,wet_snow,0,1,4.42678833,4.42678833,4.42678833,12.36183453,12.36183453,0,0,0,0,0,0,0.001892089844,0.001892089844
E02609,39.5,22.75,2015-01-07T09:00:00,2015-01-07T09:00:00,2015-01-07T10:00:00,1,6,wet_snow,6,wet_snow,0,1,3.314361572,3.314361572,3.314361572,12.30120182,12.30120182,0,0,0,0.0001072883606,0.0001072883606,0.0001072883606,0.002258300781,0.002258300781
E01674,39.75,21.75,2012-02-28T11:00:00,2012-02-28T11:00:00,2012-02-28T12:00:00,1,6,wet_snow,6,wet_snow,0,1,3.847808838,3.847808838,3.847808838,12.23125458,12.23125458,0,0,0,0,0,0,0.000732421875,0.000732421875
E01538,40,22.5,2012-02-28T17:00:00,2012-02-28T17:00:00,2012-02-28T18:00:00,1,6,wet_snow,6,wet_snow,0,1,0.02017211914,0.02017211914,0.02017211914,12.19121933,12.19121933,0.0171661377,0.0171661377,0.0171661377,0,0,0,0.0002746582031,0.0002746582031
E00808,40.25,22.75,2016-12-31T07:00:00,2016-12-31T07:00:00,2016-12-31T08:00:00,1,6,wet_snow,6,wet_snow,0,1,4.389556885,4.389556885,4.389556885,12.15749168,12.15749168,0.00171661377,0.00171661377,0.00171661377,0.00182390213,0.00182390213,0.00182390213,0.04425048828,0.04425048828
E00289,40.25,21.75,2020-02-28T20:00:00,2020-02-28T20:00:00,2020-02-28T21:00:00,1,6,wet_snow,6,wet_snow,0,1,3.228668213,3.228668213,3.228668213,12.10352993,12.10352993,0.001287460327,0.001287460327,0.001287460327,5.36441803e-05,5.36441803e-05,5.36441803e-05,0.0003967285156,0.0003967285156
E02817,39.25,21.75,2018-02-27T00:00:00,2018-02-27T00:00:00,2018-02-27T01:00:00,1,6,wet_snow,6,wet_snow,0,1,2.233306885,2.233306885,2.233306885,12.04370022,12.04370022,0.9106636047,0.9106636047,0.9106636047,0.6502211094,0.6502211094,0.6502211094,0.07601928711,0.07601928711
E01011,40,21.75,2018-12-25T10:00:00,2018-12-25T10:00:00,2018-12-25T11:00:00,1,6,wet_snow,6,wet_snow,0,1,4.378814697,4.378814697,4.378814697,12.00229836,12.00229836,0,0,0,0.0001072883606,0.0001072883606,0.0001072883606,0.002807617188,0.002807617188
E02590,39.5,22.75,2012-02-09T12:00:00,2012-02-09T12:00:00,2012-02-09T13:00:00,1,6,wet_snow,6,wet_snow,0,1,2.613189697,2.613189697,2.613189697,11.9575634,11.9575634,0.1330375671,0.1330375671,0.1330375671,0.1051425934,0.1051425934,0.1051425934,0.02871704102,0.02871704102
E02861,39.25,21.75,2020-01-06T15:00:00,2020-01-06T15:00:00,2020-01-06T16:00:00,1,6,wet_snow,6,wet_snow,0,1,2.404083252,2.404083252,2.404083252,11.95087337,11.95087337,0,0,0,0,0,0,0.007110595703,0.007110595703
E01543,40,22.5,2015-01-06T08:00:00,2015-01-06T08:00:00,2015-01-06T09:00:00,1,6,wet_snow,6,wet_snow,0,1,1.684234619,1.684234619,1.684234619,11.93848515,11.93848515,0.03862380981,0.03862380981,0.03862380981,0.03851652145,0.03851652145,0.03851652145,0.0001220703125,0.0001220703125
E01078,40,22,2012-02-15T14:00:00,2012-02-15T14:00:00,2012-02-15T15:00:00,1,6,wet_snow,6,wet_snow,0,1,3.003814697,3.003814697,3.003814697,11.91409874,11.91409874,0,0,0,0.0001072883606,0.0001072883606,0.0001072883606,0.001525878906,0.001525878906
E02174,39.75,22.75,2015-02-11T10:00:00,2015-02-11T10:00:00,2015-02-11T11:00:00,1,6,wet_snow,6,wet_snow,0,1,4.461578369,4.461578369,4.461578369,11.88310719,11.88310719,0.2132892609,0.2132892609,0.2132892609,0.001502037048,0.001502037048,0.001502037048,0.003387451172,0.003387451172
E00395,40.25,22,2015-01-12T05:00:00,2015-01-12T05:00:00,2015-01-12T06:00:00,1,6,wet_snow,6,wet_snow,0,1,3.251373291,3.251373291,3.251373291,11.84995079,11.84995079,1.879262924,1.879262924,1.879262924,0.2334058285,0.2334058285,0.2334058285,0.3507080078,0.3507080078
E01106,40,22,2013-01-24T06:00:00,2013-01-24T06:00:00,2013-01-24T07:00:00,1,3,freezing_rain,3,freezing_rain,1,0,1.25112915,1.25112915,1.25112915,11.83975792,11.83975792,1.314926147,1.314926147,1.314926147,0,0,0,0.03610229492,0.03610229492
E01454,40,22.25,2018-01-22T04:00:00,2018-01-22T04:00:00,2018-01-22T05:00:00,1,6,wet_snow,6,wet_snow,0,1,2.55166626,2.55166626,2.55166626,11.8270483,11.8270483,0.00901222229,0.00901222229,0.00901222229,0.0001072883606,0.0001072883606,0.0001072883606,0.001281738281,0.001281738281
E00250,40.25,21.75,2019-02-14T10:00:00,2019-02-14T10:00:00,2019-02-14T11:00:00,1,6,wet_snow,6,wet_snow,0,1,7.025543213,7.025543213,7.025543213,11.76608658,11.76608658,0,0,0,0,0,0,0.005096435547,0.005096435547
E00588,40.25,22.25,2012-02-29T08:00:00,2012-02-29T08:00:00,2012-02-29T09:00:00,1,6,wet_snow,6,wet_snow,0,1,1.468536377,1.468536377,1.468536377,11.74741268,11.74741268,0.01544952393,0.01544952393,0.01544952393,0.01448392868,0.01448392868,0.01448392868,0.03799438477,0.03799438477
E01335,40,22.25,2013-01-06T03:00:00,2013-01-06T03:00:00,2013-01-06T04:00:00,1,6,wet_snow,6,wet_snow,0,1,2.671783447,2.671783447,2.671783447,11.73837757,11.73837757,0.006437301636,0.006437301636,0.006437301636,0.001019239426,0.001019239426,0.001019239426,0.004058837891,0.004058837891
E00654,40.25,22.25,2016-12-29T08:00:00,2016-12-29T08:00:00,2016-12-29T09:00:00,1,6,wet_snow,6,wet_snow,0,1,1.59085083,1.59085083,1.59085083,11.73375797,11.73375797,0,0,0,0.0001072883606,0.0001072883606,0.0001072883606,0.009063720703,0.009063720703
E00325,40.25,22,2012-12-11T19:00:00,2012-12-11T19:00:00,2012-12-11T20:00:00,1,6,wet_snow,6,wet_snow,0,1,-1.626556396,-1.626556396,-1.626556396,11.71638298,11.71638298,0,0,0,0,0,0,0.0008544921875,0.0008544921875
E01619,40,22.75,2015-12-31T01:00:00,2015-12-31T01:00:00,2015-12-31T02:00:00,1,6,wet_snow,6,wet_snow,0,1,2.837799072,2.837799072,2.837799072,11.6885376,11.6885376,0.3270149231,0.3270149231,0.3270149231,0.2082467079,0.2082467079,0.2082467079,0.1004638672,0.1004638672
E01256,40,22,2019-01-06T12:00:00,2019-01-06T12:00:00,2019-01-06T13:00:00,1,6,wet_snow,6,wet_snow,0,1,2.31362915,2.31362915,2.31362915,11.66459465,11.66459465,0,0,0,0,0,0,0.002655029297,0.002655029297
E02238,39.5,21.75,2015-01-05T13:00:00,2015-01-05T13:00:00,2015-01-05T14:00:00,1,6,wet_snow,6,wet_snow,0,1,4.569000244,4.569000244,4.569000244,11.65543938,11.65543938,0.006008148193,0.006008148193,0.006008148193,0.006222724915,0.006222724915,0.006222724915,6.103515625e-05,6.103515625e-05
E01722,39.75,21.75,2016-02-05T05:00:00,2016-02-05T05:00:00,2016-02-05T06:00:00,1,6,wet_snow,6,wet_snow,0,1,3.46585083,3.46585083,3.46585083,11.63199234,11.63199234,0,0,0,0.0001072883606,0.0001072883606,0.0001072883606,0.003540039062,0.003540039062
E00539,40.25,22,2020-01-06T12:00:00,2020-01-06T12:00:00,2020-01-06T13:00:00,1,6,wet_snow,6,wet_snow,0,1,1.96975708,1.96975708,1.96975708,11.6316309,11.6316309,0,0,0,0,0,0,0.003784179688,0.003784179688
E01797,39.75,21.75,2020-01-06T07:00:00,2020-01-06T07:00:00,2020-01-06T08:00:00,1,6,wet_snow,6,wet_snow,0,1,1.872589111,1.872589111,1.872589111,11.62613583,11.62613583,0,0,0,0.0004291534424,0.0004291534424,0.0004291534424,0.006225585938,0.006225585938
E00909,40,21.75,2014-12-27T10:00:00,2014-12-27T10:00:00,2014-12-27T11:00:00,1,6,wet_snow,6,wet_snow,0,1,4.722930908,4.722930908,4.722930908,11.60293198,11.60293198,0,0,0,0,0,0,6.103515625e-05,6.103515625e-05
E01781,39.75,21.75,2019-01-15T03:00:00,2019-01-15T03:00:00,2019-01-15T04:00:00,1,6,wet_snow,6,wet_snow,0,1,2.427398682,2.427398682,2.427398682,11.56270218,11.56270218,0.01459121704,0.01459121704,0.01459121704,0.004398822784,0.004398822784,0.004398822784,0.0001525878906,0.0001525878906
E00775,40.25,22.5,2019-01-04T17:00:00,2019-01-04T17:00:00,2019-01-04T18:00:00,1,6,wet_snow,6,wet_snow,0,1,-1.06161499,-1.06161499,-1.06161499,11.50906944,11.50906944,1.429080963,1.429080963,1.429080963,1.311385632,1.311385632,1.311385632,0.1628723145,0.1628723145
E00281,40.25,21.75,2020-02-05T07:00:00,2020-02-05T07:00:00,2020-02-05T08:00:00,1,6,wet_snow,6,wet_snow,0,1,1.159088135,1.159088135,1.159088135,11.48286629,11.48286629,0.4952430725,0.4952430725,0.4952430725,0.4500746727,0.4500746727,0.4500746727,0.06747436523,0.06747436523
E01338,40,22.25,2013-01-07T14:00:00,2013-01-07T14:00:00,2013-01-07T15:00:00,1,6,wet_snow,6,wet_snow,0,1,3.685699463,3.685699463,3.685699463,11.43453884,11.43453884,0.03604888916,0.03604888916,0.03604888916,0.009119510651,0.009119510651,0.009119510651,0.0008850097656,0.0008850097656
E00320,40.25,22,2012-02-29T09:00:00,2012-02-29T09:00:00,2012-02-29T10:00:00,1,6,wet_snow,6,wet_snow,0,1,1.938018799,1.938018799,1.938018799,11.4284935,11.4284935,0.002145767212,0.002145767212,0.002145767212,0.002038478851,0.002038478851,0.002038478851,0.01239013672,0.01239013672
E01230,40,22,2018-01-22T03:00:00,2018-01-22T03:00:00,2018-01-22T04:00:00,1,6,wet_snow,6,wet_snow,0,1,2.470367432,2.470367432,2.470367432,11.40063381,11.40063381,0.05149841309,0.05149841309,0.05149841309,0.0005900859833,0.0005900859833,0.0005900859833,0.001434326172,0.001434326172
E02847,39.25,21.75,2019-02-15T16:00:00,2019-02-15T16:00:00,2019-02-15T17:00:00,1,6,wet_snow,6,wet_snow,0,1,2.663848877,2.663848877,2.663848877,11.34639645,11.34639645,0.4162788391,0.4162788391,0.4162788391,0.357323885,0.357323885,0.357323885,0.01751708984,0.01751708984
E00369,40.25,22,2013-12-10T17:00:00,2013-12-10T17:00:00,2013-12-10T18:00:00,1,6,wet_snow,6,wet_snow,0,1,3.2862854,3.2862854,3.2862854,11.32607365,11.32607365,0,0,0,0,0,0,0.002044677734,0.002044677734
E01155,40,22,2015-01-12T06:00:00,2015-01-12T06:00:00,2015-01-12T07:00:00,1,6,wet_snow,6,wet_snow,0,1,4.379058838,4.379058838,4.379058838,11.31808472,11.31808472,1.709318161,1.709318161,1.709318161,0.07284879684,0.07284879684,0.07284879684,0.3414001465,0.3414001465
E02706,39.25,21.75,2013-12-10T21:00:00,2013-12-10T21:00:00,2013-12-10T22:00:00,1,6,wet_snow,6,wet_snow,0,1,2.819732666,2.819732666,2.819732666,11.24189091,11.24189091,0.3682136536,0.3682136536,0.3682136536,0.2846360207,0.2846360207,0.2846360207,0.05133056641,0.05133056641
E02679,39.25,21.75,2012-02-29T09:00:00,2012-02-29T09:00:00,2012-02-29T10:00:00,1,6,wet_snow,6,wet_snow,0,1,2.197784424,2.197784424,2.197784424,11.217556,11.217556,0,0,0,0,0,0,0.003570556641,0.003570556641
E01728,39.75,21.75,2016-12-29T07:00:00,2016-12-29T07:00:00,2016-12-29T08:00:00,1,6,wet_snow,6,wet_snow,0,1,1.493804932,1.493804932,1.493804932,11.21045685,11.21045685,0,0,0,0.0002145767212,0.0002145767212,0.0002145767212,0.003540039062,0.003540039062
E02851,39.25,21.75,2019-02-23T06:00:00,2019-02-23T06:00:00,2019-02-23T07:00:00,1,6,wet_snow,6,wet_snow,0,1,2.438873291,2.438873291,2.438873291,11.18274879,11.18274879,2.015304565,2.015304565,2.015304565,1.168692112,1.168692112,1.168692112,0.4472351074,0.4472351074
E00873,40,21.75,2013-01-06T04:00:00,2013-01-06T04:00:00,2013-01-06T05:00:00,1,6,wet_snow,6,wet_snow,0,1,2.701812744,2.701812744,2.701812744,11.1595993,11.1595993,0.0008583068848,0.0008583068848,0.0008583068848,0.0003218650818,0.0003218650818,0.0003218650818,3.051757812e-05,3.051757812e-05
E00725,40.25,22.25,2019-02-23T05:00:00,2019-02-23T05:00:00,2019-02-23T06:00:00,1,6,wet_snow,6,wet_snow,0,1,0.6251525879,0.6251525879,0.6251525879,11.09539223,11.09539223,1.576280594,1.576280594,1.576280594,1.514482498,1.514482498,1.514482498,0.1556091309,0.1556091309
E02265,39.5,21.75,2016-12-28T18:00:00,2016-12-28T18:00:00,2016-12-28T19:00:00,1,6,wet_snow,6,wet_snow,0,1,3.448272705,3.448272705,3.448272705,11.03445148,11.03445148,0.002574920654,0.002574920654,0.002574920654,0.002521276474,0.002521276474,0.002521276474,3.051757812e-05,3.051757812e-05
E00076,40.25,21.75,2013-12-10T19:00:00,2013-12-10T19:00:00,2013-12-10T20:00:00,1,6,wet_snow,6,wet_snow,0,1,3.911895752,3.911895752,3.911895752,11.02184963,11.02184963,0,0,0,0,0,0,0.0007629394531,0.0007629394531
E00690,40.25,22.25,2018-01-22T05:00:00,2018-01-22T05:00:00,2018-01-22T06:00:00,1,6,wet_snow,6,wet_snow,0,1,1.18447876,1.18447876,1.18447876,10.99260426,10.99260426,0,0,0,0.0001609325409,0.0001609325409,0.0001609325409,0.002593994141,0.002593994141
E00821,40.25,22.75,2019-01-12T06:00:00,2019-01-12T06:00:00,2019-01-12T07:00:00,1,6,wet_snow,6,wet_snow,0,1,3.686676025,3.686676025,3.686676025,10.93645859,10.93645859,0.1991271973,0.1991271973,0.1991271973,0.02864599228,0.02864599228,0.02864599228,0.04571533203,0.04571533203
E00032,40.25,21.75,2012-02-29T21:00:00,2012-02-29T21:00:00,2012-02-29T22:00:00,1,6,wet_snow,6,wet_snow,0,1,1.899810791,1.899810791,1.899810791,10.90860367,10.90860367,0,0,0,0,0,0,0.000244140625,0.000244140625
E01582,40,22.75,2012-01-29T22:00:00,2012-01-29T22:00:00,2012-01-29T23:00:00,1,6,wet_snow,6,wet_snow,0,1,3.534332275,3.534332275,3.534332275,10.84777927,10.84777927,0.07081031799,0.07081031799,0.07081031799,0.05498528481,0.05498528481,0.05498528481,0.1337890625,0.1337890625
E02195,39.75,22.75,2019-01-05T08:00:00,2019-01-05T08:00:00,2019-01-05T09:00:00,1,6,wet_snow,6,wet_snow,0,1,1.64175415,1.64175415,1.64175415,10.82444477,10.82444477,0.8694648743,0.8694648743,0.8694648743,0.72478652,0.72478652,0.72478652,0.06616210938,0.06616210938
E00037,40.25,21.75,2012-12-11T10:00:00,2012-12-11T10:00:00,2012-12-11T11:00:00,1,6,wet_snow,6,wet_snow,0,1,1.963775635,1.963775635,1.963775635,10.82124424,10.82124424,0.9475708008,0.9475708008,0.9475708008,0.8274078369,0.8274078369,0.8274078369,0.02593994141,0.02593994141
E02088,39.75,22.5,2015-01-06T14:00:00,2015-01-06T14:00:00,2015-01-06T15:00:00,1,6,wet_snow,6,wet_snow,0,1,3.754302979,3.754302979,3.754302979,10.77139378,10.77139378,0.03089904785,0.03089904785,0.03089904785,0.006222724915,0.006222724915,0.006222724915,0.0002136230469,0.0002136230469
E01704,39.75,21.75,2015-02-10T16:00:00,2015-02-10T16:00:00,2015-02-10T17:00:00,1,6,wet_snow,6,wet_snow,0,1,2.561676025,2.561676025,2.561676025,10.75253773,10.75253773,0.006437301636,0.006437301636,0.006437301636,0.005042552948,0.005042552948,0.005042552948,0.0008850097656,0.0008850097656
E00447,40.25,22,2017-01-05T21:00:00,2017-01-05T21:00:00,2017-01-05T22:00:00,1,6,wet_snow,6,wet_snow,0,1,2.375152588,2.375152588,2.375152588,10.75251293,10.75251293,1.433801651,1.433801651,1.433801651,0.7148623466,0.7148623466,0.7148623466,0.2501525879,0.2501525879
E00322,40.25,22,2012-12-03T20:00:00,2012-12-03T20:00:00,2012-12-03T21:00:00,1,6,wet_snow,6,wet_snow,0,1,2.252105713,2.252105713,2.252105713,10.69562912,10.69562912,0.05793571472,0.05793571472,0.05793571472,0.01893639565,0.01893639565,0.01893639565,0.005065917969,0.005065917969
E00048,40.25,21.75,2013-01-07T14:00:00,2013-01-07T14:00:00,2013-01-07T15:00:00,1,6,wet_snow,6,wet_snow,0,1,3.615386963,3.615386963,3.615386963,10.69528103,10.69528103,0.004291534424,0.004291534424,0.004291534424,0.003111362457,0.003111362457,0.003111362457,0.00048828125,0.00048828125
E02206,39.5,21.75,2012-01-26T08:00:00,2012-01-26T08:00:00,2012-01-26T09:00:00,1,6,wet_snow,6,wet_snow,0,1,3.516021729,3.516021729,3.516021729,10.69394779,10.69394779,0.0004291534424,0.0004291534424,0.0004291534424,0.000536441803,0.000536441803,0.000536441803,0.004547119141,0.004547119141
E01616,40,22.75,2015-02-17T15:00:00,2015-02-17T15:00:00,2015-02-17T16:00:00,1,6,wet_snow,6,wet_snow,0,1,3.345855713,3.345855713,3.345855713,10.68656349,10.68656349,0.2969741821,0.2969741821,0.2969741821,0.2253055573,0.2253055573,0.2253055573,0.1588439941,0.1588439941
E01100,40,22,2013-01-07T14:00:00,2013-01-07T14:00:00,2013-01-07T15:00:00,1,6,wet_snow,6,wet_snow,0,1,3.923980713,3.923980713,3.923980713,10.65035915,10.65035915,0.006008148193,0.006008148193,0.006008148193,0.004398822784,0.004398822784,0.004398822784,9.155273438e-05,9.155273438e-05
E01316,40,22.25,2012-02-15T14:00:00,2012-02-15T14:00:00,2012-02-15T15:00:00,1,6,wet_snow,6,wet_snow,0,1,2.919830322,2.919830322,2.919830322,10.49564171,10.49564171,0,0,0,0,0,0,0.002197265625,0.002197265625
E00796,40.25,22.75,2014-01-27T07:00:00,2014-01-27T07:00:00,2014-01-27T08:00:00,1,6,wet_snow,6,wet_snow,0,1,3.502593994,3.502593994,3.502593994,10.41729546,10.41729546,0.005149841309,0.005149841309,0.005149841309,0.002038478851,0.002038478851,0.002038478851,0.02813720703,0.02813720703
E00030,40.25,21.75,2012-02-29T08:00:00,2012-02-29T08:00:00,2012-02-29T09:00:00,1,6,wet_snow,6,wet_snow,0,1,1.827911377,1.827911377,1.827911377,10.38706112,10.38706112,0.004291534424,0.004291534424,0.004291534424,0.004613399506,0.004613399506,0.004613399506,0.01211547852,0.01211547852
E02093,39.75,22.5,2015-02-17T10:00:00,2015-02-17T10:00:00,2015-02-17T11:00:00,1,6,wet_snow,6,wet_snow,0,1,3.521881104,3.521881104,3.521881104,10.36459446,10.36459446,0.55103302,0.55103302,0.55103302,0.3792643547,0.3792643547,0.3792643547,0.2202148438,0.2202148438
E01084,40,22,2012-02-29T08:00:00,2012-02-29T08:00:00,2012-02-29T09:00:00,1,6,wet_snow,6,wet_snow,0,1,1.208770752,1.208770752,1.208770752,10.32749081,10.32749081,0.005149841309,0.005149841309,0.005149841309,0.004291534424,0.004291534424,0.004291534424,0.005065917969,0.005065917969
E00551,40.25,22,2020-02-05T05:00:00,2020-02-05T05:00:00,2020-02-05T06:00:00,1,6,wet_snow,6,wet_snow,0,1,1.941314697,1.941314697,1.941314697,10.31488705,10.31488705,1.948785782,1.948785782,1.948785782,0.9653806686,0.9653806686,0.9653806686,0.1242675781,0.1242675781
E01420,40,22.25,2017-01-14T00:00:00,2017-01-14T00:00:00,2017-01-14T01:00:00,1,3,freezing_rain,3,freezing_rain,1,0,-0.01986694336,-0.01986694336,-0.01986694336,10.2424469,10.2424469,0.003433227539,0.003433227539,0.003433227539,0,0,0,0.01635742188,0.01635742188
E01614,40,22.75,2015-02-11T20:00:00,2015-02-11T20:00:00,2015-02-11T21:00:00,1,6,wet_snow,6,wet_snow,0,1,5.707427979,5.707427979,5.707427979,10.23627186,10.23627186,0.1158714294,0.1158714294,0.1158714294,0,0,0,0.0008850097656,0.0008850097656
E00959,40,21.75,2017-01-18T23:00:00,2017-01-18T23:00:00,2017-01-19T00:00:00,1,6,wet_snow,6,wet_snow,0,1,0.777130127,0.777130127,0.777130127,10.22418022,10.22418022,4.334449768,4.334449768,4.334449768,4.063332081,4.063332081,4.063332081,0.2465515137,0.2465515137
E02858,39.25,21.75,2020-01-02T15:00:00,2020-01-02T15:00:00,2020-01-02T16:00:00,1,6,wet_snow,6,wet_snow,0,1,4.41885376,4.41885376,4.41885376,10.18144608,10.18144608,0,0,0,0,0,0,0.00146484375,0.00146484375
E00165,40.25,21.75,2017-01-05T21:00:00,2017-01-05T21:00:00,2017-01-05T22:00:00,1,6,wet_snow,6,wet_snow,0,1,3.091949463,3.091949463,3.091949463,10.17438793,10.17438793,2.044057846,2.044057846,2.044057846,1.061940193,1.061940193,1.061940193,0.2735595703,0.2735595703
E02845,39.25,21.75,2019-02-14T19:00:00,2019-02-14T19:00:00,2019-02-14T20:00:00,1,6,wet_snow,6,wet_snow,0,1,3.293609619,3.293609619,3.293609619,10.15742588,10.15742588,0,0,0,0,0,0,0.003479003906,0.003479003906
E01180,40,22,2016-12-13T08:00:00,2016-12-13T08:00:00,2016-12-13T09:00:00,1,6,wet_snow,6,wet_snow,0,1,5.311676025,5.311676025,5.311676025,10.14526176,10.14526176,0,0,0,0,0,0,6.103515625e-05,6.103515625e-05
E01927,39.75,22,2020-02-06T08:00:00,2020-02-06T08:00:00,2020-02-06T09:00:00,1,6,wet_snow,6,wet_snow,0,1,4.171173096,4.171173096,4.171173096,10.12948227,10.12948227,0.003004074097,0.003004074097,0.003004074097,0.002253055573,0.002253055573,0.002253055573,0.005615234375,0.005615234375
E01384,40,22.25,2015-01-04T20:00:00,2015-01-04T20:00:00,2015-01-04T21:00:00,1,6,wet_snow,6,wet_snow,0,1,4.239898682,4.239898682,4.239898682,10.0797205,10.0797205,0.008583068848,0.008583068848,0.008583068848,0,0,0,0.06866455078,0.06866455078
E00791,40.25,22.75,2012-02-10T00:00:00,2012-02-10T00:00:00,2012-02-10T01:00:00,1,6,wet_snow,6,wet_snow,0,1,2.539459229,2.539459229,2.539459229,10.02869892,10.02869892,0.711107254,0.711107254,0.711107254,0.4821538925,0.4821538925,0.4821538925,0.07861328125,0.07861328125
E01651,39.75,21.75,2012-01-25T20:00:00,2012-01-25T20:00:00,2012-01-25T21:00:00,1,6,wet_snow,6,wet_snow,0,1,2.060211182,2.060211182,2.060211182,10.01169872,10.01169872,0.0004291534424,0.0004291534424,0.0004291534424,0.0004291534424,0.0004291534424,0.0004291534424,0.000244140625,0.000244140625
E00934,40,21.75,2016-01-16T21:00:00,2016-01-16T21:00:00,2016-01-16T22:00:00,1,6,wet_snow,6,wet_snow,0,1,7.749664307,7.749664307,7.749664307,9.981492996,9.981492996,1.441955566,1.441955566,1.441955566,0.2637147903,0.2637147903,0.2637147903,0.1372375488,0.1372375488
E02159,39.75,22.75,2012-02-10T06:00:00,2012-02-10T06:00:00,2012-02-10T07:00:00,1,6,wet_snow,6,wet_snow,0,1,2.476470947,2.476470947,2.476470947,9.929083824,9.929083824,0.3785133362,0.3785133362,0.3785133362,0.2293288708,0.2293288708,0.2293288708,0.06701660156,0.06701660156
E00534,40.25,22,2019-12-28T14:00:00,2019-12-28T14:00:00,2019-12-28T15:00:00,1,6,wet_snow,6,wet_snow,0,1,1.735992432,1.735992432,1.735992432,9.911101341,9.911101341,0.05493164062,0.05493164062,0.05493164062,0.03658533096,0.03658533096,0.03658533096,0.003051757812,0.003051757812
E03274,39.25,22.75,2015-01-06T17:00:00,2015-01-06T17:00:00,2015-01-06T18:00:00,1,6,wet_snow,6,wet_snow,0,1,2.308746338,2.308746338,2.308746338,9.904895782,9.904895782,0.3973960876,0.3973960876,0.3973960876,0.1715540886,0.1715540886,0.1715540886,0.0008239746094,0.0008239746094
E02325,39.5,21.75,2020-02-06T17:00:00,2020-02-06T17:00:00,2020-02-06T18:00:00,1,6,wet_snow,6,wet_snow,0,1,2.268951416,2.268951416,2.268951416,9.9009161,9.9009161,0,0,0,0,0,0,0.01815795898,0.01815795898
E01584,40,22.75,2012-01-30T07:00:00,2012-01-30T07:00:00,2012-01-30T08:00:00,1,6,wet_snow,6,wet_snow,0,1,2.181182861,2.181182861,2.181182861,9.890850067,9.890850067,0.03991127014,0.03991127014,0.03991127014,0.02027750015,0.02027750015,0.02027750015,0.1461181641,0.1461181641
E02666,39.25,21.75,2012-02-06T12:00:00,2012-02-06T12:00:00,2012-02-06T13:00:00,1,6,wet_snow,6,wet_snow,0,1,3.138336182,3.138336182,3.138336182,9.838908195,9.838908195,1.120090485,1.120090485,1.120090485,0.3721296787,0.3721296787,0.3721296787,0.2159423828,0.2159423828
E02116,39.75,22.5,2016-12-29T07:00:00,2016-12-29T07:00:00,2016-12-29T08:00:00,1,6,wet_snow,6,wet_snow,0,1,3.329742432,3.329742432,3.329742432,9.832527161,9.832527161,0,0,0,0.0001072883606,0.0001072883606,0.0001072883606,0.001770019531,0.001770019531
E02734,39.25,21.75,2015-02-03T07:00:00,2015-02-03T07:00:00,2015-02-03T08:00:00,1,6,wet_snow,6,wet_snow,0,1,1.245758057,1.245758057,1.245758057,9.824571609,9.824571609,0.0008583068848,0.0008583068848,0.0008583068848,0.001502037048,0.001502037048,0.001502037048,0.02719116211,0.02719116211
E01483,40,22.25,2018-12-31T19:00:00,2018-12-31T19:00:00,2018-12-31T20:00:00,1,6,wet_snow,6,wet_snow,0,1,2.199859619,2.199859619,2.199859619,9.810437202,9.810437202,0.5072593689,0.5072593689,0.5072593689,0.4296898842,0.4296898842,0.4296898842,0.04666137695,0.04666137695
E00026,40.25,21.75,2012-02-16T15:00:00,2012-02-16T15:00:00,2012-02-16T16:00:00,1,6,wet_snow,6,wet_snow,0,1,1.535797119,1.535797119,1.535797119,9.776441574,9.776441574,0.05621910095,0.05621910095,0.05621910095,0.04296898842,0.04296898842,0.04296898842,0.001953125,0.001953125
E00755,40.25,22.5,2015-01-01T07:00:00,2015-01-01T07:00:00,2015-01-01T08:00:00,1,6,wet_snow,6,wet_snow,0,1,-2.314910889,-2.314910889,-2.314910889,9.763935089,9.763935089,0.002574920654,0.002574920654,0.002574920654,0.002574920654,0.002574920654,0.002574920654,0.03775024414,0.03775024414
E02597,39.5,22.75,2012-02-28T17:00:00,2012-02-28T17:00:00,2012-02-28T18:00:00,1,6,wet_snow,6,wet_snow,0,1,3.877593994,3.877593994,3.877593994,9.758602142,9.758602142,0.003004074097,0.003004074097,0.003004074097,0,0,0,0.006744384766,0.006744384766
E01419,40,22.25,2017-01-05T23:00:00,2017-01-05T23:00:00,2017-01-06T00:00:00,1,6,wet_snow,6,wet_snow,0,1,3.25112915,3.25112915,3.25112915,9.742635727,9.742635727,1.394748688,1.394748688,1.394748688,0.5136966705,0.5136966705,0.5136966705,0.2142028809,0.2142028809
E02582,39.5,22.75,2012-01-29T18:00:00,2012-01-29T18:00:00,2012-01-29T19:00:00,1,6,wet_snow,6,wet_snow,0,1,4.139434814,4.139434814,4.139434814,9.740830421,9.740830421,0.02403259277,0.02403259277,0.02403259277,0.01426935196,0.01426935196,0.01426935196,0.1569519043,0.1569519043
E00194,40.25,21.75,2017-12-10T06:00:00,2017-12-10T06:00:00,2017-12-10T07:00:00,1,6,wet_snow,6,wet_snow,0,1,1.952789307,1.952789307,1.952789307,9.730490685,9.730490685,0,0,0,0,0,0,0.0004577636719,0.0004577636719
E00852,40,21.75,2012-02-29T08:00:00,2012-02-29T08:00:00,2012-02-29T09:00:00,1,6,wet_snow,6,wet_snow,0,1,2.677520752,2.677520752,2.677520752,9.725928307,9.725928307,0.00171661377,0.00171661377,0.00171661377,0.001931190491,0.001931190491,0.001931190491,0.006866455078,0.006866455078
E00806,40.25,22.75,2016-01-23T07:00:00,2016-01-23T07:00:00,2016-01-23T08:00:00,1,6,wet_snow,6,wet_snow,0,1,2.094146729,2.094146729,2.094146729,9.665296555,9.665296555,0.009441375732,0.009441375732,0.009441375732,0.0004291534424,0.0004291534424,0.0004291534424,0.01239013672,0.01239013672
E00709,40.25,22.25,2018-12-25T08:00:00,2018-12-25T08:00:00,2018-12-25T09:00:00,1,6,wet_snow,6,wet_snow,0,1,3.972930908,3.972930908,3.972930908,9.655893326,9.655893326,0,0,0,0.0001072883606,0.0001072883606,0.0001072883606,0.006286621094,0.006286621094
E00991,40,21.75,2017-12-23T08:00:00,2017-12-23T08:00:00,2017-12-23T09:00:00,1,6,wet_snow,6,wet_snow,0,1,3.033599854,3.033599854,3.033599854,9.632058144,9.632058144,0,0,0,0,0,0,0.01736450195,0.01736450195
E00764,40.25,22.5,2016-12-30T06:00:00,2016-12-30T06:00:00,2016-12-30T07:00:00,1,6,wet_snow,6,wet_snow,0,1,-0.1219177246,-0.1219177246,-0.1219177246,9.623350143,9.623350143,0,0,0,0,0,0,0.00830078125,0.00830078125
E02772,39.25,21.75,2017-01-18T21:00:00,2017-01-18T21:00:00,2017-01-18T22:00:00,1,3,freezing_rain,3,freezing_rain,1,0,0.4410705566,0.4410705566,0.4410705566,9.617255211,9.617255211,2.061653137,2.061653137,2.061653137,0.3777623177,0.3777623177,0.3777623177,0.2385253906,0.2385253906
E01652,39.75,21.75,2012-01-26T06:00:00,2012-01-26T06:00:00,2012-01-26T07:00:00,1,6,wet_snow,6,wet_snow,0,1,1.218414307,1.218414307,1.218414307,9.595486641,9.595486641,0.0008583068848,0.0008583068848,0.0008583068848,0.0006437301636,0.0006437301636,0.0006437301636,0.01400756836,0.01400756836
E00269,40.25,21.75,2020-01-01T07:00:00,2020-01-01T07:00:00,2020-01-01T08:00:00,1,6,wet_snow,6,wet_snow,0,1,0.2643127441,0.2643127441,0.2643127441,9.578497887,9.578497887,0,0,0,0,0,0,0.007354736328,0.007354736328
E00826,40,21.75,2012-01-06T16:00:00,2012-01-06T16:00:00,2012-01-06T17:00:00,1,6,wet_snow,6,wet_snow,0,1,3.027740479,3.027740479,3.027740479,9.531147957,9.531147957,1.333379745,1.333379745,1.333379745,0.5658388138,0.5658388138,0.5658388138,0.06228637695,0.06228637695
E03156,39.25,22.5,2015-01-06T13:00:00,2015-01-06T13:00:00,2015-01-06T14:00:00,1,6,wet_snow,6,wet_snow,0,1,5.168243408,5.168243408,5.168243408,9.525982857,9.525982857,0.08583068848,0.08583068848,0.08583068848,0.02714395523,0.02714395523,0.02714395523,0.0005798339844,0.0005798339844
E00793,40.25,22.75,2012-02-10T10:00:00,2012-02-10T10:00:00,2012-02-10T11:00:00,1,6,wet_snow,6,wet_snow,0,1,3.636627197,3.636627197,3.636627197,9.518873215,9.518873215,0.4124164581,0.4124164581,0.4124164581,0.3115653992,0.3115653992,0.3115653992,0.1647644043,0.1647644043
E01586,40,22.75,2012-01-30T17:00:00,2012-01-30T17:00:00,2012-01-30T18:00:00,1,6,wet_snow,6,wet_snow,0,1,2.12612915,2.12612915,2.12612915,9.495336533,9.495336533,0.01888275146,0.01888275146,0.01888275146,0.01636147499,0.01636147499,0.01636147499,0.05569458008,0.05569458008
E02726,39.25,21.75,2014-12-28T07:00:00,2014-12-28T07:00:00,2014-12-28T08:00:00,1,6,wet_snow,6,wet_snow,0,1,-0.7334899902,-0.7334899902,-0.7334899902,9.472477913,9.472477913,0.005149841309,0.005149841309,0.005149841309,0.005042552948,0.005042552948,0.005042552948,0.01959228516,0.01959228516
E03335,39.25,22.75,2019-12-30T08:00:00,2019-12-30T08:00:00,2019-12-30T09:00:00,1,6,wet_snow,6,wet_snow,0,1,4.501861572,4.501861572,4.501861572,9.463080406,9.463080406,0.4883766174,0.4883766174,0.4883766174,0.4098415375,0.4098415375,0.4098415375,0.1239929199,0.1239929199
E02650,39.5,22.75,2019-02-24T21:00:00,2019-02-24T21:00:00,2019-02-24T22:00:00,1,6,wet_snow,6,wet_snow,0,1,3.048980713,3.048980713,3.048980713,9.455767632,9.455767632,0.2029895782,0.2029895782,0.2029895782,0.1374363899,0.1374363899,0.1374363899,0.1448669434,0.1448669434
E02733,39.25,21.75,2015-02-03T04:00:00,2015-02-03T04:00:00,2015-02-03T05:00:00,1,6,wet_snow,6,wet_snow,0,1,1.318267822,1.318267822,1.318267822,9.422149658,9.422149658,0.0008583068848,0.0008583068848,0.0008583068848,0.0004291534424,0.0004291534424,0.0004291534424,0.02365112305,0.02365112305
E01309,40,22.25,2012-02-06T10:00:00,2012-02-06T10:00:00,2012-02-06T11:00:00,1,6,wet_snow,6,wet_snow,0,1,1.519561768,1.519561768,1.519561768,9.410172462,9.410172462,2.988195419,2.988195419,2.988195419,1.913112402,1.913112402,1.913112402,0.03460693359,0.03460693359
E01627,40,22.75,2016-01-22T23:00:00,2016-01-22T23:00:00,2016-01-23T00:00:00,1,6,wet_snow,6,wet_snow,0,1,3.943878174,3.943878174,3.943878174,9.406536102,9.406536102,0.0536441803,0.0536441803,0.0536441803,5.36441803e-05,5.36441803e-05,5.36441803e-05,0.02615356445,0.02615356445
E02185,39.75,22.75,2016-01-23T11:00:00,2016-01-23T11:00:00,2016-01-23T12:00:00,1,6,wet_snow,6,wet_snow,0,1,2.8800354,2.8800354,2.8800354,9.378839493,9.378839493,0.07381439209,0.07381439209,0.07381439209,0.03422498703,0.03422498703,0.03422498703,0.05029296875,0.05029296875
E00255,40.25,21.75,2019-02-23T03:00:00,2019-02-23T03:00:00,2019-02-23T04:00:00,1,6,wet_snow,6,wet_snow,0,1,2.346832275,2.346832275,2.346832275,9.377082825,9.377082825,0.2566337585,0.2566337585,0.2566337585,0.09462833405,0.09462833405,0.09462833405,0.05737304688,0.05737304688
E01554,40,22.5,2015-12-31T01:00:00,2015-12-31T01:00:00,2015-12-31T02:00:00,1,6,wet_snow,6,wet_snow,0,1,0.5995178223,0.5995178223,0.5995178223,9.37310791,9.37310791,0.387096405,0.387096405,0.387096405,0.3271222115,0.3271222115,0.3271222115,0.1104125977,0.1104125977
E01044,40,21.75,2020-02-05T06:00:00,2020-02-05T06:00:00,2020-02-05T07:00:00,1,6,wet_snow,6,wet_snow,0,1,2.850006104,2.850006104,2.850006104,9.363160133,9.363160133,1.947069168,1.947069168,1.947069168,0.5405187607,0.5405187607,0.5405187607,0.1766662598,0.1766662598
E01551,40,22.5,2015-02-17T15:00:00,2015-02-17T15:00:00,2015-02-17T16:00:00,1,6,wet_snow,6,wet_snow,0,1,1.158355713,1.158355713,1.158355713,9.350625992,9.350625992,0.3334522247,0.3334522247,0.3334522247,0.3146767616,0.3146767616,0.3146767616,0.1351013184,0.1351013184
E02652,39.5,22.75,2020-02-06T23:00:00,2020-02-06T23:00:00,2020-02-07T00:00:00,1,6,wet_snow,6,wet_snow,0,1,3.190582275,3.190582275,3.190582275,9.324707031,9.324707031,0,0,0,5.36441803e-05,5.36441803e-05,5.36441803e-05,0.002502441406,0.002502441406
E02896,39.25,22,2012-02-17T11:00:00,2012-02-17T11:00:00,2012-02-17T12:00:00,1,6,wet_snow,6,wet_snow,0,1,4.032623291,4.032623291,4.032623291,9.321662903,9.321662903,0,0,0,0,0,0,0.0003051757812,0.0003051757812
E01675,39.75,21.75,2012-02-29T07:00:00,2012-02-29T07:00:00,2012-02-29T08:00:00,1,6,wet_snow,6,wet_snow,0,1,-0.5745544434,-0.5745544434,-0.5745544434,9.321655273,9.321655273,0.005578994751,0.005578994751,0.005578994751,0.00547170639,0.00547170639,0.00547170639,0.007171630859,0.007171630859
E02491,39.5,22.5,2012-02-01T11:00:00,2012-02-01T11:00:00,2012-02-01T12:00:00,1,6,wet_snow,6,wet_snow,0,1,1.807281494,1.807281494,1.807281494,9.305086136,9.305086136,0.04634857178,0.04634857178,0.04634857178,0.02499818802,0.02499818802,0.02499818802,0.0221862793,0.0221862793
E02123,39.75,22.5,2017-01-06T14:00:00,2017-01-06T14:00:00,2017-01-06T15:00:00,1,6,wet_snow,6,wet_snow,0,1,3.873687744,3.873687744,3.873687744,9.290847778,9.290847778,0.0008583068848,0.0008583068848,0.0008583068848,0.0008583068848,0.0008583068848,0.0008583068848,0.01364135742,0.01364135742
E02213,39.5,21.75,2012-01-30T13:00:00,2012-01-30T13:00:00,2012-01-30T14:00:00,1,6,wet_snow,6,wet_snow,0,1,1.188140869,1.188140869,1.188140869,9.257984161,9.257984161,0.1124382019,0.1124382019,0.1124382019,0.1122236252,0.1122236252,0.1122236252,0.080078125,0.080078125
E00952,40,21.75,2017-01-05T22:00:00,2017-01-05T22:00:00,2017-01-05T23:00:00,1,6,wet_snow,6,wet_snow,0,1,3.261627197,3.261627197,3.261627197,9.242030144,9.242030144,2.230739594,2.230739594,2.230739594,0.5306482315,0.5306482315,0.5306482315,0.1646118164,0.1646118164
E01083,40,22,2012-02-27T09:00:00,2012-02-27T09:00:00,2012-02-27T10:00:00,1,6,wet_snow,6,wet_snow,0,1,1.081329346,1.081329346,1.081329346,9.236225128,9.236225128,0.7956504822,0.7956504822,0.7956504822,0.6710886955,0.6710886955,0.6710886955,0.02072143555,0.02072143555
E03157,39.25,22.5,2015-01-06T15:00:00,2015-01-06T15:00:00,2015-01-06T16:00:00,1,6,wet_snow,6,wet_snow,0,1,2.877593994,2.877593994,2.877593994,9.222566605,9.222566605,0.1356124878,0.1356124878,0.1356124878,0.01233816147,0.01233816147,0.01233816147,0.003021240234,0.003021240234
E00765,40.25,22.5,2016-12-31T07:00:00,2016-12-31T07:00:00,2016-12-31T08:00:00,1,6,wet_snow,6,wet_snow,0,1,0.1551818848,0.1551818848,0.1551818848,9.221944809,9.221944809,0.003433227539,0.003433227539,0.003433227539,0.003433227539,0.003433227539,0.003433227539,0.03189086914,0.03189086914
E01299,40,22.25,2012-01-14T04:00:00,2012-01-14T04:00:00,2012-01-14T05:00:00,1,3,freezing_rain,3,freezing_rain,1,0,-0.8401794434,-0.8401794434,-0.8401794434,9.215932846,9.215932846,0.0008583068848,0.0008583068848,0.0008583068848,0,0,0,0.02658081055,0.02658081055
E03277,39.25,22.75,2015-01-07T12:00:00,2015-01-07T12:00:00,2015-01-07T13:00:00,1,6,wet_snow,6,wet_snow,0,1,4.587921143,4.587921143,4.587921143,9.202794075,9.202794075,0,0,0,0,0,0,0.0003051757812,0.0003051757812
E00258,40.25,21.75,2019-02-27T06:00:00,2019-02-27T06:00:00,2019-02-27T07:00:00,1,6,wet_snow,6,wet_snow,0,1,3.565704346,3.565704346,3.565704346,9.157763481,9.157763481,0,0,0,0,0,0,6.103515625e-05,6.103515625e-05
E01481,40,22.25,2018-12-25T08:00:00,2018-12-25T08:00:00,2018-12-25T09:00:00,1,6,wet_snow,6,wet_snow,0,1,3.793243408,3.793243408,3.793243408,9.142221451,9.142221451,0.00171661377,0.00171661377,0.00171661377,0.0006973743439,0.0006973743439,0.0006973743439,0.0133972168,0.0133972168
E00828,40,21.75,2012-01-09T15:00:00,2012-01-09T15:00:00,2012-01-09T16:00:00,1,6,wet_snow,6,wet_snow,0,1,3.880401611,3.880401611,3.880401611,9.127026558,9.127026558,0.0008583068848,0.0008583068848,0.0008583068848,0.0006973743439,0.0006973743439,0.0006973743439,0,0
E01828,39.75,22,2012-02-28T10:00:00,2012-02-28T10:00:00,2012-02-28T11:00:00,1,6,wet_snow,6,wet_snow,0,1,4.13772583,4.13772583,4.13772583,9.078269958,9.078269958,0,0,0,0,0,0,0,0
E03249,39.25,22.75,2012-01-31T16:00:00,2012-01-31T16:00:00,2012-01-31T17:00:00,1,6,wet_snow,6,wet_snow,0,1,2.613311768,2.613311768,2.613311768,9.041579247,9.041579247,0.05664825439,0.05664825439,0.05664825439,0.0465631485,0.0465631485,0.0465631485,0.04846191406,0.04846191406
E01154,40,22,2015-01-04T20:00:00,2015-01-04T20:00:00,2015-01-04T21:00:00,1,6,wet_snow,6,wet_snow,0,1,4.296539307,4.296539307,4.296539307,9.030892372,9.030892372,0.008583068848,0.008583068848,0.008583068848,0,0,0,0.09048461914,0.09048461914
E00343,40.25,22,2013-01-19T08:00:00,2013-01-19T08:00:00,2013-01-19T09:00:00,1,6,wet_snow,6,wet_snow,0,1,2.705596924,2.705596924,2.705596924,9.02529335,9.02529335,0,0,0,0.0001609325409,0.0001609325409,0.0001609325409,0.001556396484,0.001556396484
E01795,39.75,21.75,2020-01-05T06:00:00,2020-01-05T06:00:00,2020-01-05T07:00:00,1,6,wet_snow,6,wet_snow,0,1,3.194732666,3.194732666,3.194732666,9.023086548,9.023086548,0.0008583068848,0.0008583068848,0.0008583068848,0.0009655952454,0.0009655952454,0.0009655952454,0.005126953125,0.005126953125
E01336,40,22.25,2013-01-07T08:00:00,2013-01-07T08:00:00,2013-01-07T09:00:00,1,6,wet_snow,6,wet_snow,0,1,2.19241333,2.19241333,2.19241333,9.019532204,9.019532204,0,0,0,0,0,0,0.00830078125,0.00830078125
E02799,39.25,21.75,2017-12-23T10:00:00,2017-12-23T10:00:00,2017-12-23T11:00:00,1,6,wet_snow,6,wet_snow,0,1,3.155914307,3.155914307,3.155914307,9.01673317,9.01673317,0,0,0,0,0,0,0.006317138672,0.006317138672
E01661,39.75,21.75,2012-01-30T11:00:00,2012-01-30T11:00:00,2012-01-30T12:00:00,1,6,wet_snow,6,wet_snow,0,1,1.131866455,1.131866455,1.131866455,9.009879112,9.009879112,0.08668899536,0.08668899536,0.08668899536,0.08674263954,0.08674263954,0.08674263954,0.1669006348,0.1669006348
E01517,40,22.5,2012-01-29T22:00:00,2012-01-29T22:00:00,2012-01-29T23:00:00,1,6,wet_snow,6,wet_snow,0,1,1.0597229,1.0597229,1.0597229,8.953248024,8.953248024,0.1948356628,0.1948356628,0.1948356628,0.1841068268,0.1841068268,0.1841068268,0.1435546875,0.1435546875
E00143,40.25,21.75,2016-01-17T11:00:00,2016-01-17T11:00:00,2016-01-17T12:00:00,1,6,wet_snow,6,wet_snow,0,1,1.330474854,1.330474854,1.330474854,8.943328857,8.943328857,0.05235671997,0.05235671997,0.05235671997,0.04640221596,0.04640221596,0.04640221596,0.005584716797,0.005584716797
E03327,39.25,22.75,2019-01-07T14:00:00,2019-01-07T14:00:00,2019-01-07T15:00:00,1,6,wet_snow,6,wet_snow,0,1,2.321929932,2.321929932,2.321929932,8.93150425,8.93150425,0.2317428589,0.2317428589,0.2317428589,0.1643657684,0.1643657684,0.1643657684,0.008056640625,0.008056640625
E02553,39.5,22.5,2018-02-26T08:00:00,2018-02-26T08:00:00,2018-02-26T09:00:00,1,6,wet_snow,6,wet_snow,0,1,2.385284424,2.385284424,2.385284424,8.914941788,8.914941788,3.26499939,3.26499939,3.26499939,2.634894848,2.634894848,2.634894848,0.1147766113,0.1147766113
E01763,39.75,21.75,2017-12-23T07:00:00,2017-12-23T07:00:00,2017-12-23T08:00:00,1,6,wet_snow,6,wet_snow,0,1,0.6483459473,0.6483459473,0.6483459473,8.913064957,8.913064957,0,0,0,0,0,0,0.009429931641,0.009429931641
E01647,39.75,21.75,2012-01-10T08:00:00,2012-01-10T08:00:00,2012-01-10T09:00:00,1,6,wet_snow,6,wet_snow,0,1,3.837188721,3.837188721,3.837188721,8.908027649,8.908027649,0,0,0,0.0003218650818,0.0003218650818,0.0003218650818,0.001861572266,0.001861572266
E01615,40,22.75,2015-02-11T23:00:00,2015-02-11T23:00:00,2015-02-12T00:00:00,1,6,wet_snow,6,wet_snow,0,1,4.37197876,4.37197876,4.37197876,8.898636818,8.898636818,0.09698867798,0.09698867798,0.09698867798,0,0,0,0.007507324219,0.007507324219
E02728,39.25,21.75,2015-01-05T00:00:00,2015-01-05T00:00:00,2015-01-05T01:00:00,1,6,wet_snow,6,wet_snow,0,1,3.328277588,3.328277588,3.328277588,8.861681938,8.861681938,0.02059936523,0.02059936523,0.02059936523,0.0177025795,0.0177025795,0.0177025795,0.126953125,0.126953125
E01762,39.75,21.75,2017-12-23T03:00:00,2017-12-23T03:00:00,2017-12-23T04:00:00,1,6,wet_snow,6,wet_snow,0,1,0.4449768066,0.4449768066,0.4449768066,8.853217125,8.853217125,0,0,0,0,0,0,0.007507324219,0.007507324219
E01151,40,22,2014-12-28T19:00:00,2014-12-28T19:00:00,2014-12-28T20:00:00,1,3,freezing_rain,3,freezing_rain,1,0,1.742095947,1.742095947,1.742095947,8.842234612,8.842234612,1.383590698,1.383590698,1.383590698,0.03197193146,0.03197193146,0.03197193146,0.07571411133,0.07571411133
E02579,39.5,22.75,2012-01-16T11:00:00,2012-01-16T11:00:00,2012-01-16T12:00:00,1,6,wet_snow,6,wet_snow,0,1,4.317901611,4.317901611,4.317901611,8.829529762,8.829529762,0,0,0,0,0,0,9.155273438e-05,9.155273438e-05
E00658,40.25,22.25,2017-01-06T09:00:00,2017-01-06T09:00:00,2017-01-06T10:00:00,1,6,wet_snow,6,wet_snow,0,1,-0.3062438965,-0.3062438965,-0.3062438965,8.826281548,8.826281548,0.0008583068848,0.0008583068848,0.0008583068848,0.000536441803,0.000536441803,0.000536441803,0.003143310547,0.003143310547
E00731,40.25,22.25,2019-12-29T08:00:00,2019-12-29T08:00:00,2019-12-29T09:00:00,1,6,wet_snow,6,wet_snow,0,1,1.58694458,1.58694458,1.58694458,8.809329987,8.809329987,0,0,0,5.36441803e-05,5.36441803e-05,5.36441803e-05,0.004943847656,0.004943847656
E01498,40,22.25,2019-02-23T04:00:00,2019-02-23T04:00:00,2019-02-23T05:00:00,1,6,wet_snow,6,wet_snow,0,1,3.106231689,3.106231689,3.106231689,8.783932686,8.783932686,1.355695724,1.355695724,1.355695724,0.956261158,0.956261158,0.956261158,0.2641906738,0.2641906738
E01179,40,22,2016-02-05T19:00:00,2016-02-05T19:00:00,2016-02-05T20:00:00,1,6,wet_snow,6,wet_snow,0,1,1.752593994,1.752593994,1.752593994,8.780154228,8.780154228,0.00171661377,0.00171661377,0.00171661377,0.0002145767212,0.0002145767212,0.0002145767212,0.0001220703125,0.0001220703125
E02683,39.25,21.75,2012-12-12T02:00:00,2012-12-12T02:00:00,2012-12-12T03:00:00,1,3,freezing_rain,3,freezing_rain,1,0,-0.5059509277,-0.5059509277,-0.5059509277,8.753539085,8.753539085,0,0,0,0.0001072883606,0.0001072883606,0.0001072883606,0.02499389648,0.02499389648
E01485,40,22.25,2019-01-06T12:00:00,2019-01-06T12:00:00,2019-01-06T13:00:00,1,6,wet_snow,6,wet_snow,0,1,0.7960510254,0.7960510254,0.7960510254,8.75053215,8.75053215,0,0,0,0,0,0,0.00244140625,0.00244140625
E01296,40,22.25,2012-01-09T10:00:00,2012-01-09T10:00:00,2012-01-09T11:00:00,1,6,wet_snow,6,wet_snow,0,1,3.686431885,3.686431885,3.686431885,8.724401474,8.724401474,0.0253200531,0.0253200531,0.0253200531,0.01652240753,0.01652240753,0.01652240753,0.003204345703,0.003204345703
E00394,40.25,22,2015-01-10T02:00:00,2015-01-10T02:00:00,2015-01-10T03:00:00,1,3,freezing_rain,3,freezing_rain,1,0,-1.210296631,-1.210296631,-1.210296631,8.715309143,8.715309143,0,0,0,0,0,0,0.001068115234,0.001068115234
E01315,40,22.25,2012-02-15T12:00:00,2012-02-15T12:00:00,2012-02-15T13:00:00,1,6,wet_snow,6,wet_snow,0,1,1.979034424,1.979034424,1.979034424,8.656807899,8.656807899,0.01673698425,0.01673698425,0.01673698425,0.003916025162,0.003916025162,0.003916025162,0.0001831054688,0.0001831054688
E01220,40,22,2017-12-23T09:00:00,2017-12-23T09:00:00,2017-12-23T10:00:00,1,6,wet_snow,6,wet_snow,0,1,2.694366455,2.694366455,2.694366455,8.592720032,8.592720032,0,0,0,0,0,0,0.005218505859,0.005218505859
E02224,39.5,21.75,2012-02-29T07:00:00,2012-02-29T07:00:00,2012-02-29T08:00:00,1,6,wet_snow,6,wet_snow,0,1,-1.047210693,-1.047210693,-1.047210693,8.588256836,8.588256836,0.003004074097,0.003004074097,0.003004074097,0.002896785736,0.002896785736,0.002896785736,0.0078125,0.0078125
E00342,40.25,22,2013-01-17T07:00:00,2013-01-17T07:00:00,2013-01-17T08:00:00,1,3,freezing_rain,3,freezing_rain,1,0,0.5589904785,0.5589904785,0.5589904785,8.580698967,8.580698967,0.002145767212,0.002145767212,0.002145767212,0.0009655952454,0.0009655952454,0.0009655952454,0.004241943359,0.004241943359
E02012,39.75,22.25,2017-01-19T03:00:00,2017-01-19T03:00:00,2017-01-19T04:00:00,1,6,wet_snow,6,wet_snow,0,1,3.02822876,3.02822876,3.02822876,8.559240341,8.559240341,1.995563507,1.995563507,1.995563507,1.286172867,1.286172867,1.286172867,0.09091186523,0.09091186523
E01380,40,22.25,2014-12-27T02:00:00,2014-12-27T02:00:00,2014-12-27T03:00:00,1,6,wet_snow,6,wet_snow,0,1,1.947418213,1.947418213,1.947418213,8.548481941,8.548481941,0.1999855042,0.1999855042,0.1999855042,0.09763240814,0.09763240814,0.09763240814,0.04708862305,0.04708862305
E00334,40.25,22,2012-12-30T03:00:00,2012-12-30T03:00:00,2012-12-30T04:00:00,1,3,freezing_rain,3,freezing_rain,1,0,2.801544189,2.801544189,2.801544189,8.529743195,8.529743195,0.006437301636,0.006437301636,0.006437301636,0,0,0,0.01690673828,0.01690673828
E02184,39.75,22.75,2016-01-23T06:00:00,2016-01-23T06:00:00,2016-01-23T07:00:00,1,6,wet_snow,6,wet_snow,0,1,2.554595947,2.554595947,2.554595947,8.522287369,8.522287369,0.3956794739,0.3956794739,0.3956794739,0.3241181374,0.3241181374,0.3241181374,0.1994018555,0.1994018555
E01855,39.75,22,2016-01-17T04:00:00,2016-01-17T04:00:00,2016-01-17T05:00:00,1,6,wet_snow,6,wet_snow,0,1,2.845123291,2.845123291,2.845123291,8.504057884,8.504057884,0.02918243408,0.02918243408,0.02918243408,0.02006292343,0.02006292343,0.02006292343,0.0002136230469,0.0002136230469
E01032,40,21.75,2019-02-23T04:00:00,2019-02-23T04:00:00,2019-02-23T05:00:00,1,6,wet_snow,6,wet_snow,0,1,3.283966064,3.283966064,3.283966064,8.496823311,8.496823311,0.4081249237,0.4081249237,0.4081249237,0.1886129379,0.1886129379,0.1886129379,0.1166992188,0.1166992188
E03254,39.25,22.75,2012-02-08T01:00:00,2012-02-08T01:00:00,2012-02-08T02:00:00,1,6,wet_snow,6,wet_snow,0,1,2.994171143,2.994171143,2.994171143,8.466248512,8.466248512,1.196479797,1.196479797,1.196479797,0.8570194244,0.8570194244,0.8570194244,0.2087097168,0.2087097168
E01462,40,22.25,2018-02-24T06:00:00,2018-02-24T06:00:00,2018-02-24T07:00:00,1,6,wet_snow,6,wet_snow,0,1,3.920440674,3.920440674,3.920440674,8.465014458,8.465014458,1.175880432,1.175880432,1.175880432,0.6823539734,0.6823539734,0.6823539734,0.3226928711,0.3226928711
E00252,40.25,21.75,2019-02-15T07:00:00,2019-02-15T07:00:00,2019-02-15T08:00:00,1,6,wet_snow,6,wet_snow,0,1,1.835601807,1.835601807,1.835601807,8.451383591,8.451383591,0,0,0,0.0003218650818,0.0003218650818,0.0003218650818,0.001281738281,0.001281738281
E01923,39.75,22,2020-01-06T07:00:00,2020-01-06T07:00:00,2020-01-06T08:00:00,1,6,wet_snow,6,wet_snow,0,1,2.337432861,2.337432861,2.337432861,8.438635826,8.438635826,0,0,0,0.0003218650818,0.0003218650818,0.0003218650818,0.002075195312,0.002075195312
E03307,39.25,22.75,2016-12-29T05:00:00,2016-12-29T05:00:00,2016-12-29T06:00:00,1,6,wet_snow,6,wet_snow,0,1,2.903106689,2.903106689,2.903106689,8.435062408,8.435062408,0.09827613831,0.09827613831,0.09827613831,0.05654096603,0.05654096603,0.05654096603,0.006378173828,0.006378173828
E03285,39.25,22.75,2015-02-10T19:00:00,2015-02-10T19:00:00,2015-02-10T20:00:00,1,6,wet_snow,6,wet_snow,0,1,4.669586182,4.669586182,4.669586182,8.42630291,8.42630291,0.01287460327,0.01287460327,0.01287460327,0.003755092621,0.003755092621,0.003755092621,0.005523681641,0.005523681641
E01650,39.75,21.75,2012-01-20T07:00:00,2012-01-20T07:00:00,2012-01-20T08:00:00,1,6,wet_snow,6,wet_snow,0,1,0.2003479004,0.2003479004,0.2003479004,8.412466049,8.412466049,0,0,0,0,0,0,0.001190185547,0.001190185547
E02114,39.75,22.5,2016-12-28T20:00:00,2016-12-28T20:00:00,2016-12-28T21:00:00,1,6,wet_snow,6,wet_snow,0,1,2.532867432,2.532867432,2.532867432,8.391173363,8.391173363,0.0008583068848,0.0008583068848,0.0008583068848,0.001180171967,0.001180171967,0.001180171967,0.002227783203,0.002227783203
E02245,39.5,21.75,2015-02-10T16:00:00,2015-02-10T16:00:00,2015-02-10T17:00:00,1,6,wet_snow,6,wet_snow,0,1,2.14175415,2.14175415,2.14175415,8.38242054,8.38242054,0.009870529175,0.009870529175,0.009870529175,0.005578994751,0.005578994751,0.005578994751,0.001373291016,0.001373291016
E00750,40.25,22.5,2012-02-10T10:00:00,2012-02-10T10:00:00,2012-02-10T11:00:00,1,6,wet_snow,6,wet_snow,0,1,0.7108459473,0.7108459473,0.7108459473,8.38020134,8.38020134,0.5300045013,0.5300045013,0.5300045013,0.4837632179,0.4837632179,0.4837632179,0.1362915039,0.1362915039
E03021,39.25,22.25,2012-02-17T11:00:00,2012-02-17T11:00:00,2012-02-17T12:00:00,1,6,wet_snow,6,wet_snow,0,1,5.581451416,5.581451416,5.581451416,8.376350403,8.376350403,0,0,0,0.0001072883606,0.0001072883606,0.0001072883606,0.002227783203,0.002227783203
E02237,39.5,21.75,2015-01-05T00:00:00,2015-01-05T00:00:00,2015-01-05T01:00:00,1,6,wet_snow,6,wet_snow,0,1,4.390777588,4.390777588,4.390777588,8.336291313,8.336291313,0,0,0,0.0001072883606,0.0001072883606,0.0001072883606,0.05096435547,0.05096435547
E01659,39.75,21.75,2012-01-29T11:00:00,2012-01-29T11:00:00,2012-01-29T12:00:00,1,6,wet_snow,6,wet_snow,0,1,2.033477783,2.033477783,2.033477783,8.331190109,8.331190109,0.2999782562,0.2999782562,0.2999782562,0.2227306366,0.2227306366,0.2227306366,0.06890869141,0.06890869141
E01800,39.75,21.75,2020-02-22T02:00:00,2020-02-22T02:00:00,2020-02-22T03:00:00,1,6,wet_snow,6,wet_snow,0,1,2.347076416,2.347076416,2.347076416,8.318358421,8.318358421,0.00171661377,0.00171661377,0.00171661377,0.001394748688,0.001394748688,0.001394748688,0.05087280273,0.05087280273
E01039,40,21.75,2020-01-02T08:00:00,2020-01-02T08:00:00,2020-01-02T09:00:00,1,6,wet_snow,6,wet_snow,0,1,2.263336182,2.263336182,2.263336182,8.288715363,8.288715363,0,0,0,0,0,0,0.003479003906,0.003479003906
E00233,40.25,21.75,2018-12-25T05:00:00,2018-12-25T05:00:00,2018-12-25T06:00:00,1,6,wet_snow,6,wet_snow,0,1,2.290802002,2.290802002,2.290802002,8.288029671,8.288029671,0.06093978882,0.06093978882,0.06093978882,0.02381801605,0.02381801605,0.02381801605,0.006988525391,0.006988525391
E01029,40,21.75,2019-02-15T07:00:00,2019-02-15T07:00:00,2019-02-15T08:00:00,1,6,wet_snow,6,wet_snow,0,1,2.292633057,2.292633057,2.292633057,8.275602341,8.275602341,0,0,0,0,0,0,0.0005798339844,0.0005798339844
E03139,39.25,22.5,2012-02-07T18:00:00,2012-02-07T18:00:00,2012-02-07T19:00:00,1,6,wet_snow,6,wet_snow,0,1,2.85269165,2.85269165,2.85269165,8.272475243,8.272475243,1.997709274,1.997709274,1.997709274,1.581966877,1.581966877,1.581966877,0.481048584,0.481048584
E00564,40.25,22.25,2012-01-07T16:00:00,2012-01-07T16:00:00,2012-01-07T17:00:00,1,6,wet_snow,6,wet_snow,0,1,2.134918213,2.134918213,2.134918213,8.266949654,8.266949654,0.0253200531,0.0253200531,0.0253200531,0.02285242081,0.02285242081,0.02285242081,0.03616333008,0.03616333008
E01801,39.75,22,2012-01-07T01:00:00,2012-01-07T01:00:00,2012-01-07T02:00:00,1,6,wet_snow,6,wet_snow,0,1,3.022125244,3.022125244,3.022125244,8.263007164,8.263007164,0.3793716431,0.3793716431,0.3793716431,0.2736926079,0.2736926079,0.2736926079,0.04934692383,0.04934692383
E00619,40.25,22.25,2014-12-27T08:00:00,2014-12-27T08:00:00,2014-12-27T09:00:00,1,6,wet_snow,6,wet_snow,0,1,2.582061768,2.582061768,2.582061768,8.259749413,8.259749413,0,0,0,0,0,0,0.0003967285156,0.0003967285156
E02158,39.75,22.75,2012-02-09T16:00:00,2012-02-09T16:00:00,2012-02-09T17:00:00,1,6,wet_snow,6,wet_snow,0,1,2.4737854,2.4737854,2.4737854,8.258454323,8.258454323,0.07209777832,0.07209777832,0.07209777832,0.01872181892,0.01872181892,0.01872181892,0.01202392578,0.01202392578
E02869,39.25,21.75,2020-02-22T04:00:00,2020-02-22T04:00:00,2020-02-22T05:00:00,1,6,wet_snow,6,wet_snow,0,1,1.763214111,1.763214111,1.763214111,8.25530529,8.25530529,0.03004074097,0.03004074097,0.03004074097,0.009977817535,0.009977817535,0.009977817535,0.03558349609,0.03558349609
E01681,39.75,21.75,2012-12-19T23:00:00,2012-12-19T23:00:00,2012-12-20T00:00:00,1,6,wet_snow,6,wet_snow,0,1,1.65737915,1.65737915,1.65737915,8.248530388,8.248530388,0,0,0,0,0,0,0.003387451172,0.003387451172
E02764,39.25,21.75,2017-01-13T06:00:00,2017-01-13T06:00:00,2017-01-13T07:00:00,1,3,freezing_rain,3,freezing_rain,1,0,-4.257659912,-4.257659912,-4.257659912,8.245121956,8.245121956,0.0004291534424,0.0004291534424,0.0004291534424,0,0,0,0.02114868164,0.02114868164
E01928,39.75,22,2020-02-06T16:00:00,2020-02-06T16:00:00,2020-02-06T17:00:00,1,6,wet_snow,6,wet_snow,0,1,4.639556885,4.639556885,4.639556885,8.235925674,8.235925674,0,0,0,0.0004291534424,0.0004291534424,0.0004291534424,0.006713867188,0.006713867188
E00038,40.25,21.75,2012-12-11T22:00:00,2012-12-11T22:00:00,2012-12-11T23:00:00,1,6,wet_snow,6,wet_snow,0,1,0.9161682129,0.9161682129,0.9161682129,8.22721386,8.22721386,0,0,0,0,0,0,0.002899169922,0.002899169922
E02795,39.25,21.75,2017-12-05T19:00:00,2017-12-05T19:00:00,2017-12-05T20:00:00,1,6,wet_snow,6,wet_snow,0,1,1.667877197,1.667877197,1.667877197,8.206028938,8.206028938,0,0,0,0,0,0,0.002105712891,0.002105712891
E01829,39.75,22,2012-02-29T07:00:00,2012-02-29T07:00:00,2012-02-29T08:00:00,1,6,wet_snow,6,wet_snow,0,1,-0.08627319336,-0.08627319336,-0.08627319336,8.199584961,8.199584961,0.01244544983,0.01244544983,0.01244544983,0.01223087311,0.01223087311,0.01223087311,0.003295898438,0.003295898438
E01125,40,22,2013-12-07T07:00:00,2013-12-07T07:00:00,2013-12-07T08:00:00,1,6,wet_snow,6,wet_snow,0,1,0.9684143066,0.9684143066,0.9684143066,8.156732559,8.156732559,0.008153915405,0.008153915405,0.008153915405,0.002253055573,0.002253055573,0.002253055573,0.0924987793,0.0924987793
E03305,39.25,22.75,2016-12-28T21:00:00,2016-12-28T21:00:00,2016-12-28T22:00:00,1,6,wet_snow,6,wet_snow,0,1,4.027618408,4.027618408,4.027618408,8.154076576,8.154076576,0.1656532288,0.1656532288,0.1656532288,0.006651878357,0.006651878357,0.006651878357,0.004272460938,0.004272460938
E01549,40,22.5,2015-02-11T20:00:00,2015-02-11T20:00:00,2015-02-11T21:00:00,1,6,wet_snow,6,wet_snow,0,1,1.213287354,1.213287354,1.213287354,8.150334358,8.150334358,0.06265640259,0.06265640259,0.06265640259,0.002682209015,0.002682209015,0.002682209015,0.001708984375,0.001708984375
E01521,40,22.5,2012-01-30T17:00:00,2012-01-30T17:00:00,2012-01-30T18:00:00,1,6,wet_snow,6,wet_snow,0,1,-0.4695739746,-0.4695739746,-0.4695739746,8.147680283,8.147680283,0.1510620117,0.1510620117,0.1510620117,0.1497745514,0.1497745514,0.1497745514,0.07525634766,0.07525634766
E02182,39.75,22.75,2016-01-18T19:00:00,2016-01-18T19:00:00,2016-01-18T20:00:00,1,6,wet_snow,6,wet_snow,0,1,2.869049072,2.869049072,2.869049072,8.109012604,8.109012604,0.002574920654,0.002574920654,0.002574920654,0.002413988113,0.002413988113,0.002413988113,0.00048828125,0.00048828125
E01519,40,22.5,2012-01-30T07:00:00,2012-01-30T07:00:00,2012-01-30T08:00:00,1,6,wet_snow,6,wet_snow,0,1,-0.7406921387,-0.7406921387,-0.7406921387,8.10276413,8.10276413,0.09999275208,0.09999275208,0.09999275208,0.08878111839,0.08878111839,0.08878111839,0.1235046387,0.1235046387
E01831,39.75,22,2012-12-09T23:00:00,2012-12-09T23:00:00,2012-12-10T00:00:00,1,6,wet_snow,6,wet_snow,0,1,1.431060791,1.431060791,1.431060791,8.073237419,8.073237419,0,0,0,0.0001072883606,0.0001072883606,0.0001072883606,0.01718139648,0.01718139648
E01761,39.75,21.75,2017-12-23T01:00:00,2017-12-23T01:00:00,2017-12-23T02:00:00,1,6,wet_snow,6,wet_snow,0,1,0.4501037598,0.4501037598,0.4501037598,8.063940048,8.063940048,0,0,0,0,0,0,0.005645751953,0.005645751953
E01099,40,22,2013-01-07T09:00:00,2013-01-07T09:00:00,2013-01-07T10:00:00,1,6,wet_snow,6,wet_snow,0,1,2.944610596,2.944610596,2.944610596,8.037971497,8.037971497,0,0,0,0,0,0,0.0001525878906,0.0001525878906
E01153,40,22,2015-01-03T07:00:00,2015-01-03T07:00:00,2015-01-03T08:00:00,1,3,freezing_rain,3,freezing_rain,1,0,-0.7403259277,-0.7403259277,-0.7403259277,8.034329414,8.034329414,0,0,0,0,0,0,0.0003967285156,0.0003967285156
E00089,40.25,21.75,2014-01-25T22:00:00,2014-01-25T22:00:00,2014-01-25T23:00:00,1,6,wet_snow,6,wet_snow,0,1,1.612213135,1.612213135,1.612213135,8.027148247,8.027148247,0.4875183105,0.4875183105,0.4875183105,0.2757310867,0.2757310867,0.2757310867,0.07098388672,0.07098388672
E01318,40,22.25,2012-02-18T11:00:00,2012-02-18T11:00:00,2012-02-18T12:00:00,1,6,wet_snow,6,wet_snow,0,1,5.190338135,5.190338135,5.190338135,8.021617889,8.021617889,0,0,0,0,0,0,0.0009765625,0.0009765625
E00405,40.25,22,2015-02-04T07:00:00,2015-02-04T07:00:00,2015-02-04T08:00:00,1,6,wet_snow,6,wet_snow,0,1,0.9772033691,0.9772033691,0.9772033691,8.016633987,8.016633987,0.5458831787,0.5458831787,0.5458831787,0.3744363785,0.3744363785,0.3744363785,0.006134033203,0.006134033203
E01108,40,22,2013-01-25T18:00:00,2013-01-25T18:00:00,2013-01-25T19:00:00,1,6,wet_snow,6,wet_snow,0,1,2.472930908,2.472930908,2.472930908,8.010564804,8.010564804,0.737285614,0.737285614,0.737285614,0.5266785622,0.5266785622,0.5266785622,0.2848205566,0.2848205566
E00113,40.25,21.75,2015-01-03T07:00:00,2015-01-03T07:00:00,2015-01-03T08:00:00,1,3,freezing_rain,3,freezing_rain,1,0,-1.916107178,-1.916107178,-1.916107178,8.009915352,8.009915352,0.003862380981,0.003862380981,0.003862380981,0,0,0,0.004272460938,0.004272460938
E02856,39.25,21.75,2020-01-01T17:00:00,2020-01-01T17:00:00,2020-01-01T18:00:00,1,6,wet_snow,6,wet_snow,0,1,4.102203369,4.102203369,4.102203369,7.954529762,7.954529762,0.008583068848,0.008583068848,0.008583068848,0.008261203766,0.008261203766,0.008261203766,0.05072021484,0.05072021484
E02161,39.75,22.75,2012-02-29T07:00:00,2012-02-29T07:00:00,2012-02-29T08:00:00,1,6,wet_snow,6,wet_snow,0,1,3.466461182,3.466461182,3.466461182,7.929077148,7.929077148,0.02102851868,0.02102851868,0.02102851868,0.02092123032,0.02092123032,0.02092123032,0.07769775391,0.07769775391
E00924,40,21.75,2015-02-11T16:00:00,2015-02-11T16:00:00,2015-02-11T17:00:00,1,6,wet_snow,6,wet_snow,0,1,2.961700439,2.961700439,2.961700439,7.923235893,7.923235893,0,0,0,0.0002145767212,0.0002145767212,0.0002145767212,0.008209228516,0.008209228516
E02765,39.25,21.75,2017-01-14T19:00:00,2017-01-14T19:00:00,2017-01-14T20:00:00,1,3,freezing_rain,3,freezing_rain,1,0,2.277984619,2.277984619,2.277984619,7.895272255,7.895272255,0.03862380981,0.03862380981,0.03862380981,0.01437664032,0.01437664032,0.01437664032,0.002990722656,0.002990722656
E03302,39.25,22.75,2016-01-23T12:00:00,2016-01-23T12:00:00,2016-01-23T13:00:00,1,6,wet_snow,6,wet_snow,0,1,3.157501221,3.157501221,3.157501221,7.893512726,7.893512726,0.4961013794,0.4961013794,0.4961013794,0.3670334816,0.3670334816,0.3670334816,0.07696533203,0.07696533203
E01926,39.75,22,2020-02-06T06:00:00,2020-02-06T06:00:00,2020-02-06T07:00:00,1,6,wet_snow,6,wet_snow,0,1,2.837310791,2.837310791,2.837310791,7.877393723,7.877393723,0.01158714294,0.01158714294,0.01158714294,0.008475780487,0.008475780487,0.008475780487,0.01181030273,0.01181030273
E00287,40.25,21.75,2020-02-22T02:00:00,2020-02-22T02:00:00,2020-02-22T03:00:00,1,6,wet_snow,6,wet_snow,0,1,1.390045166,1.390045166,1.390045166,7.862303734,7.862303734,0.1699447632,0.1699447632,0.1699447632,0.05428791046,0.05428791046,0.05428791046,0.05905151367,0.05905151367
E00442,40.25,22,2016-12-28T09:00:00,2016-12-28T09:00:00,2016-12-28T10:00:00,1,6,wet_snow,6,wet_snow,0,1,1.935943604,1.935943604,1.935943604,7.852104187,7.852104187,0,0,0,0.0001072883606,0.0001072883606,0.0001072883606,0,0
E02178,39.75,22.75,2015-12-31T17:00:00,2015-12-31T17:00:00,2015-12-31T18:00:00,1,6,wet_snow,6,wet_snow,0,1,1.589019775,1.589019775,1.589019775,7.84465313,7.84465313,0.1235961914,0.1235961914,0.1235961914,0.0152349472,0.0152349472,0.0152349472,0.00439453125,0.00439453125
E00449,40.25,22,2017-01-13T16:00:00,2017-01-13T16:00:00,2017-01-13T17:00:00,1,6,wet_snow,6,wet_snow,0,1,1.088775635,1.088775635,1.088775635,7.842801094,7.842801094,0,0,0,0,0,0,0.03817749023,0.03817749023
E00036,40.25,21.75,2012-12-09T14:00:00,2012-12-09T14:00:00,2012-12-09T15:00:00,1,6,wet_snow,6,wet_snow,0,1,2.021636963,2.021636963,2.021636963,7.801243782,7.801243782,0.8647441864,0.8647441864,0.8647441864,0.1586258411,0.1586258411,0.1586258411,0.08258056641,0.08258056641
E00093,40.25,21.75,2014-01-28T16:00:00,2014-01-28T16:00:00,2014-01-28T17:00:00,1,6,wet_snow,6,wet_snow,0,1,0.3473205566,0.3473205566,0.3473205566,7.794148445,7.794148445,0.581073761,0.581073761,0.581073761,0.4381656647,0.4381656647,0.4381656647,0.05993652344,0.05993652344
E01466,40,22.25,2018-02-27T12:00:00,2018-02-27T12:00:00,2018-02-27T13:00:00,1,6,wet_snow,6,wet_snow,0,1,5.998443604,5.998443604,5.998443604,7.781452179,7.781452179,0,0,0,0,0,0,0.005767822266,0.005767822266
E03328,39.25,22.75,2019-01-07T21:00:00,2019-01-07T21:00:00,2019-01-07T22:00:00,1,6,wet_snow,6,wet_snow,0,1,0.282623291,0.282623291,0.282623291,7.770309448,7.770309448,0.0394821167,0.0394821167,0.0394821167,0.03036260605,0.03036260605,0.03036260605,0.03790283203,0.03790283203
E02204,39.5,21.75,2012-01-20T07:00:00,2012-01-20T07:00:00,2012-01-20T08:00:00,1,6,wet_snow,6,wet_snow,0,1,0.7648010254,0.7648010254,0.7648010254,7.766958237,7.766958237,0,0,0,0,0,0,0.001190185547,0.001190185547
E01956,39.75,22.25,2012-02-28T10:00:00,2012-02-28T10:00:00,2012-02-28T11:00:00,1,6,wet_snow,6,wet_snow,0,1,4.49319458,4.49319458,4.49319458,7.749168396,7.749168396,0,0,0,0,0,0,9.155273438e-05,9.155273438e-05
E00618,40.25,22.25,2014-12-27T05:00:00,2014-12-27T05:00:00,2014-12-27T06:00:00,1,6,wet_snow,6,wet_snow,0,1,0.8824768066,0.8824768066,0.8824768066,7.748232841,7.748232841,0.003862380981,0.003862380981,0.003862380981,0.002735853195,0.002735853195,0.002735853195,0.0007629394531,0.0007629394531
E00908,40,21.75,2014-12-27T02:00:00,2014-12-27T02:00:00,2014-12-27T03:00:00,1,6,wet_snow,6,wet_snow,0,1,1.902496338,1.902496338,1.902496338,7.742817879,7.742817879,0.2999782562,0.2999782562,0.2999782562,0.1591086388,0.1591086388,0.1591086388,0.0983581543,0.0983581543
E00778,40.25,22.5,2019-01-12T06:00:00,2019-01-12T06:00:00,2019-01-12T07:00:00,1,6,wet_snow,6,wet_snow,0,1,0.3585510254,0.3585510254,0.3585510254,7.721614838,7.721614838,0.1446247101,0.1446247101,0.1446247101,0.05836486816,0.05836486816,0.05836486816,0.03344726562,0.03344726562
E00393,40.25,22,2015-01-04T19:00:00,2015-01-04T19:00:00,2015-01-04T20:00:00,1,6,wet_snow,6,wet_snow,0,1,4.178131104,4.178131104,4.178131104,7.711111069,7.711111069,0.00171661377,0.00171661377,0.00171661377,0.0001609325409,0.0001609325409,0.0001609325409,0.08706665039,0.08706665039
E02725,39.25,21.75,2014-12-21T21:00:00,2014-12-21T21:00:00,2014-12-21T22:00:00,1,6,wet_snow,6,wet_snow,0,1,5.292144775,5.292144775,5.292144775,7.695655823,7.695655823,0,0,0,0,0,0,0.002990722656,0.002990722656
E02692,39.25,21.75,2012-12-22T08:00:00,2012-12-22T08:00:00,2012-12-22T09:00:00,1,6,wet_snow,6,wet_snow,0,1,1.086700439,1.086700439,1.086700439,7.674866676,7.674866676,0.8145332336,0.8145332336,0.8145332336,0.7535398006,0.7535398006,0.7535398006,0.1483459473,0.1483459473
E01957,39.75,22.25,2012-02-29T07:00:00,2012-02-29T07:00:00,2012-02-29T08:00:00,1,6,wet_snow,6,wet_snow,0,1,-0.05111694336,-0.05111694336,-0.05111694336,7.664428711,7.664428711,0.01931190491,0.01931190491,0.01931190491,0.01920461655,0.01920461655,0.01920461655,0.006317138672,0.006317138672
E02190,39.75,22.75,2017-01-10T16:00:00,2017-01-10T16:00:00,2017-01-10T17:00:00,1,6,wet_snow,6,wet_snow,0,1,0.9225158691,0.9225158691,0.9225158691,7.642220497,7.642220497,0.1579284668,0.1579284668,0.1579284668,0.1430153847,0.1430153847,0.1430153847,0.02301025391,0.02301025391
E00699,40.25,22.25,2018-02-25T11:00:00,2018-02-25T11:00:00,2018-02-25T12:00:00,1,6,wet_snow,6,wet_snow,0,1,1.500762939,1.500762939,1.500762939,7.639212608,7.639212608,0.7329940796,0.7329940796,0.7329940796,0.5719542503,0.5719542503,0.5719542503,0.201171875,0.201171875
E02848,39.25,21.75,2019-02-15T18:00:00,2019-02-15T18:00:00,2019-02-15T19:00:00,1,6,wet_snow,6,wet_snow,0,1,1.978546143,1.978546143,1.978546143,7.632472038,7.632472038,0.200843811,0.200843811,0.200843811,0.1832485199,0.1832485199,0.1832485199,0.1069946289,0.1069946289
E02645,39.5,22.75,2019-01-07T08:00:00,2019-01-07T08:00:00,2019-01-07T09:00:00,1,6,wet_snow,6,wet_snow,0,1,0.2965393066,0.2965393066,0.2965393066,7.630394936,7.630394936,0.00171661377,0.00171661377,0.00171661377,0.0001072883606,0.0001072883606,0.0001072883606,0.0002136230469,0.0002136230469
E01856,39.75,22,2016-01-17T07:00:00,2016-01-17T07:00:00,2016-01-17T08:00:00,1,6,wet_snow,6,wet_snow,0,1,2.638580322,2.638580322,2.638580322,7.623929024,7.623929024,0.005149841309,0.005149841309,0.005149841309,0.0009655952454,0.0009655952454,0.0009655952454,0.006072998047,0.006072998047
E00527,40.25,22,2019-02-15T07:00:00,2019-02-15T07:00:00,2019-02-15T08:00:00,1,6,wet_snow,6,wet_snow,0,1,1.107086182,1.107086182,1.107086182,7.621305466,7.621305466,0.0008583068848,0.0008583068848,0.0008583068848,0.000536441803,0.000536441803,0.000536441803,0.001831054688,0.001831054688
E02372,39.5,22,2016-12-29T07:00:00,2016-12-29T07:00:00,2016-12-29T08:00:00,1,6,wet_snow,6,wet_snow,0,1,2.859039307,2.859039307,2.859039307,7.614753723,7.614753723,0,0,0,0,0,0,0.008972167969,0.008972167969
E00886,40,21.75,2013-12-10T21:00:00,2013-12-10T21:00:00,2013-12-10T22:00:00,1,6,wet_snow,6,wet_snow,0,1,2.007232666,2.007232666,2.007232666,7.60614872,7.60614872,0,0,0,0,0,0,0.01022338867,0.01022338867
E00387,40.25,22,2014-12-27T00:00:00,2014-12-27T00:00:00,2014-12-27T01:00:00,1,6,wet_snow,6,wet_snow,0,1,2.014312744,2.014312744,2.014312744,7.575891495,7.575891495,0.2373218536,0.2373218536,0.2373218536,0.09495019913,0.09495019913,0.09495019913,0.06744384766,0.06744384766
E01827,39.75,22,2012-02-27T22:00:00,2012-02-27T22:00:00,2012-02-27T23:00:00,1,6,wet_snow,6,wet_snow,0,1,2.698638916,2.698638916,2.698638916,7.560362816,7.560362816,0.00171661377,0.00171661377,0.00171661377,0.0008046627045,0.0008046627045,0.0008046627045,0.002960205078,0.002960205078
E00833,40,21.75,2012-01-25T17:00:00,2012-01-25T17:00:00,2012-01-25T18:00:00,1,6,wet_snow,6,wet_snow,0,1,1.156646729,1.156646729,1.156646729,7.560220718,7.560220718,0.05750656128,0.05750656128,0.05750656128,0.05021095276,0.05021095276,0.05021095276,0.001220703125,0.001220703125
E00111,40.25,21.75,2014-12-29T05:00:00,2014-12-29T05:00:00,2014-12-29T06:00:00,1,6,wet_snow,6,wet_snow,0,1,2.296417236,2.296417236,2.296417236,7.559781075,7.559781075,0.3828048706,0.3828048706,0.3828048706,0.3185391426,0.3185391426,0.3185391426,0.008483886719,0.008483886719
E00108,40.25,21.75,2014-12-27T00:00:00,2014-12-27T00:00:00,2014-12-27T01:00:00,1,6,wet_snow,6,wet_snow,0,1,2.434234619,2.434234619,2.434234619,7.553430557,7.553430557,0.3510475159,0.3510475159,0.3510475159,0.1636147499,0.1636147499,0.1636147499,0.09124755859,0.09124755859
E01983,39.75,22.25,2016-01-17T04:00:00,2016-01-17T04:00:00,2016-01-17T05:00:00,1,6,wet_snow,6,wet_snow,0,1,3.845123291,3.845123291,3.845123291,7.527495384,7.527495384,0.01544952393,0.01544952393,0.01544952393,0.001394748688,0.001394748688,0.001394748688,0.001342773438,0.001342773438
E01421,40,22.25,2017-01-14T21:00:00,2017-01-14T21:00:00,2017-01-14T22:00:00,1,3,freezing_rain,3,freezing_rain,1,0,-0.7024841309,-0.7024841309,-0.7024841309,7.518814087,7.518814087,0.0111579895,0.0111579895,0.0111579895,0,0,0,6.103515625e-05,6.103515625e-05
E01344,40,22.25,2013-01-25T18:00:00,2013-01-25T18:00:00,2013-01-25T19:00:00,1,6,wet_snow,6,wet_snow,0,1,2.648712158,2.648712158,2.648712158,7.512517929,7.512517929,1.701164246,1.701164246,1.701164246,1.344323158,1.344323158,1.344323158,0.09927368164,0.09927368164
E01596,40,22.75,2012-02-09T20:00:00,2012-02-09T20:00:00,2012-02-09T21:00:00,1,6,wet_snow,6,wet_snow,0,1,1.924957275,1.924957275,1.924957275,7.510418892,7.510418892,0.3081321716,0.3081321716,0.3081321716,0.1885056496,0.1885056496,0.1885056496,0.03839111328,0.03839111328
E01786,39.75,21.75,2019-02-15T06:00:00,2019-02-15T06:00:00,2019-02-15T07:00:00,1,6,wet_snow,6,wet_snow,0,1,2.238922119,2.238922119,2.238922119,7.506020546,7.506020546,0,0,0,0,0,0,0.004302978516,0.004302978516
E01550,40,22.5,2015-02-11T23:00:00,2015-02-11T23:00:00,2015-02-12T00:00:00,1,6,wet_snow,6,wet_snow,0,1,-0.03817749023,-0.03817749023,-0.03817749023,7.484574318,7.484574318,0.0171661377,0.0171661377,0.0171661377,0,0,0,0.004241943359,0.004241943359
E01223,40,22,2018-01-04T09:00:00,2018-01-04T09:00:00,2018-01-04T10:00:00,1,6,wet_snow,6,wet_snow,0,1,1.971466064,1.971466064,1.971466064,7.465886116,7.465886116,0.4609107971,0.4609107971,0.4609107971,0.3446102142,0.3446102142,0.3446102142,0.01309204102,0.01309204102
E03060,39.25,22.25,2016-01-23T11:00:00,2016-01-23T11:00:00,2016-01-23T12:00:00,1,6,wet_snow,6,wet_snow,0,1,3.25894165,3.25894165,3.25894165,7.445245743,7.445245743,0.2600669861,0.2600669861,0.2600669861,0.2092123032,0.2092123032,0.2092123032,0.07171630859,0.07171630859
E00011,40.25,21.75,2012-01-25T16:00:00,2012-01-25T16:00:00,2012-01-25T17:00:00,1,6,wet_snow,6,wet_snow,0,1,1.3722229,1.3722229,1.3722229,7.441510201,7.441510201,0.1163005829,0.1163005829,0.1163005829,0.03873109818,0.03873109818,0.03873109818,0.006103515625,0.006103515625
E00763,40.25,22.5,2016-01-23T07:00:00,2016-01-23T07:00:00,2016-01-23T08:00:00,1,6,wet_snow,6,wet_snow,0,1,-1.360931396,-1.360931396,-1.360931396,7.426038742,7.426038742,0.0008583068848,0.0008583068848,0.0008583068848,0.0004291534424,0.0004291534424,0.0004291534424,0.004852294922,0.004852294922
E00529,40.25,22,2019-02-23T03:00:00,2019-02-23T03:00:00,2019-02-23T04:00:00,1,6,wet_snow,6,wet_snow,0,1,1.9269104,1.9269104,1.9269104,7.413215637,7.413215637,0.447177887,0.447177887,0.447177887,0.1761674881,0.1761674881,0.1761674881,0.08059692383,0.08059692383
E00510,40.25,22,2018-12-18T13:00:00,2018-12-18T13:00:00,2018-12-18T14:00:00,1,6,wet_snow,6,wet_snow,0,1,1.218780518,1.218780518,1.218780518,7.405637741,7.405637741,0.3943920135,0.3943920135,0.3943920135,0.3863453865,0.3863453865,0.3863453865,0.01324462891,0.01324462891
E02210,39.5,21.75,2012-01-29T12:00:00,2012-01-29T12:00:00,2012-01-29T13:00:00,1,6,wet_snow,6,wet_snow,0,1,2.489654541,2.489654541,2.489654541,7.398541451,7.398541451,0.2484798431,0.2484798431,0.2484798431,0.1657605171,0.1657605171,0.1657605171,0.1870117188,0.1870117188
E00004,40.25,21.75,2012-01-08T09:00:00,2012-01-08T09:00:00,2012-01-08T10:00:00,1,6,wet_snow,6,wet_snow,0,1,-0.1885681152,-0.1885681152,-0.1885681152,7.349791527,7.349791527,0,0,0,0,0,0,0,0
E01403,40,22.25,2016-01-17T09:00:00,2016-01-17T09:00:00,2016-01-17T10:00:00,1,6,wet_snow,6,wet_snow,0,1,2.046295166,2.046295166,2.046295166,7.34902668,7.34902668,0.004291534424,0.004291534424,0.004291534424,0.003916025162,0.003916025162,0.003916025162,0.00244140625,0.00244140625
E01562,40,22.5,2016-01-22T23:00:00,2016-01-22T23:00:00,2016-01-23T00:00:00,1,6,wet_snow,6,wet_snow,0,1,0.9282531738,0.9282531738,0.9282531738,7.337200165,7.337200165,0.004291534424,0.004291534424,0.004291534424,0.004130601883,0.004130601883,0.004130601883,0.01956176758,0.01956176758
E02126,39.75,22.5,2017-01-26T13:00:00,2017-01-26T13:00:00,2017-01-26T14:00:00,1,6,wet_snow,6,wet_snow,0,1,2.313262939,2.313262939,2.313262939,7.333961487,7.333961487,0.2240180969,0.2240180969,0.2240180969,0.1656532288,0.1656532288,0.1656532288,0.1417541504,0.1417541504
E02292,39.5,21.75,2018-01-19T07:00:00,2018-01-19T07:00:00,2018-01-19T08:00:00,1,6,wet_snow,6,wet_snow,0,1,-0.3709411621,-0.3709411621,-0.3709411621,7.328069687,7.328069687,0,0,0,0,0,0,0,0
E01452,40,22.25,2018-01-16T03:00:00,2018-01-16T03:00:00,2018-01-16T04:00:00,1,3,freezing_rain,3,freezing_rain,1,0,1.238677979,1.238677979,1.238677979,7.309557915,7.309557915,0,0,0,0,0,0,0.001159667969,0.001159667969
E02051,39.75,22.25,2020-01-06T07:00:00,2020-01-06T07:00:00,2020-01-06T08:00:00,1,6,wet_snow,6,wet_snow,0,1,2.700714111,2.700714111,2.700714111,7.286292076,7.286292076,0.00171661377,0.00171661377,0.00171661377,0.002038478851,0.002038478851,0.002038478851,0.002136230469,0.002136230469
E01352,40,22.25,2013-02-17T14:00:00,2013-02-17T14:00:00,2013-02-17T15:00:00,1,6,wet_snow,6,wet_snow,0,1,3.486480713,3.486480713,3.486480713,7.282123566,7.282123566,0.2746582031,0.2746582031,0.2746582031,0.1071810722,0.1071810722,0.1071810722,0.1123046875,0.1123046875
E02870,39.25,21.75,2020-02-22T06:00:00,2020-02-22T06:00:00,2020-02-22T07:00:00,1,6,wet_snow,6,wet_snow,0,1,2.685577393,2.685577393,2.685577393,7.279379845,7.279379845,0.1433372498,0.1433372498,0.1433372498,0.04034042358,0.04034042358,0.04034042358,0.002777099609,0.002777099609
E01440,40,22.25,2017-02-20T06:00:00,2017-02-20T06:00:00,2017-02-20T07:00:00,1,3,freezing_rain,3,freezing_rain,1,0,1.311920166,1.311920166,1.311920166,7.265929222,7.265929222,0,0,0,0,0,0,0.003662109375,0.003662109375
E00125,40.25,21.75,2015-02-08T20:00:00,2015-02-08T20:00:00,2015-02-08T21:00:00,1,6,wet_snow,6,wet_snow,0,1,1.810943604,1.810943604,1.810943604,7.261961937,7.261961937,0.4458904266,0.4458904266,0.4458904266,0.3257274628,0.3257274628,0.3257274628,0.04626464844,0.04626464844
E02748,39.25,21.75,2016-01-17T15:00:00,2016-01-17T15:00:00,2016-01-17T16:00:00,1,6,wet_snow,6,wet_snow,0,1,2.236480713,2.236480713,2.236480713,7.25532341,7.25532341,0.6093978882,0.6093978882,0.6093978882,0.5021631718,0.5021631718,0.5021631718,0.1210021973,0.1210021973
E01921,39.75,22,2020-01-05T07:00:00,2020-01-05T07:00:00,2020-01-05T08:00:00,1,6,wet_snow,6,wet_snow,0,1,3.496490479,3.496490479,3.496490479,7.252614021,7.252614021,0.004291534424,0.004291534424,0.004291534424,0,0,0,0.002532958984,0.002532958984
E00939,40,21.75,2016-01-25T10:00:00,2016-01-25T10:00:00,2016-01-25T11:00:00,1,6,wet_snow,6,wet_snow,0,1,5.372589111,5.372589111,5.372589111,7.251275063,7.251275063,0.001287460327,0.001287460327,0.001287460327,0.001126527786,0.001126527786,0.001126527786,0.004058837891,0.004058837891
E00053,40.25,21.75,2013-01-19T08:00:00,2013-01-19T08:00:00,2013-01-19T09:00:00,1,6,wet_snow,6,wet_snow,0,1,2.945831299,2.945831299,2.945831299,7.243066788,7.243066788,0,0,0,0.0001072883606,0.0001072883606,0.0001072883606,0.002258300781,0.002258300781
E01124,40,22,2013-12-07T05:00:00,2013-12-07T05:00:00,2013-12-07T06:00:00,1,6,wet_snow,6,wet_snow,0,1,1.955108643,1.955108643,1.955108643,7.220834732,7.220834732,0.0617980957,0.0617980957,0.0617980957,0.002145767212,0.002145767212,0.002145767212,0.1250305176,0.1250305176
E02055,39.75,22.25,2020-02-06T08:00:00,2020-02-06T08:00:00,2020-02-06T09:00:00,1,6,wet_snow,6,wet_snow,0,1,5.087188721,5.087188721,5.087188721,7.218349457,7.218349457,0.01287460327,0.01287460327,0.01287460327,0.00171661377,0.00171661377,0.00171661377,0.004241943359,0.004241943359
E02077,39.75,22.5,2012-02-17T12:00:00,2012-02-17T12:00:00,2012-02-17T13:00:00,1,6,wet_snow,6,wet_snow,0,1,6.072174072,6.072174072,6.072174072,7.218319893,7.218319893,0,0,0,0,0,0,0.001556396484,0.001556396484
E01264,40,22,2019-02-15T07:00:00,2019-02-15T07:00:00,2019-02-15T08:00:00,1,6,wet_snow,6,wet_snow,0,1,1.251617432,1.251617432,1.251617432,7.191617966,7.191617966,0,0,0,0.0001072883606,0.0001072883606,0.0001072883606,0.0003356933594,0.0003356933594
E01218,40,22,2017-12-19T12:00:00,2017-12-19T12:00:00,2017-12-19T13:00:00,1,6,wet_snow,6,wet_snow,0,1,2.942901611,2.942901611,2.942901611,7.184591293,7.184591293,0,0,0,5.36441803e-05,5.36441803e-05,5.36441803e-05,0.0003967285156,0.0003967285156
E01116,40,22,2013-02-10T10:00:00,2013-02-10T10:00:00,2013-02-10T11:00:00,1,6,wet_snow,6,wet_snow,0,1,6.807525635,6.807525635,6.807525635,7.170100212,7.170100212,0,0,0,0,0,0,0.00390625,0.00390625
E01172,40,22,2016-01-17T10:00:00,2016-01-17T10:00:00,2016-01-17T11:00:00,1,6,wet_snow,6,wet_snow,0,1,2.096710205,2.096710205,2.096710205,7.167372704,7.167372704,0.02660751343,0.02660751343,0.02660751343,0.02612471581,0.02612471581,0.02612471581,0.006896972656,0.006896972656
E02604,39.5,22.75,2015-01-01T19:00:00,2015-01-01T19:00:00,2015-01-01T20:00:00,1,6,wet_snow,6,wet_snow,0,1,-0.3470153809,-0.3470153809,-0.3470153809,7.149757385,7.149757385,0,0,0,0,0,0,0.01257324219,0.01257324219
E01135,40,22,2014-01-28T16:00:00,2014-01-28T16:00:00,2014-01-28T17:00:00,1,6,wet_snow,6,wet_snow,0,1,1.126617432,1.126617432,1.126617432,7.14375782,7.14375782,0.2956867218,0.2956867218,0.2956867218,0.212430954,0.212430954,0.212430954,0.09399414062,0.09399414062
E01110,40,22,2013-01-26T08:00:00,2013-01-26T08:00:00,2013-01-26T09:00:00,1,6,wet_snow,6,wet_snow,0,1,2.802398682,2.802398682,2.802398682,7.108828545,7.108828545,0.0111579895,0.0111579895,0.0111579895,0,0,0,0.0690612793,0.0690612793
E01495,40,22.25,2019-01-26T19:00:00,2019-01-26T19:00:00,2019-01-26T20:00:00,1,6,wet_snow,6,wet_snow,0,1,2.236480713,2.236480713,2.236480713,7.1023283,7.1023283,0.00171661377,0.00171661377,0.00171661377,0.002145767212,0.002145767212,0.002145767212,0.003509521484,0.003509521484
E00571,40.25,22.25,2012-01-26T19:00:00,2012-01-26T19:00:00,2012-01-26T20:00:00,1,6,wet_snow,6,wet_snow,0,1,0.8074035645,0.8074035645,0.8074035645,7.080860138,7.080860138,0.004291534424,0.004291534424,0.004291534424,0.004291534424,0.004291534424,0.004291534424,0.04904174805,0.04904174805
E03190,39.25,22.5,2016-12-30T14:00:00,2016-12-30T14:00:00,2016-12-30T15:00:00,1,6,wet_snow,6,wet_snow,0,1,3.75100708,3.75100708,3.75100708,7.06015873,7.06015873,0.02360343933,0.02360343933,0.02360343933,0.006437301636,0.006437301636,0.006437301636,0.003540039062,0.003540039062
E01216,40,22,2017-12-18T13:00:00,2017-12-18T13:00:00,2017-12-18T14:00:00,1,6,wet_snow,6,wet_snow,0,1,3.502960205,3.502960205,3.502960205,7.054498672,7.054498672,0.9939193726,0.9939193726,0.9939193726,0.6575703621,0.6575703621,0.6575703621,0.02359008789,0.02359008789
E00448,40.25,22,2017-01-13T10:00:00,2017-01-13T10:00:00,2017-01-13T11:00:00,1,6,wet_snow,6,wet_snow,0,1,1.578033447,1.578033447,1.578033447,7.043257713,7.043257713,0,0,0,0,0,0,0.0383605957,0.0383605957
E01105,40,22,2013-01-19T08:00:00,2013-01-19T08:00:00,2013-01-19T09:00:00,1,6,wet_snow,6,wet_snow,0,1,3.385284424,3.385284424,3.385284424,7.01748085,7.01748085,0,0,0,0,0,0,0.0007934570312,0.0007934570312
E01290,40,22,2020-02-22T03:00:00,2020-02-22T03:00:00,2020-02-22T04:00:00,1,6,wet_snow,6,wet_snow,0,1,1.304595947,1.304595947,1.304595947,7.014836311,7.014836311,0.1386165619,0.1386165619,0.1386165619,0.06941556931,0.06941556931,0.06941556931,0.006103515625,0.006103515625
E01350,40,22.25,2013-02-10T01:00:00,2013-02-10T01:00:00,2013-02-10T02:00:00,1,3,freezing_rain,3,freezing_rain,1,0,1.210357666,1.210357666,1.210357666,7.000715256,7.000715256,0.003004074097,0.003004074097,0.003004074097,0,0,0,0.0004272460938,0.0004272460938
E02935,39.25,22,2016-01-23T11:00:00,2016-01-23T11:00:00,2016-01-23T12:00:00,1,6,wet_snow,6,wet_snow,0,1,2.17300415,2.17300415,2.17300415,6.992120743,6.992120743,0.2334594727,0.2334594727,0.2334594727,0.2009510994,0.2009510994,0.2009510994,0.09655761719,0.09655761719
E00052,40.25,21.75,2013-01-17T05:00:00,2013-01-17T05:00:00,2013-01-17T06:00:00,1,3,freezing_rain,3,freezing_rain,1,0,0.7054748535,0.7054748535,0.7054748535,6.99029541,6.99029541,0.002574920654,0.002574920654,0.002574920654,0.002467632294,0.002467632294,0.002467632294,0.04635620117,0.04635620117
E01221,40,22,2017-12-30T08:00:00,2017-12-30T08:00:00,2017-12-30T09:00:00,1,6,wet_snow,6,wet_snow,0,1,3.722930908,3.722930908,3.722930908,6.973996162,6.973996162,0,0,0,0.0001072883606,0.0001072883606,0.0001072883606,0.003723144531,0.003723144531
E01464,40,22.25,2018-02-25T09:00:00,2018-02-25T09:00:00,2018-02-25T10:00:00,1,6,wet_snow,6,wet_snow,0,1,2.441558838,2.441558838,2.441558838,6.97240448,6.97240448,0.9578704834,0.9578704834,0.9578704834,0.6460905075,0.6460905075,0.6460905075,0.3149414062,0.3149414062
E00391,40.25,22,2014-12-29T07:00:00,2014-12-29T07:00:00,2014-12-29T08:00:00,1,6,wet_snow,6,wet_snow,0,1,0.9061584473,0.9061584473,0.9061584473,6.962341309,6.962341309,0.1261711121,0.1261711121,0.1261711121,0.1057863235,0.1057863235,0.1057863235,0.04089355469,0.04089355469
E00753,40.25,22.5,2014-01-27T07:00:00,2014-01-27T07:00:00,2014-01-27T08:00:00,1,6,wet_snow,6,wet_snow,0,1,-0.2278747559,-0.2278747559,-0.2278747559,6.955381393,6.955381393,0.00171661377,0.00171661377,0.00171661377,0.00171661377,0.00171661377,0.00171661377,0.01116943359,0.01116943359
E01159,40,22,2015-02-08T20:00:00,2015-02-08T20:00:00,2015-02-08T21:00:00,1,6,wet_snow,6,wet_snow,0,1,2.512115479,2.512115479,2.512115479,6.954344749,6.954344749,0.6982326508,0.6982326508,0.6982326508,0.5420207977,0.5420207977,0.5420207977,0.09448242188,0.09448242188
E00315,40.25,22,2012-02-16T11:00:00,2012-02-16T11:00:00,2012-02-16T12:00:00,1,6,wet_snow,6,wet_snow,0,1,0.835723877,0.835723877,0.835723877,6.949756622,6.949756622,0.1708030701,0.1708030701,0.1708030701,0.1658678055,0.1658678055,0.1658678055,0.00390625,0.00390625
E02434,39.5,22.25,2015-12-31T09:00:00,2015-12-31T09:00:00,2015-12-31T10:00:00,1,6,wet_snow,6,wet_snow,0,1,2.537139893,2.537139893,2.537139893,6.948867798,6.948867798,0.3467559814,0.3467559814,0.3467559814,0.0966668129,0.0966668129,0.0966668129,0.01895141602,0.01895141602
E02758,39.25,21.75,2016-12-22T15:00:00,2016-12-22T15:00:00,2016-12-22T16:00:00,1,6,wet_snow,6,wet_snow,0,1,3.11428833,3.11428833,3.11428833,6.926711082,6.926711082,0.001287460327,0.001287460327,0.001287460327,0.001072883606,0.001072883606,0.001072883606,0.01205444336,0.01205444336
E02435,39.5,22.25,2015-12-31T11:00:00,2015-12-31T11:00:00,2015-12-31T12:00:00,1,6,wet_snow,6,wet_snow,0,1,3.252593994,3.252593994,3.252593994,6.901089668,6.901089668,0.2961158752,0.2961158752,0.2961158752,0.1723051071,0.1723051071,0.1723051071,0.01873779297,0.01873779297
E00815,40.25,22.75,2017-01-27T01:00:00,2017-01-27T01:00:00,2017-01-27T02:00:00,1,6,wet_snow,6,wet_snow,0,1,3.167755127,3.167755127,3.167755127,6.898476601,6.898476601,0.01287460327,0.01287460327,0.01287460327,0.002521276474,0.002521276474,0.002521276474,0.01330566406,0.01330566406
E00748,40.25,22.5,2012-02-10T00:00:00,2012-02-10T00:00:00,2012-02-10T01:00:00,1,6,wet_snow,6,wet_snow,0,1,-0.8296813965,-0.8296813965,-0.8296813965,6.855847359,6.855847359,0.7771968842,0.7771968842,0.7771968842,0.6288170815,0.6288170815,0.6288170815,0.09094238281,0.09094238281
E02766,39.25,21.75,2017-01-15T06:00:00,2017-01-15T06:00:00,2017-01-15T07:00:00,1,3,freezing_rain,3,freezing_rain,1,0,-1.688812256,-1.688812256,-1.688812256,6.855368614,6.855368614,0.0008583068848,0.0008583068848,0.0008583068848,0.0004291534424,0.0004291534424,0.0004291534424,0.02423095703,0.02423095703
E02827,39.25,21.75,2018-12-18T17:00:00,2018-12-18T17:00:00,2018-12-18T18:00:00,1,6,wet_snow,6,wet_snow,0,1,1.586700439,1.586700439,1.586700439,6.852391243,6.852391243,0.3604888916,0.3604888916,0.3604888916,0.2331376076,0.2331376076,0.2331376076,0.03494262695,0.03494262695
E00212,40.25,21.75,2018-01-24T08:00:00,2018-01-24T08:00:00,2018-01-24T09:00:00,1,6,wet_snow,6,wet_snow,0,1,1.74331665,1.74331665,1.74331665,6.838496208,6.838496208,0,0,0,0,0,0,0.0003967285156,0.0003967285156
E01177,40,22,2016-02-05T00:00:00,2016-02-05T00:00:00,2016-02-05T01:00:00,1,6,wet_snow,6,wet_snow,0,1,2.933746338,2.933746338,2.933746338,6.8234272,6.8234272,0.1124382019,0.1124382019,0.1124382019,0.02628564835,0.02628564835,0.02628564835,0.06314086914,0.06314086914
E01686,39.75,21.75,2013-02-20T06:00:00,2013-02-20T06:00:00,2013-02-20T07:00:00,1,6,wet_snow,6,wet_snow,0,1,0.3563537598,0.3563537598,0.3563537598,6.820849419,6.820849419,0,0,0,0,0,0,0.003845214844,0.003845214844
E02124,39.75,22.5,2017-01-06T17:00:00,2017-01-06T17:00:00,2017-01-06T18:00:00,1,6,wet_snow,6,wet_snow,0,1,1.623443604,1.623443604,1.623443604,6.816888809,6.816888809,0,0,0,0.0003218650818,0.0003218650818,0.0003218650818,0.03442382812,0.03442382812
E02056,39.75,22.25,2020-02-06T16:00:00,2020-02-06T16:00:00,2020-02-06T17:00:00,1,6,wet_snow,6,wet_snow,0,1,5.030181885,5.030181885,5.030181885,6.804285049,6.804285049,0,0,0,0.000536441803,0.000536441803,0.000536441803,0.006561279297,0.006561279297
E01187,40,22,2016-12-31T13:00:00,2016-12-31T13:00:00,2016-12-31T14:00:00,1,6,wet_snow,6,wet_snow,0,1,1.198272705,1.198272705,1.198272705,6.790676117,6.790676117,0.01459121704,0.01459121704,0.01459121704,0.0146985054,0.0146985054,0.0146985054,0.0008850097656,0.0008850097656
E00124,40.25,21.75,2015-02-04T06:00:00,2015-02-04T06:00:00,2015-02-04T07:00:00,1,6,wet_snow,6,wet_snow,0,1,1.711090088,1.711090088,1.711090088,6.782039642,6.782039642,0.09441375732,0.09441375732,0.09441375732,0.05675554276,0.05675554276,0.05675554276,0.01055908203,0.01055908203
E00570,40.25,22.25,2012-01-26T17:00:00,2012-01-26T17:00:00,2012-01-26T18:00:00,1,6,wet_snow,6,wet_snow,0,1,1.190338135,1.190338135,1.190338135,6.752458572,6.752458572,0.006866455078,0.006866455078,0.006866455078,0.007510185242,0.007510185242,0.007510185242,0.02142333984,0.02142333984
E01214,40,22,2017-12-05T07:00:00,2017-12-05T07:00:00,2017-12-05T08:00:00,1,6,wet_snow,6,wet_snow,0,1,0.5096740723,0.5096740723,0.5096740723,6.735657692,6.735657692,0,0,0,0,0,0,0.0005798339844,0.0005798339844
E00141,40.25,21.75,2016-01-03T10:00:00,2016-01-03T10:00:00,2016-01-03T11:00:00,1,6,wet_snow,6,wet_snow,0,1,0.9869689941,0.9869689941,0.9869689941,6.716197968,6.716197968,0.7681846619,0.7681846619,0.7681846619,0.1736998558,0.1736998558,0.1736998558,0.06781005859,0.06781005859
E03316,39.25,22.75,2017-01-12T09:00:00,2017-01-12T09:00:00,2017-01-12T10:00:00,1,6,wet_snow,6,wet_snow,0,1,-1.630218506,-1.630218506,-1.630218506,6.703718185,6.703718185,0,0,0,5.36441803e-05,5.36441803e-05,5.36441803e-05,0.006195068359,0.006195068359
E00477,40.25,22,2017-12-30T08:00:00,2017-12-30T08:00:00,2017-12-30T09:00:00,1,6,wet_snow,6,wet_snow,0,1,3.746368408,3.746368408,3.746368408,6.697628975,6.697628975,0,0,0,0.0001072883606,0.0001072883606,0.0001072883606,0.005920410156,0.005920410156
E01050,40,21.75,2020-02-22T01:00:00,2020-02-22T01:00:00,2020-02-22T02:00:00,1,6,wet_snow,6,wet_snow,0,1,2.1534729,2.1534729,2.1534729,6.688699722,6.688699722,0.02489089966,0.02489089966,0.02489089966,0.0006973743439,0.0006973743439,0.0006973743439,0.003936767578,0.003936767578
E01648,39.75,21.75,2012-01-10T16:00:00,2012-01-10T16:00:00,2012-01-10T17:00:00,1,6,wet_snow,6,wet_snow,0,1,5.396759033,5.396759033,5.396759033,6.68327713,6.68327713,0.0008583068848,0.0008583068848,0.0008583068848,0.0007510185242,0.0007510185242,0.0007510185242,0.01129150391,0.01129150391
E01233,40,22,2018-01-24T09:00:00,2018-01-24T09:00:00,2018-01-24T10:00:00,1,6,wet_snow,6,wet_snow,0,1,2.1065979,2.1065979,2.1065979,6.683153152,6.683153152,0.07767677307,0.07767677307,0.07767677307,0.000536441803,0.000536441803,0.000536441803,0.004241943359,0.004241943359
E01064,40,22,2012-02-03T11:00:00,2012-02-03T11:00:00,2012-02-03T12:00:00,1,6,wet_snow,6,wet_snow,0,1,1.034088135,1.034088135,1.034088135,6.682575226,6.682575226,0.0536441803,0.0536441803,0.0536441803,0.04270076752,0.04270076752,0.04270076752,0.125579834,0.125579834
E01330,40,22.25,2012-12-19T20:00:00,2012-12-19T20:00:00,2012-12-19T21:00:00,1,6,wet_snow,6,wet_snow,0,1,1.994537354,1.994537354,1.994537354,6.654114723,6.654114723,0.00171661377,0.00171661377,0.00171661377,0.0002145767212,0.0002145767212,0.0002145767212,0.01156616211,0.01156616211
E01882,39.75,22,2017-01-15T03:00:00,2017-01-15T03:00:00,2017-01-15T04:00:00,1,3,freezing_rain,3,freezing_rain,1,0,-0.2828063965,-0.2828063965,-0.2828063965,6.654008865,6.654008865,0,0,0,0.0001072883606,0.0001072883606,0.0001072883606,0.003051757812,0.003051757812
E03292,39.25,22.75,2015-02-18T14:00:00,2015-02-18T14:00:00,2015-02-18T15:00:00,1,6,wet_snow,6,wet_snow,0,1,4.961334229,4.961334229,4.961334229,6.625540733,6.625540733,0.00171661377,0.00171661377,0.00171661377,0.00182390213,0.00182390213,0.00182390213,0.0163269043,0.0163269043
E01158,40,22,2015-02-02T23:00:00,2015-02-02T23:00:00,2015-02-03T00:00:00,1,6,wet_snow,6,wet_snow,0,1,2.051422119,2.051422119,2.051422119,6.608577728,6.608577728,0.0008583068848,0.0008583068848,0.0008583068848,0.0009655952454,0.0009655952454,0.0009655952454,0,0
E00814,40.25,22.75,2017-01-26T23:00:00,2017-01-26T23:00:00,2017-01-27T00:00:00,1,6,wet_snow,6,wet_snow,0,1,3.599639893,3.599639893,3.599639893,6.593567848,6.593567848,0.02059936523,0.02059936523,0.02059936523,0.007510185242,0.007510185242,0.007510185242,0.02584838867,0.02584838867
E00061,40.25,21.75,2013-02-08T07:00:00,2013-02-08T07:00:00,2013-02-08T08:00:00,1,6,wet_snow,6,wet_snow,0,1,1.341949463,1.341949463,1.341949463,6.576814651,6.576814651,0.0008583068848,0.0008583068848,0.0008583068848,0.0002145767212,0.0002145767212,0.0002145767212,0.01086425781,0.01086425781
E01451,40,22.25,2018-01-16T01:00:00,2018-01-16T01:00:00,2018-01-16T02:00:00,1,3,freezing_rain,3,freezing_rain,1,0,1.853179932,1.853179932,1.853179932,6.575509071,6.575509071,0,0,0,0,0,0,0.004425048828,0.004425048828
E03016,39.25,22.25,2012-02-10T12:00:00,2012-02-10T12:00:00,2012-02-10T13:00:00,1,6,wet_snow,6,wet_snow,0,1,1.842803955,1.842803955,1.842803955,6.556192398,6.556192398,0.447177887,0.447177887,0.447177887,0.3515839577,0.3515839577,0.3515839577,0.07022094727,0.07022094727
E00193,40.25,21.75,2017-12-05T07:00:00,2017-12-05T07:00:00,2017-12-05T08:00:00,1,6,wet_snow,6,wet_snow,0,1,0.4647521973,0.4647521973,0.4647521973,6.550110817,6.550110817,0,0,0,0.0001072883606,0.0001072883606,0.0001072883606,0.001708984375,0.001708984375
E00557,40.25,22,2020-02-22T00:00:00,2020-02-22T00:00:00,2020-02-22T01:00:00,1,6,wet_snow,6,wet_snow,0,1,1.523834229,1.523834229,1.523834229,6.538640022,6.538640022,0.004291534424,0.004291534424,0.004291534424,0.0006973743439,0.0006973743439,0.0006973743439,0.02090454102,0.02090454102
E01577,40,22.5,2019-01-09T03:00:00,2019-01-09T03:00:00,2019-01-09T04:00:00,1,6,wet_snow,6,wet_snow,0,1,-3.483978271,-3.483978271,-3.483978271,6.52493763,6.52493763,0.01502037048,0.01502037048,0.01502037048,0.01534223557,0.01534223557,0.01534223557,0.06121826172,0.06121826172
E01679,39.75,21.75,2012-12-12T02:00:00,2012-12-12T02:00:00,2012-12-12T03:00:00,1,6,wet_snow,6,wet_snow,0,1,1.171783447,1.171783447,1.171783447,6.518187523,6.518187523,0,0,0,0,0,0,0.01119995117,0.01119995117
E01701,39.75,21.75,2015-02-03T06:00:00,2015-02-03T06:00:00,2015-02-03T07:00:00,1,6,wet_snow,6,wet_snow,0,1,1.535797119,1.535797119,1.535797119,6.507202148,6.507202148,0,0,0,0.0001072883606,0.0001072883606,0.0001072883606,0.004302978516,0.004302978516
E01731,39.75,21.75,2017-01-03T07:00:00,2017-01-03T07:00:00,2017-01-03T08:00:00,1,6,wet_snow,6,wet_snow,0,1,-0.387298584,-0.387298584,-0.387298584,6.500210762,6.500210762,0,0,0,0,0,0,0.004028320312,0.004028320312
E00359,40.25,22,2013-02-19T16:00:00,2013-02-19T16:00:00,2013-02-19T17:00:00,1,6,wet_snow,6,wet_snow,0,1,2.968658447,2.968658447,2.968658447,6.46952343,6.46952343,0.6128311157,0.6128311157,0.6128311157,0.5513548851,0.5513548851,0.5513548851,0.01989746094,0.01989746094
E01487,40,22.25,2019-01-11T04:00:00,2019-01-11T04:00:00,2019-01-11T05:00:00,1,3,freezing_rain,3,freezing_rain,1,0,-2.034515381,-2.034515381,-2.034515381,6.434658051,6.434658051,0,0,0,0,0,0,0.00830078125,0.00830078125
E00635,40.25,22.25,2016-01-14T06:00:00,2016-01-14T06:00:00,2016-01-14T07:00:00,1,6,wet_snow,6,wet_snow,0,1,1.38369751,1.38369751,1.38369751,6.433414459,6.433414459,0,0,0,5.36441803e-05,5.36441803e-05,5.36441803e-05,0.001861572266,0.001861572266
E01190,40,22,2017-01-15T15:00:00,2017-01-15T15:00:00,2017-01-15T16:00:00,1,6,wet_snow,6,wet_snow,0,1,4.27835083,4.27835083,4.27835083,6.427933693,6.427933693,0,0,0,0,0,0,0.006530761719,0.006530761719
E03294,39.25,22.75,2015-02-18T23:00:00,2015-02-18T23:00:00,2015-02-19T00:00:00,1,6,wet_snow,6,wet_snow,0,1,1.245269775,1.245269775,1.245269775,6.424850464,6.424850464,0.4750728607,0.4750728607,0.4750728607,0.3458976746,0.3458976746,0.3458976746,0.00341796875,0.00341796875
E00018,40.25,21.75,2012-02-06T08:00:00,2012-02-06T08:00:00,2012-02-06T09:00:00,1,6,wet_snow,6,wet_snow,0,1,0.8878479004,0.8878479004,0.8878479004,6.419555664,6.419555664,0.409412384,0.409412384,0.409412384,0.2790570259,0.2790570259,0.2790570259,0.006103515625,0.006103515625
E00381,40.25,22,2014-02-01T22:00:00,2014-02-01T22:00:00,2014-02-01T23:00:00,1,3,freezing_rain,3,freezing_rain,1,0,1.839752197,1.839752197,1.839752197,6.393436432,6.393436432,0.0171661377,0.0171661377,0.0171661377,0.01341104507,0.01341104507,0.01341104507,0.1243591309,0.1243591309
E01672,39.75,21.75,2012-02-16T17:00:00,2012-02-16T17:00:00,2012-02-16T18:00:00,1,6,wet_snow,6,wet_snow,0,1,1.886627197,1.886627197,1.886627197,6.383686066,6.383686066,0.01330375671,0.01330375671,0.01330375671,0.01308917999,0.01308917999,0.01308917999,0.001159667969,0.001159667969
E00094,40.25,21.75,2014-01-28T18:00:00,2014-01-28T18:00:00,2014-01-28T19:00:00,1,6,wet_snow,6,wet_snow,0,1,-0.1077575684,-0.1077575684,-0.1077575684,6.370979309,6.370979309,0.4755020142,0.4755020142,0.4755020142,0.4264175892,0.4264175892,0.4264175892,0.06039428711,0.06039428711
E00567,40.25,22.25,2012-01-12T08:00:00,2012-01-12T08:00:00,2012-01-12T09:00:00,1,6,wet_snow,6,wet_snow,0,1,1.204620361,1.204620361,1.204620361,6.368885994,6.368885994,0,0,0,0,0,0,0.01254272461,0.01254272461
E00158,40.25,21.75,2016-12-17T09:00:00,2016-12-17T09:00:00,2016-12-17T10:00:00,1,6,wet_snow,6,wet_snow,0,1,1.139190674,1.139190674,1.139190674,6.361298561,6.361298561,0.0008583068848,0.0008583068848,0.0008583068848,0.001072883606,0.001072883606,0.001072883606,0.01016235352,0.01016235352
E00096,40.25,21.75,2014-01-29T07:00:00,2014-01-29T07:00:00,2014-01-29T08:00:00,1,6,wet_snow,6,wet_snow,0,1,-1.127288818,-1.127288818,-1.127288818,6.355976105,6.355976105,0,0,0,0,0,0,0.002014160156,0.002014160156
E02696,39.25,21.75,2013-01-07T17:00:00,2013-01-07T17:00:00,2013-01-07T18:00:00,1,6,wet_snow,6,wet_snow,0,1,2.783111572,2.783111572,2.783111572,6.351696968,6.351696968,0.1184463501,0.1184463501,0.1184463501,0.04720687866,0.04720687866,0.04720687866,0.1649780273,0.1649780273
E00479,40.25,22,2018-01-04T08:00:00,2018-01-04T08:00:00,2018-01-04T09:00:00,1,6,wet_snow,6,wet_snow,0,1,1.603912354,1.603912354,1.603912354,6.350534439,6.350534439,0.7063865662,0.7063865662,0.7063865662,0.7046699524,0.7046699524,0.7046699524,0.004974365234,0.004974365234
E01668,39.75,21.75,2012-02-11T04:00:00,2012-02-11T04:00:00,2012-02-11T05:00:00,1,6,wet_snow,6,wet_snow,0,1,2.324615479,2.324615479,2.324615479,6.340862274,6.340862274,1.090049744,1.090049744,1.090049744,1.089674234,1.089674234,1.089674234,0.1401367188,0.1401367188
E00284,40.25,21.75,2020-02-10T07:00:00,2020-02-10T07:00:00,2020-02-10T08:00:00,1,6,wet_snow,6,wet_snow,0,1,-1.244476318,-1.244476318,-1.244476318,6.332971573,6.332971573,0,0,0,0,0,0,0.003967285156,0.003967285156
E01984,39.75,22.25,2016-01-17T07:00:00,2016-01-17T07:00:00,2016-01-17T08:00:00,1,6,wet_snow,6,wet_snow,0,1,3.265533447,3.265533447,3.265533447,6.330960274,6.330960274,0.0004291534424,0.0004291534424,0.0004291534424,0,0,0,0.01181030273,0.01181030273
E02682,39.25,21.75,2012-12-09T23:00:00,2012-12-09T23:00:00,2012-12-10T00:00:00,1,6,wet_snow,6,wet_snow,0,1,0.895904541,0.895904541,0.895904541,6.324213982,6.324213982,0.01974105835,0.01974105835,0.01974105835,0.0177025795,0.0177025795,0.0177025795,0.1125488281,0.1125488281
E00600,40.25,22.25,2013-01-11T01:00:00,2013-01-11T01:00:00,2013-01-11T02:00:00,1,6,wet_snow,6,wet_snow,0,1,1.972076416,1.972076416,1.972076416,6.322296143,6.322296143,0.2373218536,0.2373218536,0.2373218536,0.03379583359,0.03379583359,0.03379583359,0.0510559082,0.0510559082
E00121,40.25,21.75,2015-02-02T06:00:00,2015-02-02T06:00:00,2015-02-02T07:00:00,1,6,wet_snow,6,wet_snow,0,1,2.608062744,2.608062744,2.608062744,6.317398071,6.317398071,0.0004291534424,0.0004291534424,0.0004291534424,0.0003218650818,0.0003218650818,0.0003218650818,0.03677368164,0.03677368164
E02239,39.5,21.75,2015-01-06T08:00:00,2015-01-06T08:00:00,2015-01-06T09:00:00,1,6,wet_snow,6,wet_snow,0,1,2.156890869,2.156890869,2.156890869,6.302742958,6.302742958,0.003862380981,0.003862380981,0.003862380981,0.003433227539,0.003433227539,0.003433227539,0.002685546875,0.002685546875
E02202,39.5,21.75,2012-01-10T19:00:00,2012-01-10T19:00:00,2012-01-10T20:00:00,1,6,wet_snow,6,wet_snow,0,1,2.451324463,2.451324463,2.451324463,6.275167465,6.275167465,0,0,0,0.0001072883606,0.0001072883606,0.0001072883606,0.0002136230469,0.0002136230469
E00947,40,21.75,2016-12-27T23:00:00,2016-12-27T23:00:00,2016-12-28T00:00:00,1,6,wet_snow,6,wet_snow,0,1,2.4737854,2.4737854,2.4737854,6.261769295,6.261769295,0.009441375732,0.009441375732,0.009441375732,0.001180171967,0.001180171967,0.001180171967,0.03436279297,0.03436279297
E01955,39.75,22.25,2012-02-27T22:00:00,2012-02-27T22:00:00,2012-02-27T23:00:00,1,6,wet_snow,6,wet_snow,0,1,3.700592041,3.700592041,3.700592041,6.254698753,6.254698753,0.006008148193,0.006008148193,0.006008148193,0.00182390213,0.00182390213,0.00182390213,0.001037597656,0.001037597656
E01328,40,22.25,2012-12-15T20:00:00,2012-12-15T20:00:00,2012-12-15T21:00:00,1,3,freezing_rain,3,freezing_rain,1,0,0.2784729004,0.2784729004,0.2784729004,6.251268387,6.251268387,0,0,0,0,0,0,0.006408691406,0.006408691406
E02895,39.25,22,2012-02-16T20:00:00,2012-02-16T20:00:00,2012-02-16T21:00:00,1,6,wet_snow,6,wet_snow,0,1,0.4689025879,0.4689025879,0.4689025879,6.240355492,6.240355492,0,0,0,0,0,0,0.0009460449219,0.0009460449219
E00620,40.25,22.25,2014-12-28T08:00:00,2014-12-28T08:00:00,2014-12-28T09:00:00,1,6,wet_snow,6,wet_snow,0,1,1.773101807,1.773101807,1.773101807,6.240243912,6.240243912,0,0,0,0,0,0,0.02401733398,0.02401733398
E01737,39.75,21.75,2017-01-15T00:00:00,2017-01-15T00:00:00,2017-01-15T01:00:00,1,3,freezing_rain,3,freezing_rain,1,0,0.4422912598,0.4422912598,0.4422912598,6.231427193,6.231427193,0,0,0,0,0,0,0.0007629394531,0.0007629394531
E00398,40.25,22,2015-01-19T02:00:00,2015-01-19T02:00:00,2015-01-19T03:00:00,1,3,freezing_rain,3,freezing_rain,1,0,1.327056885,1.327056885,1.327056885,6.227882385,6.227882385,0,0,0,0,0,0,0.009185791016,0.009185791016
E00643,40.25,22.25,2016-01-25T11:00:00,2016-01-25T11:00:00,2016-01-25T12:00:00,1,6,wet_snow,6,wet_snow,0,1,4.22354126,4.22354126,4.22354126,6.226201057,6.226201057,0.003433227539,0.003433227539,0.003433227539,0.00364780426,0.00364780426,0.00364780426,0.01000976562,0.01000976562
E00367,40.25,22,2013-12-07T03:00:00,2013-12-07T03:00:00,2013-12-07T04:00:00,1,6,wet_snow,6,wet_snow,0,1,1.619293213,1.619293213,1.619293213,6.221899033,6.221899033,0.08497238159,0.08497238159,0.08497238159,0.01282095909,0.01282095909,0.01282095909,0.1388244629,0.1388244629
E00511,40.25,22,2018-12-22T03:00:00,2018-12-22T03:00:00,2018-12-22T04:00:00,1,3,freezing_rain,3,freezing_rain,1,0,-1.808441162,-1.808441162,-1.808441162,6.221283913,6.221283913,0,0,0,0,0,0,0.003204345703,0.003204345703
E02306,39.5,21.75,2019-01-26T06:00:00,2019-01-26T06:00:00,2019-01-26T07:00:00,1,6,wet_snow,6,wet_snow,0,1,2.0050354,2.0050354,2.0050354,6.208627701,6.208627701,0.001287460327,0.001287460327,0.001287460327,0.001072883606,0.001072883606,0.001072883606,0.0002136230469,0.0002136230469
E00329,40.25,22,2012-12-19T16:00:00,2012-12-19T16:00:00,2012-12-19T17:00:00,1,6,wet_snow,6,wet_snow,0,1,3.120880127,3.120880127,3.120880127,6.200277328,6.200277328,0.007724761963,0.007724761963,0.007724761963,0,0,0,0.004943847656,0.004943847656
E01012,40,21.75,2018-12-27T08:00:00,2018-12-27T08:00:00,2018-12-27T09:00:00,1,6,wet_snow,6,wet_snow,0,1,2.116485596,2.116485596,2.116485596,6.194783211,6.194783211,0,0,0,0,0,0,0.008880615234,0.008880615234
E02226,39.5,21.75,2012-12-20T00:00:00,2012-12-20T00:00:00,2012-12-20T01:00:00,1,6,wet_snow,6,wet_snow,0,1,1.62612915,1.62612915,1.62612915,6.190295219,6.190295219,0,0,0,0,0,0,0.02600097656,0.02600097656
E01374,40,22.25,2014-02-01T15:00:00,2014-02-01T15:00:00,2014-02-01T16:00:00,1,6,wet_snow,6,wet_snow,0,1,2.167755127,2.167755127,2.167755127,6.189750671,6.189750671,0.005149841309,0.005149841309,0.005149841309,0.004506111145,0.004506111145,0.004506111145,0.07711791992,0.07711791992
E02908,39.25,22,2015-01-05T03:00:00,2015-01-05T03:00:00,2015-01-05T04:00:00,1,6,wet_snow,6,wet_snow,0,1,3.282501221,3.282501221,3.282501221,6.185926437,6.185926437,0,0,0,0.0001072883606,0.0001072883606,0.0001072883606,0.02667236328,0.02667236328
E01502,40,22.25,2020-01-01T15:00:00,2020-01-01T15:00:00,2020-01-01T16:00:00,1,6,wet_snow,6,wet_snow,0,1,5.14151001,5.14151001,5.14151001,6.184734344,6.184734344,0,0,0,0,0,0,0.009582519531,0.009582519531
E01803,39.75,22,2012-01-09T08:00:00,2012-01-09T08:00:00,2012-01-09T09:00:00,1,6,wet_snow,6,wet_snow,0,1,3.73538208,3.73538208,3.73538208,6.173623085,6.173623085,0,0,0,0,0,0,3.051757812e-05,3.051757812e-05
E02894,39.25,22,2012-02-16T07:00:00,2012-02-16T07:00:00,2012-02-16T08:00:00,1,6,wet_snow,6,wet_snow,0,1,-0.141204834,-0.141204834,-0.141204834,6.169929504,6.169929504,0.008583068848,0.008583068848,0.008583068848,0.008583068848,0.008583068848,0.008583068848,0.01202392578,0.01202392578
E02010,39.75,22.25,2017-01-15T03:00:00,2017-01-15T03:00:00,2017-01-15T04:00:00,1,3,freezing_rain,3,freezing_rain,1,0,-1.386322021,-1.386322021,-1.386322021,6.166704178,6.166704178,0,0,0,0.0001072883606,0.0001072883606,0.0001072883606,0.001068115234,0.001068115234
E00419,40.25,22,2015-12-17T07:00:00,2015-12-17T07:00:00,2015-12-17T08:00:00,1,6,wet_snow,6,wet_snow,0,1,1.995269775,1.995269775,1.995269775,6.162865639,6.162865639,0.01072883606,0.01072883606,0.01072883606,0.007832050323,0.007832050323,0.007832050323,0.01336669922,0.01336669922
E02450,39.5,22.25,2016-12-30T11:00:00,2016-12-30T11:00:00,2016-12-30T12:00:00,1,6,wet_snow,6,wet_snow,0,1,5.566680908,5.566680908,5.566680908,6.147589684,6.147589684,0.00171661377,0.00171661377,0.00171661377,0.00182390213,0.00182390213,0.00182390213,0.008178710938,0.008178710938
E00509,40.25,22,2018-12-18T01:00:00,2018-12-18T01:00:00,2018-12-18T02:00:00,1,6,wet_snow,6,wet_snow,0,1,1.30960083,1.30960083,1.30960083,6.147438049,6.147438049,1.329946518,1.329946518,1.329946518,1.319754124,1.319754124,1.319754124,0.128112793,0.128112793
E02781,39.25,21.75,2017-01-26T11:00:00,2017-01-26T11:00:00,2017-01-26T12:00:00,1,6,wet_snow,6,wet_snow,0,1,1.425811768,1.425811768,1.425811768,6.143656731,6.143656731,0.2497673035,0.2497673035,0.2497673035,0.1870036125,0.1870036125,0.1870036125,0.1493835449,0.1493835449
E02201,39.5,21.75,2012-01-10T07:00:00,2012-01-10T07:00:00,2012-01-10T08:00:00,1,6,wet_snow,6,wet_snow,0,1,1.940338135,1.940338135,1.940338135,6.133911133,6.133911133,0,0,0,0,0,0,0.0007934570312,0.0007934570312
E01133,40,22,2014-01-26T12:00:00,2014-01-26T12:00:00,2014-01-26T13:00:00,1,6,wet_snow,6,wet_snow,0,1,2.054962158,2.054962158,2.054962158,6.116107941,6.116107941,0.1682281494,0.1682281494,0.1682281494,0.1344323158,0.1344323158,0.1344323158,0.2007446289,0.2007446289
E02230,39.5,21.75,2013-02-20T04:00:00,2013-02-20T04:00:00,2013-02-20T05:00:00,1,6,wet_snow,6,wet_snow,0,1,0.1622619629,0.1622619629,0.1622619629,6.102972984,6.102972984,0,0,0,0,0,0,0.002349853516,0.002349853516
E01895,39.75,22,2017-12-23T08:00:00,2017-12-23T08:00:00,2017-12-23T09:00:00,1,6,wet_snow,6,wet_snow,0,1,4.144927979,4.144927979,4.144927979,6.093483925,6.093483925,0,0,0,0,0,0,0.005767822266,0.005767822266
E02689,39.25,21.75,2012-12-20T15:00:00,2012-12-20T15:00:00,2012-12-20T16:00:00,1,6,wet_snow,6,wet_snow,0,1,3.940216064,3.940216064,3.940216064,6.085573196,6.085573196,0,0,0,0,0,0,0.0001831054688,0.0001831054688
E02617,39.5,22.75,2015-02-12T07:00:00,2015-02-12T07:00:00,2015-02-12T08:00:00,1,6,wet_snow,6,wet_snow,0,1,0.8702697754,0.8702697754,0.8702697754,6.065781593,6.065781593,0.0004291534424,0.0004291534424,0.0004291534424,0.0002145767212,0.0002145767212,0.0002145767212,0.01052856445,0.01052856445
E00498,40.25,22,2018-02-16T07:00:00,2018-02-16T07:00:00,2018-02-16T08:00:00,1,6,wet_snow,6,wet_snow,0,1,1.391143799,1.391143799,1.391143799,6.058977127,6.058977127,0.003862380981,0.003862380981,0.003862380981,0.003325939178,0.003325939178,0.003325939178,3.051757812e-05,3.051757812e-05
E00824,40.25,22.75,2019-02-24T19:00:00,2019-02-24T19:00:00,2019-02-24T20:00:00,1,6,wet_snow,6,wet_snow,0,1,5.67300415,5.67300415,5.67300415,6.041948318,6.041948318,0.01373291016,0.01373291016,0.01373291016,0.007295608521,0.007295608521,0.007295608521,0.09536743164,0.09536743164
E02221,39.5,21.75,2012-02-16T07:00:00,2012-02-16T07:00:00,2012-02-16T08:00:00,1,6,wet_snow,6,wet_snow,0,1,0.372467041,0.372467041,0.372467041,6.034187317,6.034187317,0.006866455078,0.006866455078,0.006866455078,0.006759166718,0.006759166718,0.006759166718,0.02236938477,0.02236938477
E02153,39.75,22.75,2012-01-31T20:00:00,2012-01-31T20:00:00,2012-01-31T21:00:00,1,6,wet_snow,6,wet_snow,0,1,1.713531494,1.713531494,1.713531494,6.027729034,6.027729034,0.1029968262,0.1029968262,0.1029968262,0.004720687866,0.004720687866,0.004720687866,0.008972167969,0.008972167969
E00368,40.25,22,2013-12-07T08:00:00,2013-12-07T08:00:00,2013-12-07T09:00:00,1,6,wet_snow,6,wet_snow,0,1,1.91885376,1.91885376,1.91885376,6.025820732,6.025820732,0.0004291534424,0.0004291534424,0.0004291534424,0.000536441803,0.000536441803,0.000536441803,0.0451965332,0.0451965332
E01266,40,22,2019-02-16T10:00:00,2019-02-16T10:00:00,2019-02-16T11:00:00,1,6,wet_snow,6,wet_snow,0,1,7.063140869,7.063140869,7.063140869,6.025100708,6.025100708,0,0,0,0,0,0,0.0087890625,0.0087890625
E02147,39.75,22.5,2020-01-02T04:00:00,2020-01-02T04:00:00,2020-01-02T05:00:00,1,6,wet_snow,6,wet_snow,0,1,1.820465088,1.820465088,1.820465088,6.017647743,6.017647743,0,0,0,0,0,0,0.01129150391,0.01129150391
E01489,40,22.25,2019-01-12T13:00:00,2019-01-12T13:00:00,2019-01-12T14:00:00,1,6,wet_snow,6,wet_snow,0,1,1.838531494,1.838531494,1.838531494,6.014642715,6.014642715,0,0,0,0.0001609325409,0.0001609325409,0.0001609325409,0.001678466797,0.001678466797
E00235,40.25,21.75,2018-12-27T08:00:00,2018-12-27T08:00:00,2018-12-27T09:00:00,1,6,wet_snow,6,wet_snow,0,1,1.593048096,1.593048096,1.593048096,6.003376961,6.003376961,0,0,0,0,0,0,0.01071166992,0.01071166992
E01959,39.75,22.25,2012-12-09T23:00:00,2012-12-09T23:00:00,2012-12-10T00:00:00,1,6,wet_snow,6,wet_snow,0,1,2.780670166,2.780670166,2.780670166,5.983393669,5.983393669,0.01158714294,0.01158714294,0.01158714294,0.0001072883606,0.0001072883606,0.0001072883606,0.05145263672,0.05145263672
E00366,40.25,22,2013-12-03T21:00:00,2013-12-03T21:00:00,2013-12-03T22:00:00,1,6,wet_snow,6,wet_snow,0,1,-0.6770935059,-0.6770935059,-0.6770935059,5.971406937,5.971406937,0.005578994751,0.005578994751,0.005578994751,0.000536441803,0.000536441803,0.000536441803,0.0546875,0.0546875
E01313,40,22.25,2012-02-13T06:00:00,2012-02-13T06:00:00,2012-02-13T07:00:00,1,3,freezing_rain,3,freezing_rain,1,0,1.18069458,1.18069458,1.18069458,5.963912964,5.963912964,0.1828193665,0.1828193665,0.1828193665,0.093126297,0.093126297,0.093126297,0.06219482422,0.06219482422
E02160,39.75,22.75,2012-02-29T03:00:00,2012-02-29T03:00:00,2012-02-29T04:00:00,1,6,wet_snow,6,wet_snow,0,1,2.777984619,2.777984619,2.777984619,5.958613396,5.958613396,0.002574920654,0.002574920654,0.002574920654,0.002574920654,0.002574920654,0.002574920654,0.007843017578,0.007843017578
E01009,40,21.75,2018-12-18T21:00:00,2018-12-18T21:00:00,2018-12-18T22:00:00,1,6,wet_snow,6,wet_snow,0,1,1.128326416,1.128326416,1.128326416,5.951006889,5.951006889,0.009441375732,0.009441375732,0.009441375732,0.007456541061,0.007456541061,0.007456541061,0.1048278809,0.1048278809
E01756,39.75,21.75,2017-12-19T07:00:00,2017-12-19T07:00:00,2017-12-19T08:00:00,1,6,wet_snow,6,wet_snow,0,1,-0.205657959,-0.205657959,-0.205657959,5.948391914,5.948391914,0.001287460327,0.001287460327,0.001287460327,0.001394748688,0.001394748688,0.001394748688,0.02603149414,0.02603149414
E01121,40,22,2013-02-19T18:00:00,2013-02-19T18:00:00,2013-02-19T19:00:00,1,6,wet_snow,6,wet_snow,0,1,2.808990479,2.808990479,2.808990479,5.920572281,5.920572281,1.080608368,1.080608368,1.080608368,0.9927392006,0.9927392006,0.9927392006,0.05978393555,0.05978393555
E01842,39.75,22,2015-01-06T08:00:00,2015-01-06T08:00:00,2015-01-06T09:00:00,1,6,wet_snow,6,wet_snow,0,1,1.582672119,1.582672119,1.582672119,5.908211708,5.908211708,0.002574920654,0.002574920654,0.002574920654,0.002896785736,0.002896785736,0.002896785736,0.0007934570312,0.0007934570312
E02374,39.5,22,2016-12-30T11:00:00,2016-12-30T11:00:00,2016-12-30T12:00:00,1,6,wet_snow,6,wet_snow,0,1,4.760040283,4.760040283,4.760040283,5.906378746,5.906378746,0,0,0,0,0,0,0.00439453125,0.00439453125
E00353,40.25,22,2013-02-12T07:00:00,2013-02-12T07:00:00,2013-02-12T08:00:00,1,6,wet_snow,6,wet_snow,0,1,0.8751525879,0.8751525879,0.8751525879,5.89810276,5.89810276,0,0,0,5.36441803e-05,5.36441803e-05,5.36441803e-05,0.07443237305,0.07443237305
E01109,40,22,2013-01-26T06:00:00,2013-01-26T06:00:00,2013-01-26T07:00:00,1,6,wet_snow,6,wet_snow,0,1,2.31338501,2.31338501,2.31338501,5.896215439,5.896215439,0.004291534424,0.004291534424,0.004291534424,0.0004291534424,0.0004291534424,0.0004291534424,0.1209106445,0.1209106445
E01754,39.75,21.75,2017-12-19T00:00:00,2017-12-19T00:00:00,2017-12-19T01:00:00,1,6,wet_snow,6,wet_snow,0,1,0.9813537598,0.9813537598,0.9813537598,5.887136459,5.887136459,0.004291534424,0.004291534424,0.004291534424,0.001394748688,0.001394748688,0.001394748688,0.03051757812,0.03051757812
E00254,40.25,21.75,2019-02-16T07:00:00,2019-02-16T07:00:00,2019-02-16T08:00:00,1,6,wet_snow,6,wet_snow,0,1,0.6584777832,0.6584777832,0.6584777832,5.872159958,5.872159958,0,0,0,0,0,0,0.0029296875,0.0029296875
E01059,40,22,2012-01-14T05:00:00,2012-01-14T05:00:00,2012-01-14T06:00:00,1,3,freezing_rain,3,freezing_rain,1,0,-0.3103942871,-0.3103942871,-0.3103942871,5.86678791,5.86678791,0.01373291016,0.01373291016,0.01373291016,0,0,0,0.03656005859,0.03656005859
E01055,40,22,2012-01-09T09:00:00,2012-01-09T09:00:00,2012-01-09T10:00:00,1,6,wet_snow,6,wet_snow,0,1,2.763824463,2.763824463,2.763824463,5.85603714,5.85603714,0.003433227539,0.003433227539,0.003433227539,0.002467632294,0.002467632294,0.002467632294,6.103515625e-05,6.103515625e-05
E02387,39.5,22,2019-01-03T21:00:00,2019-01-03T21:00:00,2019-01-03T22:00:00,1,6,wet_snow,6,wet_snow,0,1,1.612701416,1.612701416,1.612701416,5.825842857,5.825842857,0.3132820129,0.3132820129,0.3132820129,0.2249836922,0.2249836922,0.2249836922,0.01156616211,0.01156616211
E02084,39.75,22.5,2014-12-30T03:00:00,2014-12-30T03:00:00,2014-12-30T04:00:00,1,6,wet_snow,6,wet_snow,0,1,0.852935791,0.852935791,0.852935791,5.820700645,5.820700645,0.00171661377,0.00171661377,0.00171661377,0.00182390213,0.00182390213,0.00182390213,0.07382202148,0.07382202148
E01736,39.75,21.75,2017-01-14T21:00:00,2017-01-14T21:00:00,2017-01-14T22:00:00,1,3,freezing_rain,3,freezing_rain,1,0,0.8443908691,0.8443908691,0.8443908691,5.815689087,5.815689087,0.03261566162,0.03261566162,0.03261566162,0.0002145767212,0.0002145767212,0.0002145767212,0.001403808594,0.001403808594
E00361,40.25,22,2013-02-20T08:00:00,2013-02-20T08:00:00,2013-02-20T09:00:00,1,6,wet_snow,6,wet_snow,0,1,2.677032471,2.677032471,2.677032471,5.814063072,5.814063072,0,0,0,5.36441803e-05,5.36441803e-05,5.36441803e-05,0.005523681641,0.005523681641
E01411,40,22.25,2016-12-14T12:00:00,2016-12-14T12:00:00,2016-12-14T13:00:00,1,6,wet_snow,6,wet_snow,0,1,2.198638916,2.198638916,2.198638916,5.813313484,5.813313484,0,0,0,0.0001072883606,0.0001072883606,0.0001072883606,0.003082275391,0.003082275391
E02011,39.75,22.25,2017-01-16T06:00:00,2017-01-16T06:00:00,2017-01-16T07:00:00,1,6,wet_snow,6,wet_snow,0,1,2.833526611,2.833526611,2.833526611,5.804144859,5.804144859,1.015377045,1.015377045,1.015377045,0.4496455193,0.4496455193,0.4496455193,0.172088623,0.172088623
E02242,39.5,21.75,2015-01-19T04:00:00,2015-01-19T04:00:00,2015-01-19T05:00:00,1,3,freezing_rain,3,freezing_rain,1,0,1.879058838,1.879058838,1.879058838,5.791718483,5.791718483,0.0004291534424,0.0004291534424,0.0004291534424,0,0,0,0.0153503418,0.0153503418
E00156,40.25,21.75,2016-12-15T19:00:00,2016-12-15T19:00:00,2016-12-15T20:00:00,1,6,wet_snow,6,wet_snow,0,1,3.049468994,3.049468994,3.049468994,5.791648865,5.791648865,0.04892349243,0.04892349243,0.04892349243,0.02269148827,0.02269148827,0.02269148827,0.01583862305,0.01583862305
E02311,39.5,21.75,2019-02-15T06:00:00,2019-02-15T06:00:00,2019-02-15T07:00:00,1,6,wet_snow,6,wet_snow,0,1,1.805328369,1.805328369,1.805328369,5.790200233,5.790200233,0,0,0,0,0,0,0.006805419922,0.006805419922
E03288,39.25,22.75,2015-02-11T17:00:00,2015-02-11T17:00:00,2015-02-11T18:00:00,1,6,wet_snow,6,wet_snow,0,1,4.874908447,4.874908447,4.874908447,5.785598755,5.785598755,0,0,0,0.0002145767212,0.0002145767212,0.0002145767212,0.0006408691406,0.0006408691406
E00407,40.25,22,2015-02-08T19:00:00,2015-02-08T19:00:00,2015-02-08T20:00:00,1,6,wet_snow,6,wet_snow,0,1,2.186431885,2.186431885,2.186431885,5.78501606,5.78501606,1.0222435,1.0222435,1.0222435,0.933945179,0.933945179,0.933945179,0.1334533691,0.1334533691
E00584,40.25,22.25,2012-02-16T09:00:00,2012-02-16T09:00:00,2012-02-16T10:00:00,1,6,wet_snow,6,wet_snow,0,1,-0.3587341309,-0.3587341309,-0.3587341309,5.776633263,5.776633263,0.02489089966,0.02489089966,0.02489089966,0.02435445786,0.02435445786,0.02435445786,6.103515625e-05,6.103515625e-05
E01804,39.75,22,2012-01-10T08:00:00,2012-01-10T08:00:00,2012-01-10T09:00:00,1,6,wet_snow,6,wet_snow,0,1,4.048126221,4.048126221,4.048126221,5.776191711,5.776191711,0,0,0,0,0,0,0.001922607422,0.001922607422
E00585,40.25,22.25,2012-02-16T11:00:00,2012-02-16T11:00:00,2012-02-16T12:00:00,1,6,wet_snow,6,wet_snow,0,1,2.060333252,2.060333252,2.060333252,5.774951935,5.774951935,0.1304626465,0.1304626465,0.1304626465,0.1175880432,0.1175880432,0.1175880432,0.006530761719,0.006530761719
E01139,40,22,2014-02-01T10:00:00,2014-02-01T10:00:00,2014-02-01T11:00:00,1,6,wet_snow,6,wet_snow,0,1,2.862335205,2.862335205,2.862335205,5.770985603,5.770985603,0.02145767212,0.02145767212,0.02145767212,0.01459121704,0.01459121704,0.01459121704,0.1336364746,0.1336364746
E02443,39.5,22.25,2016-01-23T08:00:00,2016-01-23T08:00:00,2016-01-23T09:00:00,1,6,wet_snow,6,wet_snow,0,1,3.948516846,3.948516846,3.948516846,5.749918938,5.749918938,0.05922317505,0.05922317505,0.05922317505,0.05321502686,0.05321502686,0.05321502686,0.1057434082,0.1057434082
E00192,40.25,21.75,2017-02-20T02:00:00,2017-02-20T02:00:00,2017-02-20T03:00:00,1,6,wet_snow,6,wet_snow,0,1,1.98526001,1.98526001,1.98526001,5.714860916,5.714860916,0,0,0,0,0,0,0.03015136719,0.03015136719
E02640,39.5,22.75,2017-01-27T01:00:00,2017-01-27T01:00:00,2017-01-27T02:00:00,1,6,wet_snow,6,wet_snow,0,1,3.021270752,3.021270752,3.021270752,5.709023476,5.709023476,0.1467704773,0.1467704773,0.1467704773,0.08625984192,0.08625984192,0.08625984192,0.02838134766,0.02838134766
E02358,39.5,22,2015-12-31T09:00:00,2015-12-31T09:00:00,2015-12-31T10:00:00,1,6,wet_snow,6,wet_snow,0,1,1.994171143,1.994171143,1.994171143,5.708633423,5.708633423,0.3484725952,0.3484725952,0.3484725952,0.1495599747,0.1495599747,0.1495599747,0.04977416992,0.04977416992
E02359,39.5,22,2015-12-31T11:00:00,2015-12-31T11:00:00,2015-12-31T12:00:00,1,6,wet_snow,6,wet_snow,0,1,2.781890869,2.781890869,2.781890869,5.703824043,5.703824043,0.2574920654,0.2574920654,0.2574920654,0.1593232155,0.1593232155,0.1593232155,0.02459716797,0.02459716797
E03239,39.25,22.5,2020-01-06T19:00:00,2020-01-06T19:00:00,2020-01-06T20:00:00,1,6,wet_snow,6,wet_snow,0,1,2.862701416,2.862701416,2.862701416,5.694812775,5.694812775,0.0008583068848,0.0008583068848,0.0008583068848,0.0007510185242,0.0007510185242,0.0007510185242,0.0008544921875,0.0008544921875
E01168,40,22,2015-12-17T07:00:00,2015-12-17T07:00:00,2015-12-17T08:00:00,1,6,wet_snow,6,wet_snow,0,1,2.47769165,2.47769165,2.47769165,5.674584389,5.674584389,0.02274513245,0.02274513245,0.02274513245,0.00718832016,0.00718832016,0.00718832016,0.00732421875,0.00732421875
E00702,40.25,22.25,2018-12-06T07:00:00,2018-12-06T07:00:00,2018-12-06T08:00:00,1,6,wet_snow,6,wet_snow,0,1,-0.5132751465,-0.5132751465,-0.5132751465,5.670601845,5.670601845,0,0,0,0,0,0,0.01086425781,0.01086425781
E02891,39.25,22,2012-02-10T12:00:00,2012-02-10T12:00:00,2012-02-10T13:00:00,1,6,wet_snow,6,wet_snow,0,1,0.3603820801,0.3603820801,0.3603820801,5.670450211,5.670450211,0.6475925446,0.6475925446,0.6475925446,0.5792498589,0.5792498589,0.5792498589,0.1314697266,0.1314697266
E01909,39.75,22,2019-01-11T06:00:00,2019-01-11T06:00:00,2019-01-11T07:00:00,1,3,freezing_rain,3,freezing_rain,1,0,0.350982666,0.350982666,0.350982666,5.669273376,5.669273376,0.0004291534424,0.0004291534424,0.0004291534424,0.0001072883606,0.0001072883606,0.0001072883606,0.002502441406,0.002502441406
E01513,40,22.25,2020-02-21T07:00:00,2020-02-21T07:00:00,2020-02-21T08:00:00,1,6,wet_snow,6,wet_snow,0,1,1.492706299,1.492706299,1.492706299,5.664448738,5.664448738,0.01029968262,0.01029968262,0.01029968262,0.001394748688,0.001394748688,0.001394748688,0.006958007812,0.006958007812
E00857,40,21.75,2012-12-09T16:00:00,2012-12-09T16:00:00,2012-12-09T17:00:00,1,6,wet_snow,6,wet_snow,0,1,2.206695557,2.206695557,2.206695557,5.645792961,5.645792961,0.6042480469,0.6042480469,0.6042480469,0.1802444458,0.1802444458,0.1802444458,0.1053771973,0.1053771973
E00877,40,21.75,2013-01-19T07:00:00,2013-01-19T07:00:00,2013-01-19T08:00:00,1,6,wet_snow,6,wet_snow,0,1,0.8575744629,0.8575744629,0.8575744629,5.63279438,5.63279438,0,0,0,0,0,0,0.005523681641,0.005523681641
E00649,40.25,22.25,2016-12-21T18:00:00,2016-12-21T18:00:00,2016-12-21T19:00:00,1,3,freezing_rain,3,freezing_rain,1,0,-0.9060974121,-0.9060974121,-0.9060974121,5.628789902,5.628789902,0.0008583068848,0.0008583068848,0.0008583068848,0.001287460327,0.001287460327,0.001287460327,0.009704589844,0.009704589844
E00338,40.25,22,2013-01-10T15:00:00,2013-01-10T15:00:00,2013-01-10T16:00:00,1,6,wet_snow,6,wet_snow,0,1,3.841583252,3.841583252,3.841583252,5.627637863,5.627637863,0,0,0,0,0,0,0.07232666016,0.07232666016
E00138,40.25,21.75,2015-12-22T07:00:00,2015-12-22T07:00:00,2015-12-22T08:00:00,1,3,freezing_rain,3,freezing_rain,1,0,-1.816986084,-1.816986084,-1.816986084,5.620928764,5.620928764,0,0,0,0,0,0,0.001312255859,0.001312255859
E00478,40.25,22,2018-01-04T02:00:00,2018-01-04T02:00:00,2018-01-04T03:00:00,1,6,wet_snow,6,wet_snow,0,1,1.766265869,1.766265869,1.766265869,5.61466217,5.61466217,0.208568573,0.208568573,0.208568573,0.07317066193,0.07317066193,0.07317066193,0.04412841797,0.04412841797
E00067,40.25,21.75,2013-02-11T07:00:00,2013-02-11T07:00:00,2013-02-11T08:00:00,1,6,wet_snow,6,wet_snow,0,1,1.153106689,1.153106689,1.153106689,5.612457275,5.612457275,0,0,0,0,0,0,0,0
E03251,39.25,22.75,2012-02-01T00:00:00,2012-02-01T00:00:00,2012-02-01T01:00:00,1,6,wet_snow,6,wet_snow,0,1,-0.1582946777,-0.1582946777,-0.1582946777,5.599801064,5.599801064,0.4111289978,0.4111289978,0.4111289978,0.3938019276,0.3938019276,0.3938019276,0.04510498047,0.04510498047
E03150,39.25,22.5,2012-12-10T04:00:00,2012-12-10T04:00:00,2012-12-10T05:00:00,1,6,wet_snow,6,wet_snow,0,1,2.11026001,2.11026001,2.11026001,5.583184242,5.583184242,0,0,0,0,0,0,0.0009765625,0.0009765625
E01357,40,22.25,2013-12-04T07:00:00,2013-12-04T07:00:00,2013-12-04T08:00:00,1,6,wet_snow,6,wet_snow,0,1,-0.4583435059,-0.4583435059,-0.4583435059,5.568184853,5.568184853,0,0,0,5.36441803e-05,5.36441803e-05,5.36441803e-05,0.01541137695,0.01541137695
E02990,39.25,22,2020-01-02T07:00:00,2020-01-02T07:00:00,2020-01-02T08:00:00,1,6,wet_snow,6,wet_snow,0,1,0.3595275879,0.3595275879,0.3595275879,5.56688118,5.56688118,0,0,0,0.0001072883606,0.0001072883606,0.0001072883606,0.02517700195,0.02517700195
E00845,40,21.75,2012-02-12T07:00:00,2012-02-12T07:00:00,2012-02-12T08:00:00,1,6,wet_snow,6,wet_snow,0,1,1.006134033,1.006134033,1.006134033,5.565930367,5.565930367,0.1974105835,0.1974105835,0.1974105835,0.1529932022,0.1529932022,0.1529932022,0.1389160156,0.1389160156
E00333,40.25,22,2012-12-28T00:00:00,2012-12-28T00:00:00,2012-12-28T01:00:00,1,3,freezing_rain,3,freezing_rain,1,0,-0.07553100586,-0.07553100586,-0.07553100586,5.558412552,5.558412552,0.004291534424,0.004291534424,0.004291534424,0.00182390213,0.00182390213,0.00182390213,0.008087158203,0.008087158203
E01311,40,22.25,2012-02-12T10:00:00,2012-02-12T10:00:00,2012-02-12T11:00:00,1,6,wet_snow,6,wet_snow,0,1,1.709503174,1.709503174,1.709503174,5.539805412,5.539805412,0.2223014832,0.2223014832,0.2223014832,0.1979470253,0.1979470253,0.1979470253,0.1860656738,0.1860656738
E00414,40.25,22,2015-02-22T05:00:00,2015-02-22T05:00:00,2015-02-22T06:00:00,1,3,freezing_rain,3,freezing_rain,1,0,2.363677979,2.363677979,2.363677979,5.538951874,5.538951874,0.0111579895,0.0111579895,0.0111579895,0,0,0,0.03674316406,0.03674316406
E00097,40.25,21.75,2014-02-01T01:00:00,2014-02-01T01:00:00,2014-02-01T02:00:00,1,6,wet_snow,6,wet_snow,0,1,3.560455322,3.560455322,3.560455322,5.53708744,5.53708744,0.245475769,0.245475769,0.245475769,0.1446247101,0.1446247101,0.1446247101,0.1130981445,0.1130981445
E01884,39.75,22,2017-01-19T03:00:00,2017-01-19T03:00:00,2017-01-19T04:00:00,1,6,wet_snow,6,wet_snow,0,1,2.815338135,2.815338135,2.815338135,5.526037216,5.526037216,0.9239673615,0.9239673615,0.9239673615,0.5801081657,0.5801081657,0.5801081657,0.1567687988,0.1567687988
E00651,40.25,22.25,2016-12-23T08:00:00,2016-12-23T08:00:00,2016-12-23T09:00:00,1,6,wet_snow,6,wet_snow,0,1,3.33291626,3.33291626,3.33291626,5.507706642,5.507706642,0,0,0,0,0,0,0.006744384766,0.006744384766
E01883,39.75,22,2017-01-16T06:00:00,2017-01-16T06:00:00,2017-01-16T07:00:00,1,6,wet_snow,6,wet_snow,0,1,2.052276611,2.052276611,2.052276611,5.486762047,5.486762047,1.050138474,1.050138474,1.050138474,0.8980035782,0.8980035782,0.8980035782,0.1582336426,0.1582336426
E02049,39.75,22.25,2020-01-05T07:00:00,2020-01-05T07:00:00,2020-01-05T08:00:00,1,6,wet_snow,6,wet_snow,0,1,3.420318604,3.420318604,3.420318604,5.482106209,5.482106209,0,0,0,0,0,0,0.004302978516,0.004302978516
E00615,40.25,22.25,2014-02-04T02:00:00,2014-02-04T02:00:00,2014-02-04T03:00:00,1,6,wet_snow,6,wet_snow,0,1,1.482818604,1.482818604,1.482818604,5.479970932,5.479970932,0.05235671997,0.05235671997,0.05235671997,0.04940629005,0.04940629005,0.04940629005,0.09539794922,0.09539794922
E02777,39.25,21.75,2017-01-20T14:00:00,2017-01-20T14:00:00,2017-01-20T15:00:00,1,6,wet_snow,6,wet_snow,0,1,3.193023682,3.193023682,3.193023682,5.458237648,5.458237648,0.0506401062,0.0506401062,0.0506401062,0.02961158752,0.02961158752,0.02961158752,0.1229553223,0.1229553223
E00554,40.25,22,2020-02-08T09:00:00,2020-02-08T09:00:00,2020-02-08T10:00:00,1,6,wet_snow,6,wet_snow,0,1,3.449127197,3.449127197,3.449127197,5.446169853,5.446169853,0,0,0,0,0,0,0.003204345703,0.003204345703
E00605,40.25,22.25,2013-02-11T04:00:00,2013-02-11T04:00:00,2013-02-11T05:00:00,1,6,wet_snow,6,wet_snow,0,1,0.8109436035,0.8109436035,0.8109436035,5.439052582,5.439052582,0.03175735474,0.03175735474,0.03175735474,0.002467632294,0.002467632294,0.002467632294,0,0
E00856,40,21.75,2012-12-07T08:00:00,2012-12-07T08:00:00,2012-12-07T09:00:00,1,6,wet_snow,6,wet_snow,0,1,3.243927002,3.243927002,3.243927002,5.436798096,5.436798096,0,0,0,0,0,0,0.0002136230469,0.0002136230469
E01270,40,22,2019-12-27T11:00:00,2019-12-27T11:00:00,2019-12-27T12:00:00,1,6,wet_snow,6,wet_snow,0,1,5.978912354,5.978912354,5.978912354,5.432236671,5.432236671,0,0,0,0,0,0,9.155273438e-05,9.155273438e-05
E00224,40.25,21.75,2018-02-26T12:00:00,2018-02-26T12:00:00,2018-02-26T13:00:00,1,6,wet_snow,6,wet_snow,0,1,1.228790283,1.228790283,1.228790283,5.4321661,5.4321661,0.3961086273,0.3961086273,0.3961086273,0.3961086273,0.3961086273,0.3961086273,0.1313781738,0.1313781738
E01143,40,22,2014-02-01T19:00:00,2014-02-01T19:00:00,2014-02-01T20:00:00,1,6,wet_snow,6,wet_snow,0,1,2.476715088,2.476715088,2.476715088,5.413308144,5.413308144,0.02059936523,0.02059936523,0.02059936523,0.01727342606,0.01727342606,0.01727342606,0.1259765625,0.1259765625
E00225,40.25,21.75,2018-02-27T09:00:00,2018-02-27T09:00:00,2018-02-27T10:00:00,1,6,wet_snow,6,wet_snow,0,1,2.655914307,2.655914307,2.655914307,5.403064728,5.403064728,0,0,0,0,0,0,0.0003662109375,0.0003662109375
E01325,40,22.25,2012-12-09T18:00:00,2012-12-09T18:00:00,2012-12-09T19:00:00,1,6,wet_snow,6,wet_snow,0,1,1.39175415,1.39175415,1.39175415,5.401504517,5.401504517,0.1605033875,0.1605033875,0.1605033875,0.1110434532,0.1110434532,0.1110434532,0.0524597168,0.0524597168
E02314,39.5,21.75,2019-02-24T12:00:00,2019-02-24T12:00:00,2019-02-24T13:00:00,1,6,wet_snow,6,wet_snow,0,1,-0.2148132324,-0.2148132324,-0.2148132324,5.400126457,5.400126457,0.1167297363,0.1167297363,0.1167297363,0.1168370247,0.1168370247,0.1168370247,0.08636474609,0.08636474609
E02118,39.75,22.5,2016-12-30T07:00:00,2016-12-30T07:00:00,2016-12-30T08:00:00,1,6,wet_snow,6,wet_snow,0,1,0.1499328613,0.1499328613,0.1499328613,5.392756462,5.392756462,0,0,0,0,0,0,0.007995605469,0.007995605469
E00772,40.25,22.5,2017-01-27T01:00:00,2017-01-27T01:00:00,2017-01-27T02:00:00,1,6,wet_snow,6,wet_snow,0,1,-0.306854248,-0.306854248,-0.306854248,5.387734413,5.387734413,0.0008583068848,0.0008583068848,0.0008583068848,0.0004827976227,0.0004827976227,0.0004827976227,0.002899169922,0.002899169922
E01076,40,22,2012-02-13T06:00:00,2012-02-13T06:00:00,2012-02-13T07:00:00,1,3,freezing_rain,3,freezing_rain,1,0,1.081085205,1.081085205,1.081085205,5.370162964,5.370162964,0.1171588898,0.1171588898,0.1171588898,0.0795006752,0.0795006752,0.0795006752,0.08197021484,0.08197021484
E01188,40,22,2017-01-13T15:00:00,2017-01-13T15:00:00,2017-01-13T16:00:00,1,6,wet_snow,6,wet_snow,0,1,2.089263916,2.089263916,2.089263916,5.368183136,5.368183136,0,0,0,0,0,0,0.05737304688,0.05737304688
E00919,40,21.75,2015-02-03T07:00:00,2015-02-03T07:00:00,2015-02-03T08:00:00,1,6,wet_snow,6,wet_snow,0,1,1.144195557,1.144195557,1.144195557,5.360704422,5.360704422,0,0,0,0,0,0,0.0002746582031,0.0002746582031
E03134,39.25,22.5,2012-01-30T03:00:00,2012-01-30T03:00:00,2012-01-30T04:00:00,1,6,wet_snow,6,wet_snow,0,1,1.444610596,1.444610596,1.444610596,5.360255241,5.360255241,0.01330375671,0.01330375671,0.01330375671,0.01164078712,0.01164078712,0.01164078712,0.05062866211,0.05062866211
E03125,39.25,22.5,2012-01-15T10:00:00,2012-01-15T10:00:00,2012-01-15T11:00:00,1,6,wet_snow,6,wet_snow,0,1,4.921539307,4.921539307,4.921539307,5.359869003,5.359869003,0.0004291534424,0.0004291534424,0.0004291534424,0,0,0,0.005157470703,0.005157470703
E03325,39.25,22.75,2019-01-07T07:00:00,2019-01-07T07:00:00,2019-01-07T08:00:00,1,6,wet_snow,6,wet_snow,0,1,-1.074066162,-1.074066162,-1.074066162,5.35793972,5.35793972,0,0,0,0,0,0,0.002532958984,0.002532958984
E01531,40,22.5,2012-02-09T20:00:00,2012-02-09T20:00:00,2012-02-09T21:00:00,1,6,wet_snow,6,wet_snow,0,1,-1.075042725,-1.075042725,-1.075042725,5.351239204,5.351239204,0.2875328064,0.2875328064,0.2875328064,0.2366781235,0.2366781235,0.2366781235,0.06100463867,0.06100463867
E00050,40.25,21.75,2013-01-12T18:00:00,2013-01-12T18:00:00,2013-01-12T19:00:00,1,6,wet_snow,6,wet_snow,0,1,2.703521729,2.703521729,2.703521729,5.343214035,5.343214035,0,0,0,0,0,0,6.103515625e-05,6.103515625e-05
E02143,39.75,22.5,2019-02-25T00:00:00,2019-02-25T00:00:00,2019-02-25T01:00:00,1,6,wet_snow,6,wet_snow,0,1,0.7701721191,0.7701721191,0.7701721191,5.343037605,5.343037605,0.03304481506,0.03304481506,0.03304481506,0.02403259277,0.02403259277,0.02403259277,0.03967285156,0.03967285156
E01412,40,22.25,2016-12-15T17:00:00,2016-12-15T17:00:00,2016-12-15T18:00:00,1,6,wet_snow,6,wet_snow,0,1,4.194854736,4.194854736,4.194854736,5.342593193,5.342593193,0.1261711121,0.1261711121,0.1261711121,0.1037478447,0.1037478447,0.1037478447,0.1437683105,0.1437683105
E01642,40,22.75,2019-01-09T03:00:00,2019-01-09T03:00:00,2019-01-09T04:00:00,1,6,wet_snow,6,wet_snow,0,1,4.312896729,4.312896729,4.312896729,5.326695442,5.326695442,0.0004291534424,0.0004291534424,0.0004291534424,0.0008583068848,0.0008583068848,0.0008583068848,0.04376220703,0.04376220703
E00437,40.25,22,2016-12-15T19:00:00,2016-12-15T19:00:00,2016-12-15T20:00:00,1,6,wet_snow,6,wet_snow,0,1,3.147125244,3.147125244,3.147125244,5.315086365,5.315086365,0.06694793701,0.06694793701,0.06694793701,0.06721615791,0.06721615791,0.06721615791,0.01895141602,0.01895141602
E01491,40,22.25,2019-01-14T15:00:00,2019-01-14T15:00:00,2019-01-14T16:00:00,1,6,wet_snow,6,wet_snow,0,1,1.30166626,1.30166626,1.30166626,5.309066772,5.309066772,0.06866455078,0.06866455078,0.06866455078,0.04312992096,0.04312992096,0.04312992096,0.02154541016,0.02154541016
E02270,39.5,21.75,2017-01-06T06:00:00,2017-01-06T06:00:00,2017-01-06T07:00:00,1,6,wet_snow,6,wet_snow,0,1,1.133209229,1.133209229,1.133209229,5.306979179,5.306979179,0.009441375732,0.009441375732,0.009441375732,0.009763240814,0.009763240814,0.009763240814,0.05041503906,0.05041503906
E01931,39.75,22.25,2012-01-09T08:00:00,2012-01-09T08:00:00,2012-01-09T09:00:00,1,6,wet_snow,6,wet_snow,0,1,3.93460083,3.93460083,3.93460083,5.306435585,5.306435585,0,0,0,0,0,0,0.0001831054688,0.0001831054688
E01031,40,21.75,2019-02-16T07:00:00,2019-02-16T07:00:00,2019-02-16T08:00:00,1,6,wet_snow,6,wet_snow,0,1,1.260040283,1.260040283,1.260040283,5.299894333,5.299894333,0,0,0,0,0,0,0.003021240234,0.003021240234
E02852,39.25,21.75,2019-12-28T00:00:00,2019-12-28T00:00:00,2019-12-28T01:00:00,1,6,wet_snow,6,wet_snow,0,1,1.568756104,1.568756104,1.568756104,5.298595428,5.298595428,0,0,0,0,0,0,0.006469726562,0.006469726562
E01980,39.75,22.25,2015-12-31T12:00:00,2015-12-31T12:00:00,2015-12-31T13:00:00,1,6,wet_snow,6,wet_snow,0,1,1.627716064,1.627716064,1.627716064,5.297625542,5.297625542,0.4780769348,0.4780769348,0.4780769348,0.4771113396,0.4771113396,0.4771113396,0.09375,0.09375
E00446,40.25,22,2017-01-04T06:00:00,2017-01-04T06:00:00,2017-01-04T07:00:00,1,3,freezing_rain,3,freezing_rain,1,0,-0.438079834,-0.438079834,-0.438079834,5.291831017,5.291831017,0.2300262451,0.2300262451,0.2300262451,0,0,0,0.004058837891,0.004058837891
E00216,40.25,21.75,2018-02-13T07:00:00,2018-02-13T07:00:00,2018-02-13T08:00:00,1,6,wet_snow,6,wet_snow,0,1,0.5143127441,0.5143127441,0.5143127441,5.279788971,5.279788971,0.204706192,0.204706192,0.204706192,0.02735853195,0.02735853195,0.02735853195,0.001892089844,0.001892089844
E01622,40,22.75,2016-01-01T07:00:00,2016-01-01T07:00:00,2016-01-01T08:00:00,1,6,wet_snow,6,wet_snow,0,1,2.418609619,2.418609619,2.418609619,5.276917458,5.276917458,0.003433227539,0.003433227539,0.003433227539,0.003433227539,0.003433227539,0.003433227539,0.02145385742,0.02145385742
E02750,39.25,21.75,2016-01-24T10:00:00,2016-01-24T10:00:00,2016-01-24T11:00:00,1,6,wet_snow,6,wet_snow,0,1,1.838165283,1.838165283,1.838165283,5.247737885,5.247737885,0,0,0,0,0,0,0.006988525391,0.006988525391
E03261,39.25,22.75,2012-02-28T18:00:00,2012-02-28T18:00:00,2012-02-28T19:00:00,1,6,wet_snow,6,wet_snow,0,1,4.00869751,4.00869751,4.00869751,5.240187645,5.240187645,0.00171661377,0.00171661377,0.00171661377,0,0,0,0.0001525878906,0.0001525878906
E02205,39.5,21.75,2012-01-21T18:00:00,2012-01-21T18:00:00,2012-01-21T19:00:00,1,6,wet_snow,6,wet_snow,0,1,2.267486572,2.267486572,2.267486572,5.228310585,5.228310585,0,0,0,0.0001072883606,0.0001072883606,0.0001072883606,0,0
E02904,39.25,22,2013-02-20T03:00:00,2013-02-20T03:00:00,2013-02-20T04:00:00,1,3,freezing_rain,3,freezing_rain,1,0,-0.08554077148,-0.08554077148,-0.08554077148,5.20732975,5.20732975,0.0004291534424,0.0004291534424,0.0004291534424,0,0,0,0.003814697266,0.003814697266
E00508,40.25,22,2018-12-17T23:00:00,2018-12-17T23:00:00,2018-12-18T00:00:00,1,6,wet_snow,6,wet_snow,0,1,1.634552002,1.634552002,1.634552002,5.196122169,5.196122169,0.2480506897,0.2480506897,0.2480506897,0.1684427261,0.1684427261,0.1684427261,0.0166015625,0.0166015625
E01123,40,22,2013-02-20T08:00:00,2013-02-20T08:00:00,2013-02-20T09:00:00,1,6,wet_snow,6,wet_snow,0,1,3.479766846,3.479766846,3.479766846,5.190039635,5.190039635,0,0,0,0,0,0,0.0009460449219,0.0009460449219
E01757,39.75,21.75,2017-12-20T11:00:00,2017-12-20T11:00:00,2017-12-20T12:00:00,1,6,wet_snow,6,wet_snow,0,1,3.406524658,3.406524658,3.406524658,5.187660217,5.187660217,0,0,0,0,0,0,0.02548217773,0.02548217773
E01557,40,22.5,2016-01-01T07:00:00,2016-01-01T07:00:00,2016-01-01T08:00:00,1,6,wet_snow,6,wet_snow,0,1,-4.264984131,-4.264984131,-4.264984131,5.186097145,5.186097145,0.003433227539,0.003433227539,0.003433227539,0.003433227539,0.003433227539,0.003433227539,0.009979248047,0.009979248047
E02448,39.5,22.25,2016-12-29T07:00:00,2016-12-29T07:00:00,2016-12-29T08:00:00,1,6,wet_snow,6,wet_snow,0,1,2.952789307,2.952789307,2.952789307,5.174324036,5.174324036,0.0008583068848,0.0008583068848,0.0008583068848,0.0008583068848,0.0008583068848,0.0008583068848,0.006500244141,0.006500244141
E02543,39.5,22.5,2017-01-19T05:00:00,2017-01-19T05:00:00,2017-01-19T06:00:00,1,6,wet_snow,6,wet_snow,0,1,2.92666626,2.92666626,2.92666626,5.169647217,5.169647217,1.187896729,1.187896729,1.187896729,0.9506821632,0.9506821632,0.9506821632,0.06475830078,0.06475830078
E00634,40.25,22.25,2016-01-03T16:00:00,2016-01-03T16:00:00,2016-01-03T17:00:00,1,6,wet_snow,6,wet_snow,0,1,1.493804932,1.493804932,1.493804932,5.165449142,5.165449142,1.846647263,1.846647263,1.846647263,1.18880868,1.18880868,1.18880868,0.08776855469,0.08776855469
E00129,40.25,21.75,2015-02-22T04:00:00,2015-02-22T04:00:00,2015-02-22T05:00:00,1,3,freezing_rain,3,freezing_rain,1,0,1.862945557,1.862945557,1.862945557,5.158445358,5.158445358,0.005149841309,0.005149841309,0.005149841309,0,0,0,0.01071166992,0.01071166992
E03166,39.25,22.5,2015-02-19T07:00:00,2015-02-19T07:00:00,2015-02-19T08:00:00,1,6,wet_snow,6,wet_snow,0,1,-0.9939880371,-0.9939880371,-0.9939880371,5.153478622,5.153478622,0,0,0,0,0,0,6.103515625e-05,6.103515625e-05
E00918,40,21.75,2015-01-19T03:00:00,2015-01-19T03:00:00,2015-01-19T04:00:00,1,3,freezing_rain,3,freezing_rain,1,0,1.660064697,1.660064697,1.660064697,5.146090508,5.146090508,0.0004291534424,0.0004291534424,0.0004291534424,0,0,0,0.01681518555,0.01681518555
E00073,40.25,21.75,2013-02-20T08:00:00,2013-02-20T08:00:00,2013-02-20T09:00:00,1,6,wet_snow,6,wet_snow,0,1,2.575469971,2.575469971,2.575469971,5.14511776,5.14511776,0,0,0,5.36441803e-05,5.36441803e-05,5.36441803e-05,0.009246826172,0.009246826172
E02639,39.5,22.75,2017-01-15T05:00:00,2017-01-15T05:00:00,2017-01-15T06:00:00,1,3,freezing_rain,3,freezing_rain,1,0,-2.595062256,-2.595062256,-2.595062256,5.133087158,5.133087158,0.0008583068848,0.0008583068848,0.0008583068848,0.0004827976227,0.0004827976227,0.0004827976227,0.009857177734,0.009857177734
E00522,40.25,22,2019-01-31T04:00:00,2019-01-31T04:00:00,2019-01-31T05:00:00,1,3,freezing_rain,3,freezing_rain,1,0,1.167877197,1.167877197,1.167877197,5.132430077,5.132430077,0.01459121704,0.01459121704,0.01459121704,0.0001072883606,0.0001072883606,0.0001072883606,0.01599121094,0.01599121094
E01128,40,22,2013-12-18T10:00:00,2013-12-18T10:00:00,2013-12-18T11:00:00,1,6,wet_snow,6,wet_snow,0,1,5.357086182,5.357086182,5.357086182,5.131977081,5.131977081,0,0,0,0,0,0,0.004516601562,0.004516601562
E01636,40,22.75,2017-01-27T07:00:00,2017-01-27T07:00:00,2017-01-27T08:00:00,1,6,wet_snow,6,wet_snow,0,1,2.485015869,2.485015869,2.485015869,5.121769905,5.121769905,0.04291534424,0.04291534424,0.04291534424,0.0006437301636,0.0006437301636,0.0006437301636,0.02615356445,0.02615356445
E01438,40,22.25,2017-02-12T14:00:00,2017-02-12T14:00:00,2017-02-12T15:00:00,1,6,wet_snow,6,wet_snow,0,1,1.886871338,1.886871338,1.886871338,5.120314598,5.120314598,0.03261566162,0.03261566162,0.03261566162,0.03207921982,0.03207921982,0.03207921982,0.3159179688,0.3159179688
E00724,40.25,22.25,2019-02-16T07:00:00,2019-02-16T07:00:00,2019-02-16T08:00:00,1,6,wet_snow,6,wet_snow,0,1,1.271759033,1.271759033,1.271759033,5.11923027,5.11923027,0,0,0,0,0,0,0.005554199219,0.005554199219
E02979,39.25,22,2019-02-15T06:00:00,2019-02-15T06:00:00,2019-02-15T07:00:00,1,6,wet_snow,6,wet_snow,0,1,1.326812744,1.326812744,1.326812744,5.118325233,5.118325233,0,0,0,0.0001072883606,0.0001072883606,0.0001072883606,0.008636474609,0.008636474609
E03304,39.25,22.75,2016-01-24T06:00:00,2016-01-24T06:00:00,2016-01-24T07:00:00,1,6,wet_snow,6,wet_snow,0,1,-1.655853271,-1.655853271,-1.655853271,5.115619659,5.115619659,0,0,0,0,0,0,0.001007080078,0.001007080078
E00790,40.25,22.75,2012-02-09T19:00:00,2012-02-09T19:00:00,2012-02-09T20:00:00,1,6,wet_snow,6,wet_snow,0,1,2.452056885,2.452056885,2.452056885,5.11499691,5.11499691,0.08025169373,0.08025169373,0.08025169373,0.0536441803,0.0536441803,0.0536441803,0.03991699219,0.03991699219
E02054,39.75,22.25,2020-02-06T06:00:00,2020-02-06T06:00:00,2020-02-06T07:00:00,1,6,wet_snow,6,wet_snow,0,1,3.284576416,3.284576416,3.284576416,5.108839035,5.108839035,0.009441375732,0.009441375732,0.009441375732,0.002789497375,0.002789497375,0.002789497375,0.003692626953,0.003692626953
E01141,40,22,2014-02-01T15:00:00,2014-02-01T15:00:00,2014-02-01T16:00:00,1,6,wet_snow,6,wet_snow,0,1,2.990020752,2.990020752,2.990020752,5.108695984,5.108695984,0.00171661377,0.00171661377,0.00171661377,0.0002145767212,0.0002145767212,0.0002145767212,0.02432250977,0.02432250977
E00771,40.25,22.5,2017-01-26T23:00:00,2017-01-26T23:00:00,2017-01-27T00:00:00,1,6,wet_snow,6,wet_snow,0,1,0.2519836426,0.2519836426,0.2519836426,5.106263161,5.106263161,0.004291534424,0.004291534424,0.004291534424,0.003862380981,0.003862380981,0.003862380981,0.008148193359,0.008148193359
E01142,40,22,2014-02-01T17:00:00,2014-02-01T17:00:00,2014-02-01T18:00:00,1,6,wet_snow,6,wet_snow,0,1,2.490386963,2.490386963,2.490386963,5.096198082,5.096198082,0.002574920654,0.002574920654,0.002574920654,0.0004291534424,0.0004291534424,0.0004291534424,0.05535888672,0.05535888672
E00781,40.25,22.5,2019-02-24T19:00:00,2019-02-24T19:00:00,2019-02-24T20:00:00,1,6,wet_snow,6,wet_snow,0,1,1.83706665,1.83706665,1.83706665,5.094682693,5.094682693,0.01287460327,0.01287460327,0.01287460327,0.01319646835,0.01319646835,0.01319646835,0.04507446289,0.04507446289
E02536,39.5,22.5,2016-12-29T23:00:00,2016-12-29T23:00:00,2016-12-30T00:00:00,1,6,wet_snow,6,wet_snow,0,1,2.986724854,2.986724854,2.986724854,5.09281826,5.09281826,0,0,0,0,0,0,0.003479003906,0.003479003906
E01670,39.75,21.75,2012-02-14T08:00:00,2012-02-14T08:00:00,2012-02-14T09:00:00,1,6,wet_snow,6,wet_snow,0,1,1.612457275,1.612457275,1.612457275,5.091712952,5.091712952,0,0,0,0,0,0,0.006530761719,0.006530761719
E02082,39.75,22.5,2013-01-08T11:00:00,2013-01-08T11:00:00,2013-01-08T12:00:00,1,6,wet_snow,6,wet_snow,0,1,3.75479126,3.75479126,3.75479126,5.080714226,5.080714226,0,0,0,0,0,0,0.001068115234,0.001068115234
E00441,40.25,22,2016-12-27T20:00:00,2016-12-27T20:00:00,2016-12-27T21:00:00,1,6,wet_snow,6,wet_snow,0,1,1.324127197,1.324127197,1.324127197,5.07722187,5.07722187,0.2295970917,0.2295970917,0.2295970917,0.0648021698,0.0648021698,0.0648021698,0.09140014648,0.09140014648
E00160,40.25,21.75,2016-12-27T21:00:00,2016-12-27T21:00:00,2016-12-27T22:00:00,1,6,wet_snow,6,wet_snow,0,1,2.069000244,2.069000244,2.069000244,5.075514793,5.075514793,0.0253200531,0.0253200531,0.0253200531,0.01609325409,0.01609325409,0.01609325409,0.05938720703,0.05938720703
E00022,40.25,21.75,2012-02-12T18:00:00,2012-02-12T18:00:00,2012-02-12T19:00:00,1,6,wet_snow,6,wet_snow,0,1,0.493560791,0.493560791,0.493560791,5.065120697,5.065120697,0.1729488373,0.1729488373,0.1729488373,0.09795427322,0.09795427322,0.09795427322,0.02517700195,0.02517700195
E00436,40.25,22,2016-12-15T16:00:00,2016-12-15T16:00:00,2016-12-15T17:00:00,1,6,wet_snow,6,wet_snow,0,1,5.014190674,5.014190674,5.014190674,5.062653542,5.062653542,0.02918243408,0.02918243408,0.02918243408,0.01695156097,0.01695156097,0.01695156097,0.1158447266,0.1158447266
E01101,40,22,2013-01-10T13:00:00,2013-01-10T13:00:00,2013-01-10T14:00:00,1,6,wet_snow,6,wet_snow,0,1,5.012359619,5.012359619,5.012359619,5.060199738,5.060199738,0,0,0,0,0,0,0.01452636719,0.01452636719
E03132,39.25,22.5,2012-01-29T18:00:00,2012-01-29T18:00:00,2012-01-29T19:00:00,1,6,wet_snow,6,wet_snow,0,1,3.205841064,3.205841064,3.205841064,5.05674839,5.05674839,0.04076957703,0.04076957703,0.04076957703,0.02655386925,0.02655386925,0.02655386925,0.1307983398,0.1307983398
E00787,40.25,22.75,2012-01-31T23:00:00,2012-01-31T23:00:00,2012-02-01T00:00:00,1,6,wet_snow,6,wet_snow,0,1,2.631744385,2.631744385,2.631744385,5.05472374,5.05472374,0.03519058228,0.03519058228,0.03519058228,0.003057718277,0.003057718277,0.003057718277,0.007385253906,0.007385253906
E01824,39.75,22,2012-02-13T23:00:00,2012-02-13T23:00:00,2012-02-14T00:00:00,1,3,freezing_rain,3,freezing_rain,1,0,0.2030334473,0.2030334473,0.2030334473,5.053469658,5.053469658,0.0004291534424,0.0004291534424,0.0004291534424,0,0,0,0.003936767578,0.003936767578
E00372,40.25,22,2013-12-18T08:00:00,2013-12-18T08:00:00,2013-12-18T09:00:00,1,6,wet_snow,6,wet_snow,0,1,0.7658996582,0.7658996582,0.7658996582,5.048378944,5.048378944,0,0,0,0.0001072883606,0.0001072883606,0.0001072883606,0.0006713867188,0.0006713867188
E01287,40,22,2020-02-08T09:00:00,2020-02-08T09:00:00,2020-02-08T10:00:00,1,6,wet_snow,6,wet_snow,0,1,3.878814697,3.878814697,3.878814697,5.045779228,5.045779228,0,0,0,0,0,0,0.002319335938,0.002319335938
E02850,39.25,21.75,2019-02-16T18:00:00,2019-02-16T18:00:00,2019-02-16T19:00:00,1,6,wet_snow,6,wet_snow,0,1,1.97769165,1.97769165,1.97769165,5.035204887,5.035204887,0,0,0,0,0,0,0.001861572266,0.001861572266
E02807,39.25,21.75,2018-01-23T15:00:00,2018-01-23T15:00:00,2018-01-23T16:00:00,1,6,wet_snow,6,wet_snow,0,1,3.289215088,3.289215088,3.289215088,5.033045769,5.033045769,0,0,0,0,0,0,0.003326416016,0.003326416016
E02347,39.5,22,2014-12-29T21:00:00,2014-12-29T21:00:00,2014-12-29T22:00:00,1,6,wet_snow,6,wet_snow,0,1,3.411773682,3.411773682,3.411773682,5.020381927,5.020381927,0.003433227539,0.003433227539,0.003433227539,0.003433227539,0.003433227539,0.003433227539,0.09796142578,0.09796142578
E00312,40.25,22,2012-02-12T15:00:00,2012-02-12T15:00:00,2012-02-12T16:00:00,1,6,wet_snow,6,wet_snow,0,1,0.7296447754,0.7296447754,0.7296447754,5.017151833,5.017151833,0.003433227539,0.003433227539,0.003433227539,0,0,0,0.0920715332,0.0920715332
E02515,39.5,22.5,2015-02-10T21:00:00,2015-02-10T21:00:00,2015-02-10T22:00:00,1,6,wet_snow,6,wet_snow,0,1,2.061187744,2.061187744,2.061187744,5.010493279,5.010493279,0.0008583068848,0.0008583068848,0.0008583068848,0.0002145767212,0.0002145767212,0.0002145767212,0.001922607422,0.001922607422
E01637,40,22.75,2017-01-27T11:00:00,2017-01-27T11:00:00,2017-01-27T12:00:00,1,6,wet_snow,6,wet_snow,0,1,3.034576416,3.034576416,3.034576416,5.004920959,5.004920959,0,0,0,0,0,0,0.01995849609,0.01995849609
E00650,40.25,22.25,2016-12-21T23:00:00,2016-12-21T23:00:00,2016-12-22T00:00:00,1,3,freezing_rain,3,freezing_rain,1,0,-2.563079834,-2.563079834,-2.563079834,4.998000145,4.998000145,0.003004074097,0.003004074097,0.003004074097,0.002360343933,0.002360343933,0.002360343933,0.02294921875,0.02294921875
E02037,39.75,22.25,2019-01-11T06:00:00,2019-01-11T06:00:00,2019-01-11T07:00:00,1,3,freezing_rain,3,freezing_rain,1,0,0.909576416,0.909576416,0.909576416,4.990562439,4.990562439,0.0008583068848,0.0008583068848,0.0008583068848,0.0001072883606,0.0001072883606,0.0001072883606,0.0001831054688,0.0001831054688
E00579,40.25,22.25,2012-02-05T06:00:00,2012-02-05T06:00:00,2012-02-05T07:00:00,1,3,freezing_rain,3,freezing_rain,1,0,-0.1851501465,-0.1851501465,-0.1851501465,4.960036278,4.960036278,0.002574920654,0.002574920654,0.002574920654,0,0,0,0.01504516602,0.01504516602
E01088,40,22,2012-12-09T16:00:00,2012-12-09T16:00:00,2012-12-09T17:00:00,1,6,wet_snow,6,wet_snow,0,1,2.314117432,2.314117432,2.314117432,4.959269524,4.959269524,0.4609107971,0.4609107971,0.4609107971,0.307059288,0.307059288,0.307059288,0.1211242676,0.1211242676
E03033,39.25,22.25,2015-01-05T03:00:00,2015-01-05T03:00:00,2015-01-05T04:00:00,1,6,wet_snow,6,wet_snow,0,1,3.835235596,3.835235596,3.835235596,4.951551437,4.951551437,0,0,0,0,0,0,0.02328491211,0.02328491211
E00300,40.25,22,2012-01-25T07:00:00,2012-01-25T07:00:00,2012-01-25T08:00:00,1,3,freezing_rain,3,freezing_rain,1,0,2.161895752,2.161895752,2.161895752,4.950081825,4.950081825,0.07553100586,0.07553100586,0.07553100586,0,0,0,0.033203125,0.033203125
E02580,39.5,22.75,2012-01-26T02:00:00,2012-01-26T02:00:00,2012-01-26T03:00:00,1,6,wet_snow,6,wet_snow,0,1,2.130279541,2.130279541,2.130279541,4.948904037,4.948904037,0,0,0,0,0,0,0.004547119141,0.004547119141
E00182,40.25,21.75,2017-01-27T11:00:00,2017-01-27T11:00:00,2017-01-27T12:00:00,1,6,wet_snow,6,wet_snow,0,1,2.018951416,2.018951416,2.018951416,4.935585022,4.935585022,0,0,0,0,0,0,0.005798339844,0.005798339844
E00920,40,21.75,2015-02-04T01:00:00,2015-02-04T01:00:00,2015-02-04T02:00:00,1,6,wet_snow,6,wet_snow,0,1,1.280670166,1.280670166,1.280670166,4.935235023,4.935235023,0,0,0,0,0,0,0.002471923828,0.002471923828
E02624,39.5,22.75,2016-01-19T10:00:00,2016-01-19T10:00:00,2016-01-19T11:00:00,1,6,wet_snow,6,wet_snow,0,1,4.260528564,4.260528564,4.260528564,4.933414459,4.933414459,0,0,0,0.0001072883606,0.0001072883606,0.0001072883606,0.003387451172,0.003387451172
E01136,40,22,2014-01-29T03:00:00,2014-01-29T03:00:00,2014-01-29T04:00:00,1,3,freezing_rain,3,freezing_rain,1,0,-0.2566833496,-0.2566833496,-0.2566833496,4.918880463,4.918880463,0.0008583068848,0.0008583068848,0.0008583068848,0,0,0,0.02670288086,0.02670288086
E01572,40,22.5,2017-01-27T11:00:00,2017-01-27T11:00:00,2017-01-27T12:00:00,1,6,wet_snow,6,wet_snow,0,1,1.909576416,1.909576416,1.909576416,4.915077209,4.915077209,0.00171661377,0.00171661377,0.00171661377,0.0001072883606,0.0001072883606,0.0001072883606,0.03094482422,0.03094482422
E01367,40,22.25,2014-01-27T14:00:00,2014-01-27T14:00:00,2014-01-27T15:00:00,1,6,wet_snow,6,wet_snow,0,1,3.00881958,3.00881958,3.00881958,4.912008286,4.912008286,0,0,0,0,0,0,0.006530761719,0.006530761719
E00524,40.25,22,2019-02-07T06:00:00,2019-02-07T06:00:00,2019-02-07T07:00:00,1,6,wet_snow,6,wet_snow,0,1,3.153961182,3.153961182,3.153961182,4.911922455,4.911922455,0.06866455078,0.06866455078,0.06866455078,0.02650022507,0.02650022507,0.02650022507,0.1380004883,0.1380004883
E01363,40,22.25,2013-12-18T13:00:00,2013-12-18T13:00:00,2013-12-18T14:00:00,1,6,wet_snow,6,wet_snow,0,1,5.721832275,5.721832275,5.721832275,4.893917084,4.893917084,0,0,0,0,0,0,0.005828857422,0.005828857422
E01144,40,22,2014-02-01T23:00:00,2014-02-01T23:00:00,2014-02-02T00:00:00,1,3,freezing_rain,3,freezing_rain,1,0,2.317169189,2.317169189,2.317169189,4.892424583,4.892424583,0.01373291016,0.01373291016,0.01373291016,0.0103533268,0.0103533268,0.0103533268,0.07760620117,0.07760620117
E02490,39.5,22.5,2012-02-01T08:00:00,2012-02-01T08:00:00,2012-02-01T09:00:00,1,6,wet_snow,6,wet_snow,0,1,-0.2543640137,-0.2543640137,-0.2543640137,4.890501022,4.890501022,0.01802444458,0.01802444458,0.01802444458,0.0182390213,0.0182390213,0.0182390213,0.02658081055,0.02658081055
E01399,40,22.25,2016-01-03T12:00:00,2016-01-03T12:00:00,2016-01-03T13:00:00,1,6,wet_snow,6,wet_snow,0,1,1.712554932,1.712554932,1.712554932,4.890369415,4.890369415,3.378295898,3.378295898,3.378295898,2.455240488,2.455240488,2.455240488,0.2390441895,0.2390441895
E02623,39.5,22.75,2016-01-19T08:00:00,2016-01-19T08:00:00,2016-01-19T09:00:00,1,6,wet_snow,6,wet_snow,0,1,2.290313721,2.290313721,2.290313721,4.885242462,4.885242462,0.0004291534424,0.0004291534424,0.0004291534424,0.0003218650818,0.0003218650818,0.0003218650818,0.0005187988281,0.0005187988281
E00137,40.25,21.75,2015-12-17T04:00:00,2015-12-17T04:00:00,2015-12-17T05:00:00,1,6,wet_snow,6,wet_snow,0,1,2.686676025,2.686676025,2.686676025,4.876842499,4.876842499,0.04892349243,0.04892349243,0.04892349243,0.0296652317,0.0296652317,0.0296652317,0.04241943359,0.04241943359
E01140,40,22,2014-02-01T13:00:00,2014-02-01T13:00:00,2014-02-01T14:00:00,1,6,wet_snow,6,wet_snow,0,1,3.106719971,3.106719971,3.106719971,4.873950958,4.873950958,0.003433227539,0.003433227539,0.003433227539,0,0,0,0.03082275391,0.03082275391
E02035,39.75,22.25,2019-01-09T18:00:00,2019-01-09T18:00:00,2019-01-09T19:00:00,1,3,freezing_rain,3,freezing_rain,1,0,0.3302307129,0.3302307129,0.3302307129,4.859354019,4.859354019,1.193475723,1.193475723,1.193475723,0.3323793411,0.3323793411,0.3323793411,0.04504394531,0.04504394531
E01629,40,22.75,2016-01-23T19:00:00,2016-01-23T19:00:00,2016-01-23T20:00:00,1,6,wet_snow,6,wet_snow,0,1,3.101470947,3.101470947,3.101470947,4.857513428,4.857513428,0.00171661377,0.00171661377,0.00171661377,0,0,0,0.008911132812,0.008911132812
E00713,40.25,22.25,2019-01-11T08:00:00,2019-01-11T08:00:00,2019-01-11T09:00:00,1,3,freezing_rain,3,freezing_rain,1,0,0.187286377,0.187286377,0.187286377,4.851666451,4.851666451,0.0004291534424,0.0004291534424,0.0004291534424,0.0002682209015,0.0002682209015,0.0002682209015,0.008697509766,0.008697509766
E00064,40.25,21.75,2013-02-10T04:00:00,2013-02-10T04:00:00,2013-02-10T05:00:00,1,6,wet_snow,6,wet_snow,0,1,1.482330322,1.482330322,1.482330322,4.850436211,4.850436211,0.02446174622,0.02446174622,0.02446174622,0.001180171967,0.001180171967,0.001180171967,0.009582519531,0.009582519531
E00884,40,21.75,2013-02-20T07:00:00,2013-02-20T07:00:00,2013-02-20T08:00:00,1,6,wet_snow,6,wet_snow,0,1,-0.4707946777,-0.4707946777,-0.4707946777,4.845413208,4.845413208,0,0,0,0.0001072883606,0.0001072883606,0.0001072883606,0.01309204102,0.01309204102
E02563,39.5,22.5,2019-02-13T09:00:00,2019-02-13T09:00:00,2019-02-13T10:00:00,1,6,wet_snow,6,wet_snow,0,1,4.296905518,4.296905518,4.296905518,4.842071533,4.842071533,0.2720832825,0.2720832825,0.2720832825,0.205886364,0.205886364,0.205886364,0.07989501953,0.07989501953
E02087,39.75,22.5,2015-01-06T08:00:00,2015-01-06T08:00:00,2015-01-06T09:00:00,1,6,wet_snow,6,wet_snow,0,1,2.717437744,2.717437744,2.717437744,4.840828896,4.840828896,0,0,0,0.0002145767212,0.0002145767212,0.0002145767212,0,0
E02057,39.75,22.5,2012-01-10T07:00:00,2012-01-10T07:00:00,2012-01-10T08:00:00,1,6,wet_snow,6,wet_snow,0,1,2.780181885,2.780181885,2.780181885,4.838989258,4.838989258,0,0,0,0.0001072883606,0.0001072883606,0.0001072883606,0.002380371094,0.002380371094
E02939,39.25,22,2016-12-09T20:00:00,2016-12-09T20:00:00,2016-12-09T21:00:00,1,6,wet_snow,6,wet_snow,0,1,-0.3477478027,-0.3477478027,-0.3477478027,4.838311195,4.838311195,0,0,0,0,0,0,0.001190185547,0.001190185547
E02355,39.5,22,2015-02-11T07:00:00,2015-02-11T07:00:00,2015-02-11T08:00:00,1,6,wet_snow,6,wet_snow,0,1,1.088043213,1.088043213,1.088043213,4.827615738,4.827615738,0,0,0,5.36441803e-05,5.36441803e-05,5.36441803e-05,0.002044677734,0.002044677734
E03123,39.25,22.5,2012-01-08T00:00:00,2012-01-08T00:00:00,2012-01-08T01:00:00,1,6,wet_snow,6,wet_snow,0,1,3.685211182,3.685211182,3.685211182,4.821082115,4.821082115,0,0,0,0,0,0,0.001129150391,0.001129150391
E01122,40,22,2013-02-19T23:00:00,2013-02-19T23:00:00,2013-02-20T00:00:00,1,3,freezing_rain,3,freezing_rain,1,0,0.4024963379,0.4024963379,0.4024963379,4.820878983,4.820878983,0.0008583068848,0.0008583068848,0.0008583068848,0,0,0,0.01989746094,0.01989746094
E01345,40,22.25,2013-01-26T18:00:00,2013-01-26T18:00:00,2013-01-26T19:00:00,1,6,wet_snow,6,wet_snow,0,1,2.907012939,2.907012939,2.907012939,4.815407753,4.815407753,0.03004074097,0.03004074097,0.03004074097,0.01459121704,0.01459121704,0.01459121704,0.1526489258,0.1526489258
E00601,40.25,22.25,2013-01-11T05:00:00,2013-01-11T05:00:00,2013-01-11T06:00:00,1,3,freezing_rain,3,freezing_rain,1,0,0.6783752441,0.6783752441,0.6783752441,4.810239792,4.810239792,0.0111579895,0.0111579895,0.0111579895,0,0,0,0.04638671875,0.04638671875
E00072,40.25,21.75,2013-02-19T05:00:00,2013-02-19T05:00:00,2013-02-19T06:00:00,1,6,wet_snow,6,wet_snow,0,1,2.422393799,2.422393799,2.422393799,4.810148239,4.810148239,0.9110927582,0.9110927582,0.9110927582,0.6966233253,0.6966233253,0.6966233253,0.04476928711,0.04476928711
E01200,40,22,2017-01-22T15:00:00,2017-01-22T15:00:00,2017-01-22T16:00:00,1,6,wet_snow,6,wet_snow,0,1,2.891021729,2.891021729,2.891021729,4.807944298,4.807944298,0,0,0,0,0,0,0.006805419922,0.006805419922
E01414,40,22.25,2016-12-21T02:00:00,2016-12-21T02:00:00,2016-12-21T03:00:00,1,3,freezing_rain,3,freezing_rain,1,0,-1.188568115,-1.188568115,-1.188568115,4.803918839,4.803918839,0.08583068848,0.08583068848,0.08583068848,0.0002145767212,0.0002145767212,0.0002145767212,0.07818603516,0.07818603516
E02341,39.5,22,2012-02-29T06:00:00,2012-02-29T06:00:00,2012-02-29T07:00:00,1,6,wet_snow,6,wet_snow,0,1,-0.174407959,-0.174407959,-0.174407959,4.803544998,4.803544998,0.005149841309,0.005149841309,0.005149841309,0.005257129669,0.005257129669,0.005257129669,0.0007629394531,0.0007629394531
E01830,39.75,22,2012-12-06T04:00:00,2012-12-06T04:00:00,2012-12-06T05:00:00,1,6,wet_snow,6,wet_snow,0,1,3.407012939,3.407012939,3.407012939,4.802275658,4.802275658,0.01373291016,0.01373291016,0.01373291016,0,0,0,0.01089477539,0.01089477539
E00150,40.25,21.75,2016-12-07T07:00:00,2016-12-07T07:00:00,2016-12-07T08:00:00,1,6,wet_snow,6,wet_snow,0,1,0.04434204102,0.04434204102,0.04434204102,4.801665306,4.801665306,0,0,0,0,0,0,0.0006408691406,0.0006408691406
E00883,40,21.75,2013-02-20T02:00:00,2013-02-20T02:00:00,2013-02-20T03:00:00,1,3,freezing_rain,3,freezing_rain,1,0,-0.2425231934,-0.2425231934,-0.2425231934,4.79937458,4.79937458,0.0008583068848,0.0008583068848,0.0008583068848,0,0,0,0.02075195312,0.02075195312
E02203,39.5,21.75,2012-01-12T07:00:00,2012-01-12T07:00:00,2012-01-12T08:00:00,1,6,wet_snow,6,wet_snow,0,1,0.08145141602,0.08145141602,0.08145141602,4.796121597,4.796121597,0,0,0,0,0,0,0.01049804688,0.01049804688
E02808,39.25,21.75,2018-01-23T19:00:00,2018-01-23T19:00:00,2018-01-23T20:00:00,1,6,wet_snow,6,wet_snow,0,1,2.108062744,2.108062744,2.108062744,4.781373978,4.781373978,0.09999275208,0.09999275208,0.09999275208,0.096398592,0.096398592,0.096398592,0.01748657227,0.01748657227
E01408,40,22.25,2016-01-27T02:00:00,2016-01-27T02:00:00,2016-01-27T03:00:00,1,3,freezing_rain,3,freezing_rain,1,0,0.2899475098,0.2899475098,0.2899475098,4.774355888,4.774355888,0.004291534424,0.004291534424,0.004291534424,0,0,0,0.02099609375,0.02099609375
E01907,39.75,22,2019-01-09T18:00:00,2019-01-09T18:00:00,2019-01-09T19:00:00,1,3,freezing_rain,3,freezing_rain,1,0,0.4396057129,0.4396057129,0.4396057129,4.771463394,4.771463394,1.370716095,1.370716095,1.370716095,0.718832016,0.718832016,0.718832016,0.03900146484,0.03900146484
E02283,39.5,21.75,2017-12-19T05:00:00,2017-12-19T05:00:00,2017-12-19T06:00:00,1,6,wet_snow,6,wet_snow,0,1,0.3014221191,0.3014221191,0.3014221191,4.754446983,4.754446983,0.0008583068848,0.0008583068848,0.0008583068848,0.0003218650818,0.0003218650818,0.0003218650818,0.03840637207,0.03840637207
E00704,40.25,22.25,2018-12-18T00:00:00,2018-12-18T00:00:00,2018-12-18T01:00:00,1,6,wet_snow,6,wet_snow,0,1,2.113433838,2.113433838,2.113433838,4.753938675,4.753938675,0.4514694214,0.4514694214,0.4514694214,0.3965377808,0.3965377808,0.3965377808,0.03518676758,0.03518676758
E03019,39.25,22.25,2012-02-16T07:00:00,2012-02-16T07:00:00,2012-02-16T08:00:00,1,6,wet_snow,6,wet_snow,0,1,0.634185791,0.634185791,0.634185791,4.749031067,4.749031067,0.006866455078,0.006866455078,0.006866455078,0.006544589996,0.006544589996,0.006544589996,0.001098632812,0.001098632812
E02228,39.5,21.75,2013-01-13T06:00:00,2013-01-13T06:00:00,2013-01-13T07:00:00,1,6,wet_snow,6,wet_snow,0,1,-1.326263428,-1.326263428,-1.326263428,4.742576599,4.742576599,0,0,0,5.36441803e-05,5.36441803e-05,5.36441803e-05,0.002197265625,0.002197265625
E00870,40,21.75,2012-12-30T05:00:00,2012-12-30T05:00:00,2012-12-30T06:00:00,1,6,wet_snow,6,wet_snow,0,1,3.885894775,3.885894775,3.885894775,4.729387283,4.729387283,0.02961158752,0.02961158752,0.02961158752,0.002038478851,0.002038478851,0.002038478851,0.09332275391,0.09332275391
E01952,39.75,22.25,2012-02-13T23:00:00,2012-02-13T23:00:00,2012-02-14T00:00:00,1,3,freezing_rain,3,freezing_rain,1,0,0.3377990723,0.3377990723,0.3377990723,4.712649345,4.712649345,0.0004291534424,0.0004291534424,0.0004291534424,0,0,0,0,0
E02727,39.25,21.75,2014-12-29T17:00:00,2014-12-29T17:00:00,2014-12-29T18:00:00,1,6,wet_snow,6,wet_snow,0,1,1.671539307,1.671539307,1.671539307,4.696090698,4.696090698,0.1098632812,0.1098632812,0.1098632812,0.09516477585,0.09516477585,0.09516477585,0.2118530273,0.2118530273
E02911,39.25,22,2015-01-19T04:00:00,2015-01-19T04:00:00,2015-01-19T05:00:00,1,3,freezing_rain,3,freezing_rain,1,0,1.570465088,1.570465088,1.570465088,4.69308567,4.69308567,0.0004291534424,0.0004291534424,0.0004291534424,0,0,0,0.009185791016,0.009185791016
E03020,39.25,22.25,2012-02-16T20:00:00,2012-02-16T20:00:00,2012-02-16T21:00:00,1,6,wet_snow,6,wet_snow,0,1,1.506011963,1.506011963,1.506011963,4.691527367,4.691527367,0,0,0,0,0,0,0.0009155273438,0.0009155273438
E02912,39.25,22,2015-01-19T06:00:00,2015-01-19T06:00:00,2015-01-19T07:00:00,1,3,freezing_rain,3,freezing_rain,1,0,1.457427979,1.457427979,1.457427979,4.646989822,4.646989822,0.0004291534424,0.0004291534424,0.0004291534424,0,0,0,0.04147338867,0.04147338867
E02967,39.25,22,2018-12-21T03:00:00,2018-12-21T03:00:00,2018-12-21T04:00:00,1,3,freezing_rain,3,freezing_rain,1,0,-0.3138122559,-0.3138122559,-0.3138122559,4.638982773,4.638982773,0.0004291534424,0.0004291534424,0.0004291534424,0.0002145767212,0.0002145767212,0.0002145767212,0.008087158203,0.008087158203
E00087,40.25,21.75,2014-01-17T04:00:00,2014-01-17T04:00:00,2014-01-17T05:00:00,1,3,freezing_rain,3,freezing_rain,1,0,0.3661193848,0.3661193848,0.3661193848,4.613145828,4.613145828,0.0008583068848,0.0008583068848,0.0008583068848,0.000536441803,0.000536441803,0.000536441803,0.004760742188,0.004760742188
E02092,39.75,22.5,2015-02-11T17:00:00,2015-02-11T17:00:00,2015-02-11T18:00:00,1,6,wet_snow,6,wet_snow,0,1,1.730377197,1.730377197,1.730377197,4.608840942,4.608840942,0,0,0,0,0,0,0.0008850097656,0.0008850097656
E02916,39.25,22,2015-02-12T08:00:00,2015-02-12T08:00:00,2015-02-12T09:00:00,1,6,wet_snow,6,wet_snow,0,1,1.784332275,1.784332275,1.784332275,4.604902267,4.604902267,0.0004291534424,0.0004291534424,0.0004291534424,0.0008046627045,0.0008046627045,0.0008046627045,0.01440429688,0.01440429688
E01724,39.75,21.75,2016-12-15T18:00:00,2016-12-15T18:00:00,2016-12-15T19:00:00,1,6,wet_snow,6,wet_snow,0,1,4.839752197,4.839752197,4.839752197,4.59449482,4.59449482,0.00171661377,0.00171661377,0.00171661377,0.001072883606,0.001072883606,0.001072883606,0.08706665039,0.08706665039
E00607,40.25,22.25,2013-02-12T06:00:00,2013-02-12T06:00:00,2013-02-12T07:00:00,1,6,wet_snow,6,wet_snow,0,1,1.102203369,1.102203369,1.102203369,4.594175339,4.594175339,0,0,0,5.36441803e-05,5.36441803e-05,5.36441803e-05,0.04949951172,0.04949951172
E01688,39.75,21.75,2013-12-17T07:00:00,2013-12-17T07:00:00,2013-12-17T08:00:00,1,6,wet_snow,6,wet_snow,0,1,0.7291564941,0.7291564941,0.7291564941,4.587890625,4.587890625,0.0008583068848,0.0008583068848,0.0008583068848,0.0007510185242,0.0007510185242,0.0007510185242,0.03942871094,0.03942871094
E02272,39.5,21.75,2017-01-16T03:00:00,2017-01-16T03:00:00,2017-01-16T04:00:00,1,6,wet_snow,6,wet_snow,0,1,1.244415283,1.244415283,1.244415283,4.576444626,4.576444626,1.805019379,1.805019379,1.805019379,1.501393318,1.501393318,1.501393318,0.3902893066,0.3902893066
E00147,40.25,21.75,2016-01-28T02:00:00,2016-01-28T02:00:00,2016-01-28T03:00:00,1,3,freezing_rain,3,freezing_rain,1,0,-0.08847045898,-0.08847045898,-0.08847045898,4.565138817,4.565138817,0,0,0,0,0,0,0.006439208984,0.006439208984
E00242,40.25,21.75,2019-01-11T10:00:00,2019-01-11T10:00:00,2019-01-11T11:00:00,1,6,wet_snow,6,wet_snow,0,1,2.228179932,2.228179932,2.228179932,4.562047005,4.562047005,0.0008583068848,0.0008583068848,0.0008583068848,0.0006437301636,0.0006437301636,0.0006437301636,0.01110839844,0.01110839844
E00424,40.25,22,2016-01-21T09:00:00,2016-01-21T09:00:00,2016-01-21T10:00:00,1,6,wet_snow,6,wet_snow,0,1,0.6815490723,0.6815490723,0.6815490723,4.55585289,4.55585289,0,0,0,0,0,0,0.007476806641,0.007476806641
E01998,39.75,22.25,2016-12-16T07:00:00,2016-12-16T07:00:00,2016-12-16T08:00:00,1,6,wet_snow,6,wet_snow,0,1,1.851226807,1.851226807,1.851226807,4.550686836,4.550686836,0.1270294189,0.1270294189,0.1270294189,0.03261566162,0.03261566162,0.03261566162,0.1814575195,0.1814575195
E02367,39.5,22,2016-01-23T08:00:00,2016-01-23T08:00:00,2016-01-23T09:00:00,1,6,wet_snow,6,wet_snow,0,1,3.356719971,3.356719971,3.356719971,4.540934563,4.540934563,0.06437301636,0.06437301636,0.06437301636,0.05943775177,0.05943775177,0.05943775177,0.1416320801,0.1416320801
E01181,40,22,2016-12-15T17:00:00,2016-12-15T17:00:00,2016-12-15T18:00:00,1,6,wet_snow,6,wet_snow,0,1,4.063995361,4.063995361,4.063995361,4.514468193,4.514468193,0.02660751343,0.02660751343,0.02660751343,0.02220869064,0.02220869064,0.02220869064,0.1124267578,0.1124267578
E01742,39.75,21.75,2017-01-16T23:00:00,2017-01-16T23:00:00,2017-01-17T00:00:00,1,6,wet_snow,6,wet_snow,0,1,0.8146057129,0.8146057129,0.8146057129,4.49641037,4.49641037,0.6720542908,0.6720542908,0.6720542908,0.5531787872,0.5531787872,0.5531787872,0.05502319336,0.05502319336
E02875,39.25,22,2012-01-12T08:00:00,2012-01-12T08:00:00,2012-01-12T09:00:00,1,6,wet_snow,6,wet_snow,0,1,3.282745361,3.282745361,3.282745361,4.492909431,4.492909431,0,0,0,0,0,0,0.004058837891,0.004058837891
E02966,39.25,22,2018-12-21T01:00:00,2018-12-21T01:00:00,2018-12-21T02:00:00,1,3,freezing_rain,3,freezing_rain,1,0,-0.2840270996,-0.2840270996,-0.2840270996,4.48930645,4.48930645,0,0,0,0,0,0,0.01147460938,0.01147460938
E01474,40,22.25,2018-12-14T06:00:00,2018-12-14T06:00:00,2018-12-14T07:00:00,1,3,freezing_rain,3,freezing_rain,1,0,1.57144165,1.57144165,1.57144165,4.487596512,4.487596512,0.009441375732,0.009441375732,0.009441375732,0,0,0,0.01702880859,0.01702880859
E01691,39.75,21.75,2014-01-27T07:00:00,2014-01-27T07:00:00,2014-01-27T08:00:00,1,6,wet_snow,6,wet_snow,0,1,-0.1419372559,-0.1419372559,-0.1419372559,4.486631393,4.486631393,0.0008583068848,0.0008583068848,0.0008583068848,0.0006437301636,0.0006437301636,0.0006437301636,0.001831054688,0.001831054688
E02629,39.5,22.75,2016-01-24T07:00:00,2016-01-24T07:00:00,2016-01-24T08:00:00,1,6,wet_snow,6,wet_snow,0,1,-1.749847412,-1.749847412,-1.749847412,4.472249031,4.472249031,0,0,0,0,0,0,0.003875732422,0.003875732422
E02076,39.75,22.5,2012-02-16T07:00:00,2012-02-16T07:00:00,2012-02-16T08:00:00,1,6,wet_snow,6,wet_snow,0,1,2.151763916,2.151763916,2.151763916,4.465827942,4.465827942,0.005149841309,0.005149841309,0.005149841309,0.005149841309,0.005149841309,0.005149841309,0.01876831055,0.01876831055
E01958,39.75,22.25,2012-12-06T04:00:00,2012-12-06T04:00:00,2012-12-06T05:00:00,1,6,wet_snow,6,wet_snow,0,1,3.582794189,3.582794189,3.582794189,4.464385033,4.464385033,0,0,0,0,0,0,0.01174926758,0.01174926758
E02681,39.25,21.75,2012-12-07T06:00:00,2012-12-07T06:00:00,2012-12-07T07:00:00,1,6,wet_snow,6,wet_snow,0,1,0.3192443848,0.3192443848,0.3192443848,4.459213257,4.459213257,0,0,0,0,0,0,0.001892089844,0.001892089844
E02900,39.25,22,2012-12-12T04:00:00,2012-12-12T04:00:00,2012-12-12T05:00:00,1,3,freezing_rain,3,freezing_rain,1,0,-1.349700928,-1.349700928,-1.349700928,4.457670212,4.457670212,0,0,0,0.0001072883606,0.0001072883606,0.0001072883606,0.01895141602,0.01895141602
E00872,40,21.75,2013-01-03T07:00:00,2013-01-03T07:00:00,2013-01-03T08:00:00,1,3,freezing_rain,3,freezing_rain,1,0,2.760406494,2.760406494,2.760406494,4.427688599,4.427688599,0.0008583068848,0.0008583068848,0.0008583068848,0.0001072883606,0.0001072883606,0.0001072883606,0.01171875,0.01171875
E02892,39.25,22,2012-02-10T16:00:00,2012-02-10T16:00:00,2012-02-10T17:00:00,1,6,wet_snow,6,wet_snow,0,1,0.5270080566,0.5270080566,0.5270080566,4.410445213,4.410445213,0.6711959839,0.6711959839,0.6711959839,0.6231307983,0.6231307983,0.6231307983,0.1373596191,0.1373596191
E00854,40,21.75,2012-12-06T01:00:00,2012-12-06T01:00:00,2012-12-06T02:00:00,1,6,wet_snow,6,wet_snow,0,1,2.162261963,2.162261963,2.162261963,4.389308929,4.389308929,0,0,0,0,0,0,0.01184082031,0.01184082031
E02380,39.5,22,2017-01-14T21:00:00,2017-01-14T21:00:00,2017-01-14T22:00:00,1,3,freezing_rain,3,freezing_rain,1,0,0.2447814941,0.2447814941,0.2447814941,4.383071899,4.383071899,0.004291534424,0.004291534424,0.004291534424,0,0,0,0.003540039062,0.003540039062
E03017,39.25,22.25,2012-02-10T16:00:00,2012-02-10T16:00:00,2012-02-10T17:00:00,1,6,wet_snow,6,wet_snow,0,1,1.708648682,1.708648682,1.708648682,4.380171776,4.380171776,0.4201412201,0.4201412201,0.4201412201,0.3431081772,0.3431081772,0.3431081772,0.09976196289,0.09976196289
E01450,40,22.25,2018-01-15T07:00:00,2018-01-15T07:00:00,2018-01-15T08:00:00,1,6,wet_snow,6,wet_snow,0,1,1.865020752,1.865020752,1.865020752,4.36223793,4.36223793,0.08840560913,0.08840560913,0.08840560913,0.07231235504,0.07231235504,0.07231235504,0.108001709,0.108001709
E02506,39.5,22.5,2013-01-08T10:00:00,2013-01-08T10:00:00,2013-01-08T11:00:00,1,6,wet_snow,6,wet_snow,0,1,3.477081299,3.477081299,3.477081299,4.354976654,4.354976654,0,0,0,0,0,0,0.003143310547,0.003143310547
E00506,40.25,22,2018-12-17T09:00:00,2018-12-17T09:00:00,2018-12-17T10:00:00,1,6,wet_snow,6,wet_snow,0,1,1.639068604,1.639068604,1.639068604,4.354840279,4.354840279,0.1004219055,0.1004219055,0.1004219055,0.1003146172,0.1003146172,0.1003146172,0.02874755859,0.02874755859
E00641,40.25,22.25,2016-01-21T08:00:00,2016-01-21T08:00:00,2016-01-21T09:00:00,1,6,wet_snow,6,wet_snow,0,1,1.613555908,1.613555908,1.613555908,4.332399368,4.332399368,0,0,0,5.36441803e-05,5.36441803e-05,5.36441803e-05,0.007659912109,0.007659912109
E00667,40.25,22.25,2017-01-19T18:00:00,2017-01-19T18:00:00,2017-01-19T19:00:00,1,6,wet_snow,6,wet_snow,0,1,1.417510986,1.417510986,1.417510986,4.324304581,4.324304581,0.1253128052,0.1253128052,0.1253128052,0.1216650009,0.1216650009,0.1216650009,0.1314849854,0.1314849854
E00639,40.25,22.25,2016-01-19T13:00:00,2016-01-19T13:00:00,2016-01-19T14:00:00,1,6,wet_snow,6,wet_snow,0,1,0.4188537598,0.4188537598,0.4188537598,4.323111534,4.323111534,0,0,0,0,0,0,0.001281738281,0.001281738281
E03041,39.25,22.25,2015-02-12T08:00:00,2015-02-12T08:00:00,2015-02-12T09:00:00,1,6,wet_snow,6,wet_snow,0,1,2.784332275,2.784332275,2.784332275,4.31291008,4.31291008,0.0008583068848,0.0008583068848,0.0008583068848,0.001126527786,0.001126527786,0.001126527786,0.01654052734,0.01654052734
E00928,40,21.75,2015-12-10T08:00:00,2015-12-10T08:00:00,2015-12-10T09:00:00,1,6,wet_snow,6,wet_snow,0,1,2.335113525,2.335113525,2.335113525,4.30801487,4.30801487,0,0,0,0,0,0,0.04718017578,0.04718017578
E01571,40,22.5,2017-01-27T07:00:00,2017-01-27T07:00:00,2017-01-27T08:00:00,1,6,wet_snow,6,wet_snow,0,1,-2.075531006,-2.075531006,-2.075531006,4.297551155,4.297551155,0.01459121704,0.01459121704,0.01459121704,0.01480579376,0.01480579376,0.01480579376,0.03540039062,0.03540039062
E01932,39.75,22.25,2012-01-10T08:00:00,2012-01-10T08:00:00,2012-01-10T09:00:00,1,6,wet_snow,6,wet_snow,0,1,4.173126221,4.173126221,4.173126221,4.291816711,4.291816711,0,0,0,0,0,0,0.003570556641,0.003570556641
E01189,40,22,2017-01-14T21:00:00,2017-01-14T21:00:00,2017-01-14T22:00:00,1,3,freezing_rain,3,freezing_rain,1,0,2.125640869,2.125640869,2.125640869,4.285415649,4.285415649,0.01544952393,0.01544952393,0.01544952393,0,0,0,0.0001220703125,0.0001220703125
E00071,40.25,21.75,2013-02-18T06:00:00,2013-02-18T06:00:00,2013-02-18T07:00:00,1,6,wet_snow,6,wet_snow,0,1,2.38772583,2.38772583,2.38772583,4.28438282,4.28438282,0.0506401062,0.0506401062,0.0506401062,0.04194974899,0.04194974899,0.04194974899,0.05749511719,0.05749511719
E02952,39.25,22,2017-01-16T05:00:00,2017-01-16T05:00:00,2017-01-16T06:00:00,1,6,wet_snow,6,wet_snow,0,1,1.398590088,1.398590088,1.398590088,4.279918671,4.279918671,1.66425705,1.66425705,1.66425705,1.367390156,1.367390156,1.367390156,0.1801147461,0.1801147461
E00707,40.25,22.25,2018-12-18T22:00:00,2018-12-18T22:00:00,2018-12-18T23:00:00,1,6,wet_snow,6,wet_snow,0,1,0.7988586426,0.7988586426,0.7988586426,4.274535179,4.274535179,0.0253200531,0.0253200531,0.0253200531,0.0212430954,0.0212430954,0.0212430954,0.02801513672,0.02801513672
E01870,39.75,22,2016-12-16T07:00:00,2016-12-16T07:00:00,2016-12-16T08:00:00,1,6,wet_snow,6,wet_snow,0,1,1.493804932,1.493804932,1.493804932,4.259671211,4.259671211,0.05235671997,0.05235671997,0.05235671997,0.05289316177,0.05289316177,0.05289316177,0.1959228516,0.1959228516
E01929,39.75,22.25,2012-01-07T01:00:00,2012-01-07T01:00:00,2012-01-07T02:00:00,1,6,wet_snow,6,wet_snow,0,1,3.002593994,3.002593994,3.002593994,4.257147789,4.257147789,0.331735611,0.331735611,0.331735611,0.1899003983,0.1899003983,0.1899003983,0.04513549805,0.04513549805
E02796,39.25,21.75,2017-12-19T09:00:00,2017-12-19T09:00:00,2017-12-19T10:00:00,1,6,wet_snow,6,wet_snow,0,1,3.056793213,3.056793213,3.056793213,4.242697716,4.242697716,0.0004291534424,0.0004291534424,0.0004291534424,5.36441803e-05,5.36441803e-05,5.36441803e-05,0.01055908203,0.01055908203
E02129,39.75,22.5,2017-12-22T19:00:00,2017-12-22T19:00:00,2017-12-22T20:00:00,1,6,wet_snow,6,wet_snow,0,1,2.869537354,2.869537354,2.869537354,4.239276886,4.239276886,0.1682281494,0.1682281494,0.1682281494,0.1671552658,0.1671552658,0.1671552658,0.03213500977,0.03213500977
E01891,39.75,22,2017-12-18T22:00:00,2017-12-18T22:00:00,2017-12-18T23:00:00,1,3,freezing_rain,3,freezing_rain,1,0,1.158355713,1.158355713,1.158355713,4.237102509,4.237102509,0.01029968262,0.01029968262,0.01029968262,0,0,0,0.01184082031,0.01184082031
E01102,40,22,2013-01-10T15:00:00,2013-01-10T15:00:00,2013-01-10T16:00:00,1,6,wet_snow,6,wet_snow,0,1,3.892364502,3.892364502,3.892364502,4.226270676,4.226270676,0,0,0,0,0,0,0.07119750977,0.07119750977
E02381,39.5,22,2017-01-15T08:00:00,2017-01-15T08:00:00,2017-01-15T09:00:00,1,3,freezing_rain,3,freezing_rain,1,0,-0.8050231934,-0.8050231934,-0.8050231934,4.220341682,4.220341682,0.0008583068848,0.0008583068848,0.0008583068848,0.0002145767212,0.0002145767212,0.0002145767212,0.001220703125,0.001220703125
E01970,39.75,22.25,2015-01-06T08:00:00,2015-01-06T08:00:00,2015-01-06T09:00:00,1,6,wet_snow,6,wet_snow,0,1,1.715484619,1.715484619,1.715484619,4.218758583,4.218758583,0.00171661377,0.00171661377,0.00171661377,0.002145767212,0.002145767212,0.002145767212,0.0007629394531,0.0007629394531
E01852,39.75,22,2015-12-31T12:00:00,2015-12-31T12:00:00,2015-12-31T13:00:00,1,6,wet_snow,6,wet_snow,0,1,1.748809814,1.748809814,1.748809814,4.218523979,4.218523979,0.3381729126,0.3381729126,0.3381729126,0.338280201,0.338280201,0.338280201,0.06015014648,0.06015014648
E01774,39.75,21.75,2018-12-21T03:00:00,2018-12-21T03:00:00,2018-12-21T04:00:00,1,3,freezing_rain,3,freezing_rain,1,0,-0.9036560059,-0.9036560059,-0.9036560059,4.214178085,4.214178085,0,0,0,0.0001072883606,0.0001072883606,0.0001072883606,0.008880615234,0.008880615234
E01866,39.75,22,2016-01-25T08:00:00,2016-01-25T08:00:00,2016-01-25T09:00:00,1,6,wet_snow,6,wet_snow,0,1,2.915924072,2.915924072,2.915924072,4.208398819,4.208398819,0,0,0,5.36441803e-05,5.36441803e-05,5.36441803e-05,0.001892089844,0.001892089844
E00890,40,21.75,2013-12-18T08:00:00,2013-12-18T08:00:00,2013-12-18T09:00:00,1,6,wet_snow,6,wet_snow,0,1,2.267852783,2.267852783,2.267852783,4.204628944,4.204628944,0.0004291534424,0.0004291534424,0.0004291534424,0.0002145767212,0.0002145767212,0.0002145767212,0.001007080078,0.001007080078
E00428,40.25,22,2016-01-27T06:00:00,2016-01-27T06:00:00,2016-01-27T07:00:00,1,3,freezing_rain,3,freezing_rain,1,0,-0.5699157715,-0.5699157715,-0.5699157715,4.198563576,4.198563576,0,0,0,0,0,0,0.006652832031,0.006652832031
E00088,40.25,21.75,2014-01-17T06:00:00,2014-01-17T06:00:00,2014-01-17T07:00:00,1,3,freezing_rain,3,freezing_rain,1,0,0.03799438477,0.03799438477,0.03799438477,4.192290306,4.192290306,0,0,0,0.0001072883606,0.0001072883606,0.0001072883606,0.01016235352,0.01016235352
E02000,39.75,22.25,2016-12-17T07:00:00,2016-12-17T07:00:00,2016-12-17T08:00:00,1,6,wet_snow,6,wet_snow,0,1,1.080718994,1.080718994,1.080718994,4.191596031,4.191596031,0.2819538116,0.2819538116,0.2819538116,0.2021312714,0.2021312714,0.2021312714,0.1253051758,0.1253051758
E01091,40,22,2012-12-19T06:00:00,2012-12-19T06:00:00,2012-12-19T07:00:00,1,3,freezing_rain,3,freezing_rain,1,0,2.257354736,2.257354736,2.257354736,4.188567162,4.188567162,0.01673698425,0.01673698425,0.01673698425,0,0,0,0.07257080078,0.07257080078
E02023,39.75,22.25,2017-12-23T08:00:00,2017-12-23T08:00:00,2017-12-23T09:00:00,1,6,wet_snow,6,wet_snow,0,1,4.607818604,4.607818604,4.607818604,4.186745644,4.186745644,0,0,0,0,0,0,0.004730224609,0.004730224609
E02345,39.5,22,2013-12-15T07:00:00,2013-12-15T07:00:00,2013-12-15T08:00:00,1,3,freezing_rain,3,freezing_rain,1,0,-1.229827881,-1.229827881,-1.229827881,4.172235489,4.172235489,0,0,0,0,0,0,0.001190185547,0.001190185547
E03133,39.25,22.5,2012-01-29T20:00:00,2012-01-29T20:00:00,2012-01-29T21:00:00,1,6,wet_snow,6,wet_snow,0,1,2.945343018,2.945343018,2.945343018,4.164022446,4.164022446,0.08325576782,0.08325576782,0.08325576782,0.06356835365,0.06356835365,0.06356835365,0.1278686523,0.1278686523
E03000,39.25,22.25,2012-01-12T08:00:00,2012-01-12T08:00:00,2012-01-12T09:00:00,1,6,wet_snow,6,wet_snow,0,1,3.640167236,3.640167236,3.640167236,4.161854744,4.161854744,0,0,0,0,0,0,0.002105712891,0.002105712891
E01017,40,21.75,2019-01-11T09:00:00,2019-01-11T09:00:00,2019-01-11T10:00:00,1,6,wet_snow,6,wet_snow,0,1,0.915802002,0.915802002,0.915802002,4.151608467,4.151608467,0.00171661377,0.00171661377,0.00171661377,0.001502037048,0.001502037048,0.001502037048,0.01019287109,0.01019287109
E01981,39.75,22.25,2016-01-01T10:00:00,2016-01-01T10:00:00,2016-01-01T11:00:00,1,6,wet_snow,6,wet_snow,0,1,2.281036377,2.281036377,2.281036377,4.146535873,4.146535873,0.0008583068848,0.0008583068848,0.0008583068848,0.0009655952454,0.0009655952454,0.0009655952454,0.006317138672,0.006317138672
E02264,39.5,21.75,2016-12-22T07:00:00,2016-12-22T07:00:00,2016-12-22T08:00:00,1,6,wet_snow,6,wet_snow,0,1,-0.6441345215,-0.6441345215,-0.6441345215,4.145334244,4.145334244,0.004720687866,0.004720687866,0.004720687866,0.004506111145,0.004506111145,0.004506111145,0.1707763672,0.1707763672
E03186,39.25,22.5,2016-12-23T07:00:00,2016-12-23T07:00:00,2016-12-23T08:00:00,1,6,wet_snow,6,wet_snow,0,1,-0.8907165527,-0.8907165527,-0.8907165527,4.13602066,4.13602066,0.00171661377,0.00171661377,0.00171661377,0.001394748688,0.001394748688,0.001394748688,0.004516601562,0.004516601562
E01169,40,22,2015-12-17T16:00:00,2015-12-17T16:00:00,2015-12-17T17:00:00,1,6,wet_snow,6,wet_snow,0,1,4.375152588,4.375152588,4.375152588,4.121764183,4.121764183,0.003433227539,0.003433227539,0.003433227539,0,0,0,0.003173828125,0.003173828125
E01925,39.75,22,2020-01-21T08:00:00,2020-01-21T08:00:00,2020-01-21T09:00:00,1,6,wet_snow,6,wet_snow,0,1,1.880645752,1.880645752,1.880645752,4.102161407,4.102161407,0,0,0,0,0,0,0.01211547852,0.01211547852
E01429,40,22.25,2017-01-22T14:00:00,2017-01-22T14:00:00,2017-01-22T15:00:00,1,6,wet_snow,6,wet_snow,0,1,2.112945557,2.112945557,2.112945557,4.099126816,4.099126816,0,0,0,0,0,0,0.005828857422,0.005828857422
E01721,39.75,21.75,2016-01-24T09:00:00,2016-01-24T09:00:00,2016-01-24T10:00:00,1,6,wet_snow,6,wet_snow,0,1,0.5649719238,0.5649719238,0.5649719238,4.091423988,4.091423988,0,0,0,5.36441803e-05,5.36441803e-05,5.36441803e-05,0.009063720703,0.009063720703
E02463,39.5,22.25,2019-01-03T21:00:00,2019-01-03T21:00:00,2019-01-03T22:00:00,1,6,wet_snow,6,wet_snow,0,1,1.839263916,1.839263916,1.839263916,4.089514732,4.089514732,0.3210067749,0.3210067749,0.3210067749,0.2106070518,0.2106070518,0.2106070518,0.001708984375,0.001708984375
E01735,39.75,21.75,2017-01-13T10:00:00,2017-01-13T10:00:00,2017-01-13T11:00:00,1,6,wet_snow,6,wet_snow,0,1,2.140533447,2.140533447,2.140533447,4.067183495,4.067183495,0.001287460327,0.001287460327,0.001287460327,5.36441803e-05,5.36441803e-05,5.36441803e-05,0.01412963867,0.01412963867
E02664,39.25,21.75,2012-02-03T09:00:00,2012-02-03T09:00:00,2012-02-03T10:00:00,1,6,wet_snow,6,wet_snow,0,1,1.515289307,1.515289307,1.515289307,4.047622681,4.047622681,0.4042625427,0.4042625427,0.4042625427,0.2411842346,0.2411842346,0.2411842346,0.1000976562,0.1000976562
E02081,39.75,22.5,2012-12-11T03:00:00,2012-12-11T03:00:00,2012-12-11T04:00:00,1,6,wet_snow,6,wet_snow,0,1,-0.3645935059,-0.3645935059,-0.3645935059,4.042657852,4.042657852,0,0,0,0,0,0,0.009826660156,0.009826660156
E03115,39.25,22.25,2020-01-02T07:00:00,2020-01-02T07:00:00,2020-01-02T08:00:00,1,6,wet_snow,6,wet_snow,0,1,0.9103088379,0.9103088379,0.9103088379,4.041490555,4.041490555,0.002145767212,0.002145767212,0.002145767212,0.001931190491,0.001931190491,0.001931190491,0.033203125,0.033203125
E01564,40,22.5,2016-01-23T19:00:00,2016-01-23T19:00:00,2016-01-23T20:00:00,1,6,wet_snow,6,wet_snow,0,1,-0.5762634277,-0.5762634277,-0.5762634277,4.037200928,4.037200928,0.0008583068848,0.0008583068848,0.0008583068848,0.0007510185242,0.0007510185242,0.0007510185242,0.004638671875,0.004638671875
E02658,39.25,21.75,2012-01-14T19:00:00,2012-01-14T19:00:00,2012-01-14T20:00:00,1,6,wet_snow,6,wet_snow,0,1,1.295562744,1.295562744,1.295562744,4.031779289,4.031779289,0.1596450806,0.1596450806,0.1596450806,0.1464486122,0.1464486122,0.1464486122,0.2210693359,0.2210693359
E02103,39.75,22.5,2016-01-19T12:00:00,2016-01-19T12:00:00,2016-01-19T13:00:00,1,6,wet_snow,6,wet_snow,0,1,4.171905518,4.171905518,4.171905518,4.030928612,4.030928612,0,0,0,0,0,0,0.008270263672,0.008270263672
E02209,39.5,21.75,2012-01-29T07:00:00,2012-01-29T07:00:00,2012-01-29T08:00:00,1,6,wet_snow,6,wet_snow,0,1,1.486114502,1.486114502,1.486114502,4.026111603,4.026111603,0.4338741302,0.4338741302,0.4338741302,0.3883838654,0.3883838654,0.3883838654,0.2975463867,0.2975463867
E02721,39.25,21.75,2014-02-04T15:00:00,2014-02-04T15:00:00,2014-02-04T16:00:00,1,6,wet_snow,6,wet_snow,0,1,1.883209229,1.883209229,1.883209229,4.024489403,4.024489403,0.1248836517,0.1248836517,0.1248836517,0.07714033127,0.07714033127,0.07714033127,0.267578125,0.267578125
E01090,40,22,2012-12-18T21:00:00,2012-12-18T21:00:00,2012-12-18T22:00:00,1,6,wet_snow,6,wet_snow,0,1,1.910675049,1.910675049,1.910675049,4.023179054,4.023179054,0.1841068268,0.1841068268,0.1841068268,0.1459121704,0.1459121704,0.1459121704,0.1724243164,0.1724243164
E01174,40,22,2016-01-24T15:00:00,2016-01-24T15:00:00,2016-01-24T16:00:00,1,6,wet_snow,6,wet_snow,0,1,1.722686768,1.722686768,1.722686768,4.023136139,4.023136139,0,0,0,0,0,0,0.006042480469,0.006042480469
E01505,40,22.25,2020-01-20T02:00:00,2020-01-20T02:00:00,2020-01-20T03:00:00,1,6,wet_snow,6,wet_snow,0,1,2.371368408,2.371368408,2.371368408,4.018280983,4.018280983,0.1287460327,0.1287460327,0.1287460327,0.06340742111,0.06340742111,0.06340742111,0.1895751953,0.1895751953
E03217,39.25,22.5,2019-01-09T09:00:00,2019-01-09T09:00:00,2019-01-09T10:00:00,1,6,wet_snow,6,wet_snow,0,1,-1.474212646,-1.474212646,-1.474212646,4.015827179,4.015827179,0.0283241272,0.0283241272,0.0283241272,0.02864599228,0.02864599228,0.02864599228,0.03384399414,0.03384399414
E01962,39.75,22.25,2013-01-25T05:00:00,2013-01-25T05:00:00,2013-01-25T06:00:00,1,3,freezing_rain,3,freezing_rain,1,0,0.8844299316,0.8844299316,0.8844299316,4.002579689,4.002579689,0.006437301636,0.006437301636,0.006437301636,0,0,0,0.0004272460938,0.0004272460938
E03279,39.25,22.75,2015-01-08T06:00:00,2015-01-08T06:00:00,2015-01-08T07:00:00,1,6,wet_snow,6,wet_snow,0,1,-1.930023193,-1.930023193,-1.930023193,3.996380806,3.996380806,0,0,0,0,0,0,0.007019042969,0.007019042969
E01355,40,22.25,2013-02-19T16:00:00,2013-02-19T16:00:00,2013-02-19T17:00:00,1,6,wet_snow,6,wet_snow,0,1,3.708892822,3.708892822,3.708892822,3.99296093,3.99296093,0.04205703735,0.04205703735,0.04205703735,0.02446174622,0.02446174622,0.02446174622,0.05294799805,0.05294799805
E03295,39.25,22.75,2015-02-19T02:00:00,2015-02-19T02:00:00,2015-02-19T03:00:00,1,6,wet_snow,6,wet_snow,0,1,0.8475646973,0.8475646973,0.8475646973,3.97977066,3.97977066,0.005149841309,0.005149841309,0.005149841309,0.002360343933,0.002360343933,0.002360343933,0.003326416016,0.003326416016
E00364,40.25,22,2013-02-28T06:00:00,2013-02-28T06:00:00,2013-02-28T07:00:00,1,6,wet_snow,6,wet_snow,0,1,2.346710205,2.346710205,2.346710205,3.972623825,3.972623825,0.1570701599,0.1570701599,0.1570701599,0.1124382019,0.1124382019,0.1124382019,0.1268005371,0.1268005371
E01904,39.75,22,2019-01-05T15:00:00,2019-01-05T15:00:00,2019-01-05T16:00:00,1,6,wet_snow,6,wet_snow,0,1,0.3575744629,0.3575744629,0.3575744629,3.963197708,3.963197708,0.0008583068848,0.0008583068848,0.0008583068848,0.000536441803,0.000536441803,0.000536441803,0,0
E03146,39.25,22.5,2012-02-16T07:00:00,2012-02-16T07:00:00,2012-02-16T08:00:00,1,6,wet_snow,6,wet_snow,0,1,0.907623291,0.907623291,0.907623291,3.951179504,3.951179504,0.007724761963,0.007724761963,0.007724761963,0.008153915405,0.008153915405,0.008153915405,0,0
E02965,39.25,22,2018-12-20T23:00:00,2018-12-20T23:00:00,2018-12-21T00:00:00,1,3,freezing_rain,3,freezing_rain,1,0,-1.830169678,-1.830169678,-1.830169678,3.947887421,3.947887421,0,0,0,0,0,0,0.006225585938,0.006225585938
E02942,39.25,22,2016-12-17T18:00:00,2016-12-17T18:00:00,2016-12-17T19:00:00,1,3,freezing_rain,3,freezing_rain,1,0,-1.963226318,-1.963226318,-1.963226318,3.944324493,3.944324493,0.0004291534424,0.0004291534424,0.0004291534424,0.0003218650818,0.0003218650818,0.0003218650818,0.007598876953,0.007598876953
E02982,39.25,22,2019-02-24T17:00:00,2019-02-24T17:00:00,2019-02-24T18:00:00,1,6,wet_snow,6,wet_snow,0,1,-0.4578552246,-0.4578552246,-0.4578552246,3.940079689,3.940079689,0.05149841309,0.05149841309,0.05149841309,0.05171298981,0.05171298981,0.05171298981,0.07205200195,0.07205200195
E00945,40,21.75,2016-12-17T14:00:00,2016-12-17T14:00:00,2016-12-17T15:00:00,1,6,wet_snow,6,wet_snow,0,1,4.14541626,4.14541626,4.14541626,3.939953804,3.939953804,0.01544952393,0.01544952393,0.01544952393,0,0,0,0.007080078125,0.007080078125
E02578,39.5,22.5,2020-02-09T07:00:00,2020-02-09T07:00:00,2020-02-09T08:00:00,1,3,freezing_rain,3,freezing_rain,1,0,-2.544769287,-2.544769287,-2.544769287,3.918896675,3.918896675,0,0,0,0,0,0,0.02676391602,0.02676391602
E00211,40.25,21.75,2018-01-23T18:00:00,2018-01-23T18:00:00,2018-01-23T19:00:00,1,6,wet_snow,6,wet_snow,0,1,2.166534424,2.166534424,2.166534424,3.916155815,3.916155815,0.022315979,0.022315979,0.022315979,0.02253055573,0.02253055573,0.02253055573,0.000732421875,0.000732421875
E03321,39.25,22.75,2019-01-04T07:00:00,2019-01-04T07:00:00,2019-01-04T08:00:00,1,6,wet_snow,6,wet_snow,0,1,0.4269104004,0.4269104004,0.4269104004,3.913316727,3.913316727,0.04205703735,0.04205703735,0.04205703735,0.04162788391,0.04162788391,0.04162788391,0.05798339844,0.05798339844
E02399,39.5,22,2020-01-02T06:00:00,2020-01-02T06:00:00,2020-01-02T07:00:00,1,6,wet_snow,6,wet_snow,0,1,0.2618713379,0.2618713379,0.2618713379,3.899853706,3.899853706,0,0,0,0,0,0,0.004638671875,0.004638671875
E02346,39.5,22,2014-01-05T06:00:00,2014-01-05T06:00:00,2014-01-05T07:00:00,1,6,wet_snow,6,wet_snow,0,1,1.807769775,1.807769775,1.807769775,3.897924423,3.897924423,0,0,0,0,0,0,0.002868652344,0.002868652344
E02901,39.25,22,2012-12-12T06:00:00,2012-12-12T06:00:00,2012-12-12T07:00:00,1,3,freezing_rain,3,freezing_rain,1,0,-2.035736084,-2.035736084,-2.035736084,3.891689301,3.891689301,0,0,0,0,0,0,0.08627319336,0.08627319336
E03129,39.25,22.5,2012-01-27T07:00:00,2012-01-27T07:00:00,2012-01-27T08:00:00,1,6,wet_snow,6,wet_snow,0,1,1.921295166,1.921295166,1.921295166,3.891115189,3.891115189,0,0,0,5.36441803e-05,5.36441803e-05,5.36441803e-05,0.0002136230469,0.0002136230469
E00151,40.25,21.75,2016-12-07T22:00:00,2016-12-07T22:00:00,2016-12-07T23:00:00,1,6,wet_snow,6,wet_snow,0,1,1.52053833,1.52053833,1.52053833,3.889744759,3.889744759,0.03991127014,0.03991127014,0.03991127014,0.02360343933,0.02360343933,0.02360343933,0.2481079102,0.2481079102
E02611,39.5,22.75,2015-01-08T10:00:00,2015-01-08T10:00:00,2015-01-08T11:00:00,1,6,wet_snow,6,wet_snow,0,1,4.225250244,4.225250244,4.225250244,3.883889198,3.883889198,0,0,0,0,0,0,0.001342773438,0.001342773438
E00855,40,21.75,2012-12-06T06:00:00,2012-12-06T06:00:00,2012-12-06T07:00:00,1,6,wet_snow,6,wet_snow,0,1,1.738189697,1.738189697,1.738189697,3.874806404,3.874806404,0.4201412201,0.4201412201,0.4201412201,0.2261638641,0.2261638641,0.2261638641,0.007568359375,0.007568359375
E01836,39.75,22,2013-12-11T02:00:00,2013-12-11T02:00:00,2013-12-11T03:00:00,1,3,freezing_rain,3,freezing_rain,1,0,0.952545166,0.952545166,0.952545166,3.874148369,3.874148369,0.1420497894,0.1420497894,0.1420497894,0.002253055573,0.002253055573,0.002253055573,0.04284667969,0.04284667969
E00259,40.25,21.75,2019-12-02T04:00:00,2019-12-02T04:00:00,2019-12-02T05:00:00,1,6,wet_snow,6,wet_snow,0,1,-2.250091553,-2.250091553,-2.250091553,3.87170887,3.87170887,0,0,0,0,0,0,0.003356933594,0.003356933594
E01982,39.75,22.25,2016-01-04T06:00:00,2016-01-04T06:00:00,2016-01-04T07:00:00,1,3,freezing_rain,3,freezing_rain,1,0,1.74307251,1.74307251,1.74307251,3.865829468,3.865829468,0.005149841309,0.005149841309,0.005149841309,0,0,0,0.01132202148,0.01132202148
E01368,40,22.25,2014-01-27T16:00:00,2014-01-27T16:00:00,2014-01-27T17:00:00,1,6,wet_snow,6,wet_snow,0,1,1.587677002,1.587677002,1.587677002,3.858503342,3.858503342,0,0,0,0,0,0,0.0007019042969,0.0007019042969
E02621,39.5,22.75,2016-01-01T08:00:00,2016-01-01T08:00:00,2016-01-01T09:00:00,1,6,wet_snow,6,wet_snow,0,1,-0.01962280273,-0.01962280273,-0.01962280273,3.834933281,3.834933281,0.0008583068848,0.0008583068848,0.0008583068848,0.0007510185242,0.0007510185242,0.0007510185242,0.007690429688,0.007690429688
E00221,40.25,21.75,2018-02-17T07:00:00,2018-02-17T07:00:00,2018-02-17T08:00:00,1,6,wet_snow,6,wet_snow,0,1,-1.298187256,-1.298187256,-1.298187256,3.830985069,3.830985069,0,0,0,0,0,0,0.005523681641,0.005523681641
E00489,40.25,22,2018-01-25T09:00:00,2018-01-25T09:00:00,2018-01-25T10:00:00,1,6,wet_snow,6,wet_snow,0,1,-0.3870544434,-0.3870544434,-0.3870544434,3.82116127,3.82116127,0,0,0,0.0001072883606,0.0001072883606,0.0001072883606,0.002471923828,0.002471923828
E00747,40.25,22.5,2012-02-09T19:00:00,2012-02-09T19:00:00,2012-02-09T20:00:00,1,6,wet_snow,6,wet_snow,0,1,-0.8702087402,-0.8702087402,-0.8702087402,3.81812191,3.81812191,0.1111507416,0.1111507416,0.1111507416,0.1101851463,0.1101851463,0.1101851463,0.0588684082,0.0588684082
E02521,39.5,22.5,2015-02-18T14:00:00,2015-02-18T14:00:00,2015-02-18T15:00:00,1,6,wet_snow,6,wet_snow,0,1,4.756256104,4.756256104,4.756256104,3.816946983,3.816946983,0,0,0,0.0001072883606,0.0001072883606,0.0001072883606,0.02426147461,0.02426147461
E02352,39.5,22,2015-01-19T04:00:00,2015-01-19T04:00:00,2015-01-19T05:00:00,1,3,freezing_rain,3,freezing_rain,1,0,1.978668213,1.978668213,1.978668213,3.815155983,3.815155983,0.0008583068848,0.0008583068848,0.0008583068848,0,0,0,0.008758544922,0.008758544922
E01965,39.75,22.25,2013-12-11T07:00:00,2013-12-11T07:00:00,2013-12-11T08:00:00,1,6,wet_snow,6,wet_snow,0,1,0.4559631348,0.4559631348,0.4559631348,3.81183815,3.81183815,0.05235671997,0.05235671997,0.05235671997,0.03942847252,0.03942847252,0.03942847252,0.08297729492,0.08297729492
E01854,39.75,22,2016-01-04T06:00:00,2016-01-04T06:00:00,2016-01-04T07:00:00,1,3,freezing_rain,3,freezing_rain,1,0,1.026275635,1.026275635,1.026275635,3.807235718,3.807235718,0.0008583068848,0.0008583068848,0.0008583068848,0,0,0,0.005401611328,0.005401611328
E03104,39.25,22.25,2019-02-15T06:00:00,2019-02-15T06:00:00,2019-02-15T07:00:00,1,6,wet_snow,6,wet_snow,0,1,1.998687744,1.998687744,1.998687744,3.802895546,3.802895546,0,0,0,0,0,0,0.009643554688,0.009643554688
E02423,39.5,22.25,2014-12-29T21:00:00,2014-12-29T21:00:00,2014-12-29T22:00:00,1,6,wet_snow,6,wet_snow,0,1,4.403961182,4.403961182,4.403961182,3.792842865,3.792842865,0.0008583068848,0.0008583068848,0.0008583068848,0,0,0,0.1096801758,0.1096801758
E01397,40,22.25,2015-12-11T21:00:00,2015-12-11T21:00:00,2015-12-11T22:00:00,1,6,wet_snow,6,wet_snow,0,1,2.73916626,2.73916626,2.73916626,3.784162521,3.784162521,0.005149841309,0.005149841309,0.005149841309,0.002574920654,0.002574920654,0.002574920654,0.03475952148,0.03475952148
E01459,40,22.25,2018-02-11T23:00:00,2018-02-11T23:00:00,2018-02-12T00:00:00,1,6,wet_snow,6,wet_snow,0,1,3.418365479,3.418365479,3.418365479,3.780543327,3.780543327,0.2729415894,0.2729415894,0.2729415894,0.04227161407,0.04227161407,0.04227161407,0.04528808594,0.04528808594
E00953,40,21.75,2017-01-13T10:00:00,2017-01-13T10:00:00,2017-01-13T11:00:00,1,6,wet_snow,6,wet_snow,0,1,1.328033447,1.328033447,1.328033447,3.762007713,3.762007713,0,0,0,0,0,0,0.02493286133,0.02493286133
E01853,39.75,22,2016-01-01T10:00:00,2016-01-01T10:00:00,2016-01-01T11:00:00,1,6,wet_snow,6,wet_snow,0,1,1.855255127,1.855255127,1.855255127,3.758840561,3.758840561,0.0008583068848,0.0008583068848,0.0008583068848,0.0007510185242,0.0007510185242,0.0007510185242,0.01333618164,0.01333618164
E00692,40.25,22.25,2018-01-23T18:00:00,2018-01-23T18:00:00,2018-01-23T19:00:00,1,6,wet_snow,6,wet_snow,0,1,2.361846924,2.361846924,2.361846924,3.75795269,3.75795269,0.01373291016,0.01373291016,0.01373291016,0.01351833344,0.01351833344,0.01351833344,0.003692626953,0.003692626953
E00356,40.25,22,2013-02-18T00:00:00,2013-02-18T00:00:00,2013-02-18T01:00:00,1,6,wet_snow,6,wet_snow,0,1,2.237701416,2.237701416,2.237701416,3.740193367,3.740193367,0.02489089966,0.02489089966,0.02489089966,0.02446174622,0.02446174622,0.02446174622,0.06951904297,0.06951904297
E00409,40.25,22,2015-02-13T08:00:00,2015-02-13T08:00:00,2015-02-13T09:00:00,1,6,wet_snow,6,wet_snow,0,1,2.015411377,2.015411377,2.015411377,3.738658905,3.738658905,0,0,0,0,0,0,0.003784179688,0.003784179688
E00276,40.25,21.75,2020-01-20T01:00:00,2020-01-20T01:00:00,2020-01-20T02:00:00,1,6,wet_snow,6,wet_snow,0,1,2.036529541,2.036529541,2.036529541,3.736893654,3.736893654,0.009441375732,0.009441375732,0.009441375732,0.0004291534424,0.0004291534424,0.0004291534424,0.05889892578,0.05889892578
E01914,39.75,22,2019-02-16T05:00:00,2019-02-16T05:00:00,2019-02-16T06:00:00,1,3,freezing_rain,3,freezing_rain,1,0,2.272247314,2.272247314,2.272247314,3.731719971,3.731719971,0.006008148193,0.006008148193,0.006008148193,0.0002145767212,0.0002145767212,0.0002145767212,0.007904052734,0.007904052734
E01994,39.75,22.25,2016-01-25T08:00:00,2016-01-25T08:00:00,2016-01-25T09:00:00,1,6,wet_snow,6,wet_snow,0,1,3.193267822,3.193267822,3.193267822,3.728906631,3.728906631,0.0008583068848,0.0008583068848,0.0008583068848,0.0009119510651,0.0009119510651,0.0009119510651,0.003784179688,0.003784179688
E00202,40.25,21.75,2018-01-07T04:00:00,2018-01-07T04:00:00,2018-01-07T05:00:00,1,3,freezing_rain,3,freezing_rain,1,0,-0.1817321777,-0.1817321777,-0.1817321777,3.728471756,3.728471756,0,0,0,0,0,0,3.051757812e-05,3.051757812e-05
E03214,39.25,22.5,2019-01-02T01:00:00,2019-01-02T01:00:00,2019-01-02T02:00:00,1,6,wet_snow,6,wet_snow,0,1,0.7691955566,0.7691955566,0.7691955566,3.726439476,3.726439476,0,0,0,0,0,0,0.0005187988281,0.0005187988281
E00960,40,21.75,2017-01-19T08:00:00,2017-01-19T08:00:00,2017-01-19T09:00:00,1,6,wet_snow,6,wet_snow,0,1,2.181915283,2.181915283,2.181915283,3.722670555,3.722670555,0.06823539734,0.06823539734,0.06823539734,0.04495382309,0.04495382309,0.04495382309,0.1040649414,0.1040649414
E01837,39.75,22,2013-12-11T07:00:00,2013-12-11T07:00:00,2013-12-11T08:00:00,1,6,wet_snow,6,wet_snow,0,1,-0.003021240234,-0.003021240234,-0.003021240234,3.70246315,3.70246315,0.03519058228,0.03519058228,0.03519058228,0.03561973572,0.03561973572,0.03561973572,0.08010864258,0.08010864258
E02075,39.75,22.5,2012-02-14T02:00:00,2012-02-14T02:00:00,2012-02-14T03:00:00,1,6,wet_snow,6,wet_snow,0,1,1.835357666,1.835357666,1.835357666,3.692575455,3.692575455,0,0,0,0,0,0,0.001525878906,0.001525878906
E00213,40.25,21.75,2018-01-25T09:00:00,2018-01-25T09:00:00,2018-01-25T10:00:00,1,6,wet_snow,6,wet_snow,0,1,0.1813049316,0.1813049316,0.1813049316,3.68834877,3.68834877,0,0,0,0,0,0,0.003753662109,0.003753662109
E02053,39.75,22.25,2020-01-21T08:00:00,2020-01-21T08:00:00,2020-01-21T09:00:00,1,6,wet_snow,6,wet_snow,0,1,2.267364502,2.267364502,2.267364502,3.684192657,3.684192657,0,0,0,0,0,0,0.01364135742,0.01364135742
E03107,39.25,22.25,2019-02-24T17:00:00,2019-02-24T17:00:00,2019-02-24T18:00:00,1,6,wet_snow,6,wet_snow,0,1,1.2550354,1.2550354,1.2550354,3.679337502,3.679337502,0.04076957703,0.04076957703,0.04076957703,0.04109144211,0.04109144211,0.04109144211,0.06048583984,0.06048583984
E01395,40,22.25,2015-02-16T20:00:00,2015-02-16T20:00:00,2015-02-16T21:00:00,1,3,freezing_rain,3,freezing_rain,1,0,2.294952393,2.294952393,2.294952393,3.672505379,3.672505379,0.1519203186,0.1519203186,0.1519203186,0.004076957703,0.004076957703,0.004076957703,0.06286621094,0.06286621094
E01463,40,22.25,2018-02-25T06:00:00,2018-02-25T06:00:00,2018-02-25T07:00:00,1,6,wet_snow,6,wet_snow,0,1,3.338897705,3.338897705,3.338897705,3.670480728,3.670480728,0.5055427551,0.5055427551,0.5055427551,0.3142476082,0.3142476082,0.3142476082,0.3145751953,0.3145751953
E00180,40.25,21.75,2017-01-24T20:00:00,2017-01-24T20:00:00,2017-01-24T21:00:00,1,6,wet_snow,6,wet_snow,0,1,1.158966064,1.158966064,1.158966064,3.666780472,3.666780472,0.2695083618,0.2695083618,0.2695083618,0.2392530441,0.2392530441,0.2392530441,0.05078125,0.05078125
E00531,40.25,22,2019-12-05T04:00:00,2019-12-05T04:00:00,2019-12-05T05:00:00,1,6,wet_snow,6,wet_snow,0,1,0.9847717285,0.9847717285,0.9847717285,3.662064552,3.662064552,0.04806518555,0.04806518555,0.04806518555,0.03057718277,0.03057718277,0.03057718277,0.2258911133,0.2258911133
E00104,40.25,21.75,2014-02-05T04:00:00,2014-02-05T04:00:00,2014-02-05T05:00:00,1,6,wet_snow,6,wet_snow,0,1,2.652374268,2.652374268,2.652374268,3.656784058,3.656784058,0.01544952393,0.01544952393,0.01544952393,0.009119510651,0.009119510651,0.009119510651,0.1979370117,0.1979370117
E00421,40.25,22,2016-01-02T09:00:00,2016-01-02T09:00:00,2016-01-02T10:00:00,1,6,wet_snow,6,wet_snow,0,1,-0.06759643555,-0.06759643555,-0.06759643555,3.651096344,3.651096344,0,0,0,0,0,0,0.0003662109375,0.0003662109375
E00493,40.25,22,2018-02-11T07:00:00,2018-02-11T07:00:00,2018-02-11T08:00:00,1,6,wet_snow,6,wet_snow,0,1,0.9674377441,0.9674377441,0.9674377441,3.64855957,3.64855957,0.3845214844,0.3845214844,0.3845214844,0.365370512,0.365370512,0.365370512,0.1286010742,0.1286010742
E00861,40,21.75,2012-12-12T12:00:00,2012-12-12T12:00:00,2012-12-12T13:00:00,1,6,wet_snow,6,wet_snow,0,1,2.401031494,2.401031494,2.401031494,3.640462875,3.640462875,0,0,0,0,0,0,0.006408691406,0.006408691406
E03029,39.25,22.25,2013-02-20T03:00:00,2013-02-20T03:00:00,2013-02-20T04:00:00,1,3,freezing_rain,3,freezing_rain,1,0,1.365631104,1.365631104,1.365631104,3.634087563,3.634087563,0.0004291534424,0.0004291534424,0.0004291534424,0,0,0,0.000244140625,0.000244140625
E01718,39.75,21.75,2016-01-22T17:00:00,2016-01-22T17:00:00,2016-01-22T18:00:00,1,6,wet_snow,6,wet_snow,0,1,1.205474854,1.205474854,1.205474854,3.624425888,3.624425888,0.01544952393,0.01544952393,0.01544952393,0.01308917999,0.01308917999,0.01308917999,0.140625,0.140625
E00260,40.25,21.75,2019-12-02T07:00:00,2019-12-02T07:00:00,2019-12-02T08:00:00,1,3,freezing_rain,3,freezing_rain,1,0,-1.916351318,-1.916351318,-1.916351318,3.617266655,3.617266655,0.0008583068848,0.0008583068848,0.0008583068848,0,0,0,0.003753662109,0.003753662109
E00882,40,21.75,2013-02-14T03:00:00,2013-02-14T03:00:00,2013-02-14T04:00:00,1,3,freezing_rain,3,freezing_rain,1,0,2.522125244,2.522125244,2.522125244,3.612792969,3.612792969,0.0008583068848,0.0008583068848,0.0008583068848,0.0003218650818,0.0003218650818,0.0003218650818,0.03622436523,0.03622436523
E02628,39.5,22.75,2016-01-24T01:00:00,2016-01-24T01:00:00,2016-01-24T02:00:00,1,6,wet_snow,6,wet_snow,0,1,-0.6990661621,-0.6990661621,-0.6990661621,3.610136032,3.610136032,0.0008583068848,0.0008583068848,0.0008583068848,0.0006437301636,0.0006437301636,0.0006437301636,0.03115844727,0.03115844727
E00410,40.25,22,2015-02-16T18:00:00,2015-02-16T18:00:00,2015-02-16T19:00:00,1,3,freezing_rain,3,freezing_rain,1,0,1.715118408,1.715118408,1.715118408,3.607785225,3.607785225,0.01802444458,0.01802444458,0.01802444458,0.002789497375,0.002789497375,0.002789497375,0.03552246094,0.03552246094
E02293,39.5,21.75,2018-01-24T07:00:00,2018-01-24T07:00:00,2018-01-24T08:00:00,1,6,wet_snow,6,wet_snow,0,1,2.418365479,2.418365479,2.418365479,3.606910706,3.606910706,0.07638931274,0.07638931274,0.07638931274,0.07671117783,0.07671117783,0.07671117783,0.0791015625,0.0791015625
E00323,40.25,22,2012-12-06T09:00:00,2012-12-06T09:00:00,2012-12-06T10:00:00,1,6,wet_snow,6,wet_snow,0,1,3.777984619,3.777984619,3.777984619,3.601646423,3.601646423,0.09956359863,0.09956359863,0.09956359863,0.04044771194,0.04044771194,0.04044771194,0.006317138672,0.006317138672
E02787,39.25,21.75,2017-02-01T00:00:00,2017-02-01T00:00:00,2017-02-01T01:00:00,1,3,freezing_rain,3,freezing_rain,1,0,-2.301361084,-2.301361084,-2.301361084,3.599012375,3.599012375,0,0,0,0.0001072883606,0.0001072883606,0.0001072883606,0.01025390625,0.01025390625
E02109,39.75,22.5,2016-01-24T13:00:00,2016-01-24T13:00:00,2016-01-24T14:00:00,1,6,wet_snow,6,wet_snow,0,1,3.750274658,3.750274658,3.750274658,3.598945618,3.598945618,0,0,0,0,0,0,0.007385253906,0.007385253906
E00084,40.25,21.75,2014-01-08T02:00:00,2014-01-08T02:00:00,2014-01-08T03:00:00,1,6,wet_snow,6,wet_snow,0,1,1.517730713,1.517730713,1.517730713,3.585678101,3.585678101,0.0008583068848,0.0008583068848,0.0008583068848,0.0006437301636,0.0006437301636,0.0006437301636,0.007476806641,0.007476806641
E03224,39.25,22.5,2019-02-15T04:00:00,2019-02-15T04:00:00,2019-02-15T05:00:00,1,6,wet_snow,6,wet_snow,0,1,2.864044189,2.864044189,2.864044189,3.582473755,3.582473755,0.005149841309,0.005149841309,0.005149841309,0.004827976227,0.004827976227,0.004827976227,0.01098632812,0.01098632812
E02906,39.25,22,2014-12-15T06:00:00,2014-12-15T06:00:00,2014-12-15T07:00:00,1,3,freezing_rain,3,freezing_rain,1,0,-0.2796325684,-0.2796325684,-0.2796325684,3.582054138,3.582054138,0,0,0,0,0,0,6.103515625e-05,6.103515625e-05
E02503,39.5,22.5,2012-02-27T23:00:00,2012-02-27T23:00:00,2012-02-28T00:00:00,1,6,wet_snow,6,wet_snow,0,1,3.129547119,3.129547119,3.129547119,3.580353737,3.580353737,0.007295608521,0.007295608521,0.007295608521,0.005847215652,0.005847215652,0.005847215652,0.06289672852,0.06289672852
E01086,40,22,2012-12-06T08:00:00,2012-12-06T08:00:00,2012-12-06T09:00:00,1,6,wet_snow,6,wet_snow,0,1,3.364044189,3.364044189,3.364044189,3.57883358,3.57883358,0.01630783081,0.01630783081,0.01630783081,0.01405477524,0.01405477524,0.01405477524,0.008880615234,0.008880615234
E02323,39.5,21.75,2020-01-21T07:00:00,2020-01-21T07:00:00,2020-01-21T08:00:00,1,6,wet_snow,6,wet_snow,0,1,-2.40536499,-2.40536499,-2.40536499,3.574559212,3.574559212,0,0,0,5.36441803e-05,5.36441803e-05,5.36441803e-05,0.02593994141,0.02593994141
E01022,40,21.75,2019-01-21T03:00:00,2019-01-21T03:00:00,2019-01-21T04:00:00,1,3,freezing_rain,3,freezing_rain,1,0,-0.7198181152,-0.7198181152,-0.7198181152,3.563109398,3.563109398,0,0,0,0,0,0,0.001525878906,0.001525878906
E02353,39.5,22,2015-01-19T06:00:00,2015-01-19T06:00:00,2015-01-19T07:00:00,1,3,freezing_rain,3,freezing_rain,1,0,2.012115479,2.012115479,2.012115479,3.550310135,3.550310135,0.009870529175,0.009870529175,0.009870529175,0,0,0,0.02825927734,0.02825927734
E03225,39.25,22.5,2019-02-15T06:00:00,2019-02-15T06:00:00,2019-02-15T07:00:00,1,6,wet_snow,6,wet_snow,0,1,2.432281494,2.432281494,2.432281494,3.548989296,3.548989296,0,0,0,0.0002145767212,0.0002145767212,0.0002145767212,0.01251220703,0.01251220703
E02231,39.5,21.75,2013-12-11T07:00:00,2013-12-11T07:00:00,2013-12-11T08:00:00,1,6,wet_snow,6,wet_snow,0,1,0.6258850098,0.6258850098,0.6258850098,3.541330338,3.541330338,0.05493164062,0.05493164062,0.05493164062,0.05519986153,0.05519986153,0.05519986153,0.1820983887,0.1820983887
E01228,40,22,2018-01-15T07:00:00,2018-01-15T07:00:00,2018-01-15T08:00:00,1,6,wet_snow,6,wet_snow,0,1,1.921661377,1.921661377,1.921661377,3.539972305,3.539972305,0.06008148193,0.06008148193,0.06008148193,0.04420280457,0.04420280457,0.04420280457,0.08163452148,0.08163452148
E02029,39.75,22.25,2018-12-07T20:00:00,2018-12-07T20:00:00,2018-12-07T21:00:00,1,3,freezing_rain,3,freezing_rain,1,0,-2.107513428,-2.107513428,-2.107513428,3.533535957,3.533535957,0.0008583068848,0.0008583068848,0.0008583068848,0,0,0,0.0008239746094,0.0008239746094
E02456,39.5,22.25,2017-01-14T21:00:00,2017-01-14T21:00:00,2017-01-14T22:00:00,1,3,freezing_rain,3,freezing_rain,1,0,-0.7513122559,-0.7513122559,-0.7513122559,3.533462524,3.533462524,0.0008583068848,0.0008583068848,0.0008583068848,0,0,0,0.003204345703,0.003204345703
E02938,39.25,22,2016-01-25T08:00:00,2016-01-25T08:00:00,2016-01-25T09:00:00,1,6,wet_snow,6,wet_snow,0,1,2.621002197,2.621002197,2.621002197,3.515039444,3.515039444,0,0,0,0,0,0,0.0007934570312,0.0007934570312
E02383,39.5,22,2018-01-28T07:00:00,2018-01-28T07:00:00,2018-01-28T08:00:00,1,6,wet_snow,6,wet_snow,0,1,-1.5887146,-1.5887146,-1.5887146,3.512465477,3.512465477,0.0008583068848,0.0008583068848,0.0008583068848,0,0,0,0.00390625,0.00390625
E03064,39.25,22.25,2016-12-09T20:00:00,2016-12-09T20:00:00,2016-12-09T21:00:00,1,6,wet_snow,6,wet_snow,0,1,0.8338928223,0.8338928223,0.8338928223,3.51213932,3.51213932,0,0,0,0,0,0,0,0
E02824,39.25,21.75,2018-12-12T08:00:00,2018-12-12T08:00:00,2018-12-12T09:00:00,1,6,wet_snow,6,wet_snow,0,1,3.211212158,3.211212158,3.211212158,3.510595322,3.510595322,0,0,0,0,0,0,0.008483886719,0.008483886719
E02344,39.5,22,2013-12-15T01:00:00,2013-12-15T01:00:00,2013-12-15T02:00:00,1,3,freezing_rain,3,freezing_rain,1,0,-2.621917725,-2.621917725,-2.621917725,3.509936333,3.509936333,0.0004291534424,0.0004291534424,0.0004291534424,0,0,0,0.001983642578,0.001983642578
E00133,40.25,21.75,2015-12-10T21:00:00,2015-12-10T21:00:00,2015-12-10T22:00:00,1,6,wet_snow,6,wet_snow,0,1,1.484039307,1.484039307,1.484039307,3.509133339,3.509133339,0.003433227539,0.003433227539,0.003433227539,0.0004291534424,0.0004291534424,0.0004291534424,0.1723937988,0.1723937988
E00210,40.25,21.75,2018-01-23T16:00:00,2018-01-23T16:00:00,2018-01-23T17:00:00,1,6,wet_snow,6,wet_snow,0,1,4.02041626,4.02041626,4.02041626,3.504688263,3.504688263,0,0,0,0,0,0,0.0007629394531,0.0007629394531
E01961,39.75,22.25,2012-12-14T08:00:00,2012-12-14T08:00:00,2012-12-14T09:00:00,1,6,wet_snow,6,wet_snow,0,1,2.229156494,2.229156494,2.229156494,3.502905846,3.502905846,0.0004291534424,0.0004291534424,0.0004291534424,0.0005900859833,0.0005900859833,0.0005900859833,0.03131103516,0.03131103516
E00080,40.25,21.75,2013-12-25T01:00:00,2013-12-25T01:00:00,2013-12-25T02:00:00,1,3,freezing_rain,3,freezing_rain,1,0,1.349273682,1.349273682,1.349273682,3.500242233,3.500242233,0.008583068848,0.008583068848,0.008583068848,0,0,0,0.05377197266,0.05377197266
E01996,39.75,22.25,2016-12-14T14:00:00,2016-12-14T14:00:00,2016-12-14T15:00:00,1,6,wet_snow,6,wet_snow,0,1,4.448272705,4.448272705,4.448272705,3.498483658,3.498483658,0,0,0,0,0,0,0.01058959961,0.01058959961
E02290,39.5,21.75,2017-12-22T15:00:00,2017-12-22T15:00:00,2017-12-22T16:00:00,1,6,wet_snow,6,wet_snow,0,1,1.450958252,1.450958252,1.450958252,3.494539261,3.494539261,0.8162498474,0.8162498474,0.8162498474,0.6811201572,0.6811201572,0.6811201572,0.09365844727,0.09365844727
E00079,40.25,21.75,2013-12-17T18:00:00,2013-12-17T18:00:00,2013-12-17T19:00:00,1,6,wet_snow,6,wet_snow,0,1,1.132965088,1.132965088,1.132965088,3.480327606,3.480327606,0,0,0,0,0,0,0.009887695312,0.009887695312
E02042,39.75,22.25,2019-02-16T05:00:00,2019-02-16T05:00:00,2019-02-16T06:00:00,1,3,freezing_rain,3,freezing_rain,1,0,2.686309814,2.686309814,2.686309814,3.462188721,3.462188721,0.009441375732,0.009441375732,0.009441375732,0,0,0,0.01300048828,0.01300048828
E00140,40.25,21.75,2016-01-02T09:00:00,2016-01-02T09:00:00,2016-01-02T10:00:00,1,6,wet_snow,6,wet_snow,0,1,0.4148254395,0.4148254395,0.4148254395,3.449924469,3.449924469,0,0,0,0,0,0,0.0006408691406,0.0006408691406
E01129,40,22,2013-12-24T17:00:00,2013-12-24T17:00:00,2013-12-24T18:00:00,1,3,freezing_rain,3,freezing_rain,1,0,1.162750244,1.162750244,1.162750244,3.440423012,3.440423012,0.08668899536,0.08668899536,0.08668899536,0,0,0,0.00048828125,0.00048828125
E02562,39.5,22.5,2019-01-15T04:00:00,2019-01-15T04:00:00,2019-01-15T05:00:00,1,3,freezing_rain,3,freezing_rain,1,0,1.807769775,1.807769775,1.807769775,3.438649178,3.438649178,0.003433227539,0.003433227539,0.003433227539,0,0,0,0.0004577636719,0.0004577636719
E00695,40.25,22.25,2018-01-25T08:00:00,2018-01-25T08:00:00,2018-01-25T09:00:00,1,6,wet_snow,6,wet_snow,0,1,0.6617736816,0.6617736816,0.6617736816,3.434825897,3.434825897,0.0004291534424,0.0004291534424,0.0004291534424,0.0004291534424,0.0004291534424,0.0004291534424,0.004669189453,0.004669189453
E03236,39.25,22.5,2020-01-02T05:00:00,2020-01-02T05:00:00,2020-01-02T06:00:00,1,6,wet_snow,6,wet_snow,0,1,1.489654541,1.489654541,1.489654541,3.432088852,3.432088852,0.004291534424,0.004291534424,0.004291534424,0.002896785736,0.002896785736,0.002896785736,0.05615234375,0.05615234375
E03092,39.25,22.25,2018-12-21T03:00:00,2018-12-21T03:00:00,2018-12-21T04:00:00,1,3,freezing_rain,3,freezing_rain,1,0,0.3443908691,0.3443908691,0.3443908691,3.43097496,3.43097496,0.0008583068848,0.0008583068848,0.0008583068848,0,0,0,0.005798339844,0.005798339844
E00107,40.25,21.75,2014-12-19T07:00:00,2014-12-19T07:00:00,2014-12-19T08:00:00,1,3,freezing_rain,3,freezing_rain,1,0,0.4125061035,0.4125061035,0.4125061035,3.415025711,3.415025711,0,0,0,0,0,0,0.006530761719,0.006530761719
E00999,40,21.75,2018-01-26T08:00:00,2018-01-26T08:00:00,2018-01-26T09:00:00,1,6,wet_snow,6,wet_snow,0,1,1.123687744,1.123687744,1.123687744,3.412222862,3.412222862,0.0004291534424,0.0004291534424,0.0004291534424,0.0002145767212,0.0002145767212,0.0002145767212,0.03643798828,0.03643798828
E02351,39.5,22,2015-01-06T06:00:00,2015-01-06T06:00:00,2015-01-06T07:00:00,1,6,wet_snow,6,wet_snow,0,1,-0.3765563965,-0.3765563965,-0.3765563965,3.409451485,3.409451485,0.0004291534424,0.0004291534424,0.0004291534424,0.0006437301636,0.0006437301636,0.0006437301636,3.051757812e-05,3.051757812e-05
E02391,39.5,22,2019-01-10T04:00:00,2019-01-10T04:00:00,2019-01-10T05:00:00,1,3,freezing_rain,3,freezing_rain,1,0,1.821685791,1.821685791,1.821685791,3.401810646,3.401810646,0.03004074097,0.03004074097,0.03004074097,0,0,0,0.0005798339844,0.0005798339844
E00540,40.25,22,2020-01-12T02:00:00,2020-01-12T02:00:00,2020-01-12T03:00:00,1,3,freezing_rain,3,freezing_rain,1,0,1.91885376,1.91885376,1.91885376,3.401099205,3.401099205,0.07853507996,0.07853507996,0.07853507996,0,0,0,0.01916503906,0.01916503906
E03281,39.25,22.75,2015-01-08T11:00:00,2015-01-08T11:00:00,2015-01-08T12:00:00,1,6,wet_snow,6,wet_snow,0,1,4.537506104,4.537506104,4.537506104,3.394589424,3.394589424,0,0,0,0,0,0,0.0009460449219,0.0009460449219
E02019,39.75,22.25,2017-12-18T22:00:00,2017-12-18T22:00:00,2017-12-18T23:00:00,1,3,freezing_rain,3,freezing_rain,1,0,1.031402588,1.031402588,1.031402588,3.380657196,3.380657196,0.006866455078,0.006866455078,0.006866455078,0,0,0,0.006683349609,0.006683349609
E01833,39.75,22,2012-12-14T08:00:00,2012-12-14T08:00:00,2012-12-14T09:00:00,1,6,wet_snow,6,wet_snow,0,1,1.961578369,1.961578369,1.961578369,3.379858971,3.379858971,0.0004291534424,0.0004291534424,0.0004291534424,0.0004827976227,0.0004827976227,0.0004827976227,0.01654052734,0.01654052734
E01716,39.75,21.75,2016-01-21T07:00:00,2016-01-21T07:00:00,2016-01-21T08:00:00,1,6,wet_snow,6,wet_snow,0,1,-1.28427124,-1.28427124,-1.28427124,3.377529144,3.377529144,0.00171661377,0.00171661377,0.00171661377,0.002253055573,0.002253055573,0.002253055573,0.04705810547,0.04705810547
E00186,40.25,21.75,2017-01-31T17:00:00,2017-01-31T17:00:00,2017-01-31T18:00:00,1,6,wet_snow,6,wet_snow,0,1,1.53994751,1.53994751,1.53994751,3.375258446,3.375258446,0,0,0,0,0,0,0.009094238281,0.009094238281
E03097,39.25,22.25,2019-01-07T13:00:00,2019-01-07T13:00:00,2019-01-07T14:00:00,1,6,wet_snow,6,wet_snow,0,1,2.785797119,2.785797119,2.785797119,3.375145912,3.375145912,0.1244544983,0.1244544983,0.1244544983,0.04398822784,0.04398822784,0.04398822784,0.001251220703,0.001251220703
E02130,39.75,22.5,2018-01-25T01:00:00,2018-01-25T01:00:00,2018-01-25T02:00:00,1,6,wet_snow,6,wet_snow,0,1,0.07485961914,0.07485961914,0.07485961914,3.369740486,3.369740486,0.006437301636,0.006437301636,0.006437301636,0.005257129669,0.005257129669,0.005257129669,0.1004638672,0.1004638672
E02421,39.5,22.25,2013-12-15T07:00:00,2013-12-15T07:00:00,2013-12-15T08:00:00,1,3,freezing_rain,3,freezing_rain,1,0,-2.038421631,-2.038421631,-2.038421631,3.368524551,3.368524551,0,0,0,0,0,0,0.005218505859,0.005218505859
E00532,40.25,22,2019-12-05T06:00:00,2019-12-05T06:00:00,2019-12-05T07:00:00,1,6,wet_snow,6,wet_snow,0,1,0.4068908691,0.4068908691,0.4068908691,3.364927292,3.364927292,0.0678062439,0.0678062439,0.0678062439,0.04833340645,0.04833340645,0.04833340645,0.2150268555,0.2150268555
E00895,40,21.75,2014-01-04T05:00:00,2014-01-04T05:00:00,2014-01-04T06:00:00,1,3,freezing_rain,3,freezing_rain,1,0,-0.5098571777,-0.5098571777,-0.5098571777,3.351223946,3.351223946,0,0,0,0,0,0,0.01754760742,0.01754760742
E00550,40.25,22,2020-01-24T06:00:00,2020-01-24T06:00:00,2020-01-24T07:00:00,1,3,freezing_rain,3,freezing_rain,1,0,-2.842132568,-2.842132568,-2.842132568,3.350683212,3.350683212,0.0008583068848,0.0008583068848,0.0008583068848,5.36441803e-05,5.36441803e-05,5.36441803e-05,0.01431274414,0.01431274414
E00376,40.25,22,2014-01-27T16:00:00,2014-01-27T16:00:00,2014-01-27T17:00:00,1,6,wet_snow,6,wet_snow,0,1,1.583770752,1.583770752,1.583770752,3.333112717,3.333112717,0,0,0,0,0,0,0.005401611328,0.005401611328
E02769,39.25,21.75,2017-01-18T01:00:00,2017-01-18T01:00:00,2017-01-18T02:00:00,1,6,wet_snow,6,wet_snow,0,1,1.330352783,1.330352783,1.330352783,3.332823753,3.332823753,0.1128673553,0.1128673553,0.1128673553,0.07606744766,0.07606744766,0.07606744766,0.3567504883,0.3567504883
E01901,39.75,22,2018-12-07T20:00:00,2018-12-07T20:00:00,2018-12-07T21:00:00,1,3,freezing_rain,3,freezing_rain,1,0,-2.931732178,-2.931732178,-2.931732178,3.33138752,3.33138752,0.0008583068848,0.0008583068848,0.0008583068848,0,0,0,0.0006408691406,0.0006408691406
E00245,40.25,21.75,2019-01-21T08:00:00,2019-01-21T08:00:00,2019-01-21T09:00:00,1,6,wet_snow,6,wet_snow,0,1,1.116119385,1.116119385,1.116119385,3.323906898,3.323906898,0.0008583068848,0.0008583068848,0.0008583068848,0.0001072883606,0.0001072883606,0.0001072883606,0.01956176758,0.01956176758
E02962,39.25,22,2018-01-25T07:00:00,2018-01-25T07:00:00,2018-01-25T08:00:00,1,6,wet_snow,6,wet_snow,0,1,-1.364105225,-1.364105225,-1.364105225,3.322869301,3.322869301,0.006437301636,0.006437301636,0.006437301636,0.006437301636,0.006437301636,0.006437301636,0.03335571289,0.03335571289
E00962,40,21.75,2017-01-20T07:00:00,2017-01-20T07:00:00,2017-01-20T08:00:00,1,6,wet_snow,6,wet_snow,0,1,0.6930236816,0.6930236816,0.6930236816,3.317391396,3.317391396,0.1098632812,0.1098632812,0.1098632812,0.06008148193,0.06008148193,0.06008148193,0.1170959473,0.1170959473
E00041,40.25,21.75,2012-12-21T16:00:00,2012-12-21T16:00:00,2012-12-21T17:00:00,1,6,wet_snow,6,wet_snow,0,1,1.09463501,1.09463501,1.09463501,3.310956001,3.310956001,0,0,0,0.0001072883606,0.0001072883606,0.0001072883606,0.002624511719,0.002624511719
E03221,39.25,22.5,2019-01-12T17:00:00,2019-01-12T17:00:00,2019-01-12T18:00:00,1,6,wet_snow,6,wet_snow,0,1,1.502349854,1.502349854,1.502349854,3.309472084,3.309472084,0.0394821167,0.0394821167,0.0394821167,0.03465414047,0.03465414047,0.03465414047,0.07650756836,0.07650756836
E02686,39.25,21.75,2012-12-15T04:00:00,2012-12-15T04:00:00,2012-12-15T05:00:00,1,3,freezing_rain,3,freezing_rain,1,0,-0.5896911621,-0.5896911621,-0.5896911621,3.307037354,3.307037354,0.0008583068848,0.0008583068848,0.0008583068848,0,0,0,0.02890014648,0.02890014648
E02501,39.5,22.5,2012-02-16T07:00:00,2012-02-16T07:00:00,2012-02-16T08:00:00,1,6,wet_snow,6,wet_snow,0,1,0.522857666,0.522857666,0.522857666,3.300788879,3.300788879,0.007724761963,0.007724761963,0.007724761963,0.007510185242,0.007510185242,0.007510185242,0.001068115234,0.001068115234
E01889,39.75,22,2017-02-14T21:00:00,2017-02-14T21:00:00,2017-02-14T22:00:00,1,3,freezing_rain,3,freezing_rain,1,0,-1.180511475,-1.180511475,-1.180511475,3.290534973,3.290534973,0.0004291534424,0.0004291534424,0.0004291534424,0,0,0,0.01934814453,0.01934814453
E01327,40,22.25,2012-12-14T09:00:00,2012-12-14T09:00:00,2012-12-14T10:00:00,1,6,wet_snow,6,wet_snow,0,1,0.3534240723,0.3534240723,0.3534240723,3.288644791,3.288644791,0,0,0,0,0,0,0.007232666016,0.007232666016
E02431,39.5,22.25,2015-02-11T07:00:00,2015-02-11T07:00:00,2015-02-11T08:00:00,1,6,wet_snow,6,wet_snow,0,1,1.220855713,1.220855713,1.220855713,3.287576675,3.287576675,0.00171661377,0.00171661377,0.00171661377,0.001662969589,0.001662969589,0.001662969589,0.002075195312,0.002075195312
E00961,40,21.75,2017-01-19T17:00:00,2017-01-19T17:00:00,2017-01-19T18:00:00,1,6,wet_snow,6,wet_snow,0,1,1.858551025,1.858551025,1.858551025,3.285787582,3.285787582,0.1304626465,0.1304626465,0.1304626465,0.06458759308,0.06458759308,0.06458759308,0.1372070312,0.1372070312
E02038,39.75,22.25,2019-01-12T01:00:00,2019-01-12T01:00:00,2019-01-12T02:00:00,1,6,wet_snow,6,wet_snow,0,1,2.873199463,2.873199463,2.873199463,3.282531738,3.282531738,0.3184318542,0.3184318542,0.3184318542,0.2199411392,0.2199411392,0.2199411392,0.003967285156,0.003967285156
E02814,39.25,21.75,2018-02-26T10:00:00,2018-02-26T10:00:00,2018-02-26T11:00:00,1,6,wet_snow,6,wet_snow,0,1,2.401153564,2.401153564,2.401153564,3.282013893,3.282013893,0.8102416992,0.8102416992,0.8102416992,0.7337450981,0.7337450981,0.7337450981,0.2362670898,0.2362670898
E03169,39.25,22.5,2016-01-01T14:00:00,2016-01-01T14:00:00,2016-01-01T15:00:00,1,6,wet_snow,6,wet_snow,0,1,2.978790283,2.978790283,2.978790283,3.280023575,3.280023575,0,0,0,0,0,0,0.01721191406,0.01721191406
E03077,39.25,22.25,2017-01-16T05:00:00,2017-01-16T05:00:00,2017-01-16T06:00:00,1,6,wet_snow,6,wet_snow,0,1,2.256011963,2.256011963,2.256011963,3.274059296,3.274059296,1.584005356,1.584005356,1.584005356,0.8170008659,0.8170008659,0.8170008659,0.1055908203,0.1055908203
E03203,39.25,22.5,2017-12-20T08:00:00,2017-12-20T08:00:00,2017-12-20T09:00:00,1,6,wet_snow,6,wet_snow,0,1,3.148712158,3.148712158,3.148712158,3.273158073,3.273158073,0,0,0,0,0,0,0.0185546875,0.0185546875
E02252,39.5,21.75,2016-01-01T10:00:00,2016-01-01T10:00:00,2016-01-01T11:00:00,1,6,wet_snow,6,wet_snow,0,1,1.972442627,1.972442627,1.972442627,3.271535873,3.271535873,0.0008583068848,0.0008583068848,0.0008583068848,0.000536441803,0.000536441803,0.000536441803,0.01733398438,0.01733398438
E00902,40,21.75,2014-02-02T20:00:00,2014-02-02T20:00:00,2014-02-02T21:00:00,1,6,wet_snow,6,wet_snow,0,1,2.476715088,2.476715088,2.476715088,3.263173103,3.263173103,0.02703666687,0.02703666687,0.02703666687,0.02070665359,0.02070665359,0.02070665359,0.1983947754,0.1983947754
E01476,40,22.25,2018-12-17T18:00:00,2018-12-17T18:00:00,2018-12-17T19:00:00,1,6,wet_snow,6,wet_snow,0,1,2.446563721,2.446563721,2.446563721,3.260538101,3.260538101,0,0,0,0,0,0,0.05395507812,0.05395507812
E02834,39.25,21.75,2018-12-31T05:00:00,2018-12-31T05:00:00,2018-12-31T06:00:00,1,6,wet_snow,6,wet_snow,0,1,2.313873291,2.313873291,2.313873291,3.255289078,3.255289078,0.1296043396,0.1296043396,0.1296043396,0.09484291077,0.09484291077,0.09484291077,0.1763305664,0.1763305664
E02533,39.5,22.5,2016-12-21T03:00:00,2016-12-21T03:00:00,2016-12-21T04:00:00,1,3,freezing_rain,3,freezing_rain,1,0,-1.62411499,-1.62411499,-1.62411499,3.254820824,3.254820824,0.09441375732,0.09441375732,0.09441375732,0.0001072883606,0.0001072883606,0.0001072883606,0.1567993164,0.1567993164
E00346,40.25,22,2013-01-26T00:00:00,2013-01-26T00:00:00,2013-01-26T01:00:00,1,6,wet_snow,6,wet_snow,0,1,1.101348877,1.101348877,1.101348877,3.251731873,3.251731873,0.1261711121,0.1261711121,0.1261711121,0.09022951126,0.09022951126,0.09022951126,0.06796264648,0.06796264648
E01472,40,22.25,2018-12-13T18:00:00,2018-12-13T18:00:00,2018-12-13T19:00:00,1,3,freezing_rain,3,freezing_rain,1,0,1.44644165,1.44644165,1.44644165,3.238186836,3.238186836,0.05793571472,0.05793571472,0.05793571472,0.002467632294,0.002467632294,0.002467632294,0.1713562012,0.1713562012
E00152,40.25,21.75,2016-12-08T00:00:00,2016-12-08T00:00:00,2016-12-08T01:00:00,1,6,wet_snow,6,wet_snow,0,1,1.595611572,1.595611572,1.595611572,3.237895012,3.237895012,0.07467269897,0.07467269897,0.07467269897,0.03406405449,0.03406405449,0.03406405449,0.2339782715,0.2339782715
E02823,39.25,21.75,2018-12-07T07:00:00,2018-12-07T07:00:00,2018-12-07T08:00:00,1,6,wet_snow,6,wet_snow,0,1,-1.419281006,-1.419281006,-1.419281006,3.230578423,3.230578423,0,0,0,0,0,0,0.02337646484,0.02337646484
E02685,39.25,21.75,2012-12-15T02:00:00,2012-12-15T02:00:00,2012-12-15T03:00:00,1,3,freezing_rain,3,freezing_rain,1,0,-1.419281006,-1.419281006,-1.419281006,3.230453491,3.230453491,0.00171661377,0.00171661377,0.00171661377,0,0,0,0.0139465332,0.0139465332
E02286,39.5,21.75,2017-12-21T11:00:00,2017-12-21T11:00:00,2017-12-21T12:00:00,1,6,wet_snow,6,wet_snow,0,1,0.1058654785,0.1058654785,0.1058654785,3.224513054,3.224513054,1.093482971,1.093482971,1.093482971,0.8959650993,0.8959650993,0.8959650993,0.1726074219,0.1726074219
E02257,39.5,21.75,2016-01-22T07:00:00,2016-01-22T07:00:00,2016-01-22T08:00:00,1,6,wet_snow,6,wet_snow,0,1,0.8594055176,0.8594055176,0.8594055176,3.217057228,3.217057228,0.05750656128,0.05750656128,0.05750656128,0.0571846962,0.0571846962,0.0571846962,0.1974182129,0.1974182129
E02168,39.75,22.75,2015-01-08T07:00:00,2015-01-08T07:00:00,2015-01-08T08:00:00,1,6,wet_snow,6,wet_snow,0,1,1.541900635,1.541900635,1.541900635,3.215829849,3.215829849,0,0,0,0,0,0,0.03680419922,0.03680419922
E02724,39.25,21.75,2014-12-19T06:00:00,2014-12-19T06:00:00,2014-12-19T07:00:00,1,3,freezing_rain,3,freezing_rain,1,0,0.2225646973,0.2225646973,0.2225646973,3.215093613,3.215093613,0,0,0,0,0,0,0.004089355469,0.004089355469
E01860,39.75,22,2016-01-21T07:00:00,2016-01-21T07:00:00,2016-01-21T08:00:00,1,6,wet_snow,6,wet_snow,0,1,-1.14364624,-1.14364624,-1.14364624,3.213466644,3.213466644,0.004291534424,0.004291534424,0.004291534424,0.0035405159,0.0035405159,0.0035405159,0.135345459,0.135345459
E02485,39.5,22.5,2012-01-27T07:00:00,2012-01-27T07:00:00,2012-01-27T08:00:00,1,6,wet_snow,6,wet_snow,0,1,2.048248291,2.048248291,2.048248291,3.212404251,3.212404251,0.0008583068848,0.0008583068848,0.0008583068848,0.0004291534424,0.0004291534424,0.0004291534424,0.001129150391,0.001129150391
E03087,39.25,22.25,2018-01-25T07:00:00,2018-01-25T07:00:00,2018-01-25T08:00:00,1,6,wet_snow,6,wet_snow,0,1,-0.7098083496,-0.7098083496,-0.7098083496,3.211541176,3.211541176,0.006008148193,0.006008148193,0.006008148193,0.005900859833,0.005900859833,0.005900859833,0.01818847656,0.01818847656
E01872,39.75,22,2016-12-17T07:00:00,2016-12-17T07:00:00,2016-12-17T08:00:00,1,6,wet_snow,6,wet_snow,0,1,0.7135314941,0.7135314941,0.7135314941,3.210150719,3.210150719,0.3188610077,0.3188610077,0.3188610077,0.3064155579,0.3064155579,0.3064155579,0.2015686035,0.2015686035
E01165,40,22,2015-12-11T18:00:00,2015-12-11T18:00:00,2015-12-11T19:00:00,1,6,wet_snow,6,wet_snow,0,1,2.95022583,2.95022583,2.95022583,3.20962429,3.20962429,0.0008583068848,0.0008583068848,0.0008583068848,0,0,0,0.01257324219,0.01257324219
E01834,39.75,22,2013-01-25T05:00:00,2013-01-25T05:00:00,2013-01-25T06:00:00,1,3,freezing_rain,3,freezing_rain,1,0,1.187164307,1.187164307,1.187164307,3.209610939,3.209610939,0.01759529114,0.01759529114,0.01759529114,0,0,0,6.103515625e-05,6.103515625e-05
E00273,40.25,21.75,2020-01-14T02:00:00,2020-01-14T02:00:00,2020-01-14T03:00:00,1,3,freezing_rain,3,freezing_rain,1,0,-0.4063415527,-0.4063415527,-0.4063415527,3.201677322,3.201677322,0,0,0,0.0001072883606,0.0001072883606,0.0001072883606,0.0481262207,0.0481262207
E02439,39.5,22.25,2016-01-02T08:00:00,2016-01-02T08:00:00,2016-01-02T09:00:00,1,6,wet_snow,6,wet_snow,0,1,1.261260986,1.261260986,1.261260986,3.199518204,3.199518204,0,0,0,0,0,0,0.007232666016,0.007232666016
E01509,40,22.25,2020-01-24T05:00:00,2020-01-24T05:00:00,2020-01-24T06:00:00,1,3,freezing_rain,3,freezing_rain,1,0,-1.886322021,-1.886322021,-1.886322021,3.198964119,3.198964119,0.00171661377,0.00171661377,0.00171661377,0,0,0,0.03860473633,0.03860473633
E02459,39.5,22.25,2018-01-28T07:00:00,2018-01-28T07:00:00,2018-01-28T08:00:00,1,6,wet_snow,6,wet_snow,0,1,-1.6668396,-1.6668396,-1.6668396,3.194106102,3.194106102,0.00171661377,0.00171661377,0.00171661377,0.0001072883606,0.0001072883606,0.0001072883606,0.01528930664,0.01528930664
E02018,39.75,22.25,2017-02-17T02:00:00,2017-02-17T02:00:00,2017-02-17T03:00:00,1,3,freezing_rain,3,freezing_rain,1,0,-0.4007263184,-0.4007263184,-0.4007263184,3.17361927,3.17361927,0.0004291534424,0.0004291534424,0.0004291534424,0,0,0,3.051757812e-05,3.051757812e-05
E02925,39.25,22,2016-01-03T06:00:00,2016-01-03T06:00:00,2016-01-03T07:00:00,1,3,freezing_rain,3,freezing_rain,1,0,1.398590088,1.398590088,1.398590088,3.170140266,3.170140266,0.1029968262,0.1029968262,0.1029968262,0,0,0,0.06405639648,0.06405639648
E02384,39.5,22,2018-01-31T05:00:00,2018-01-31T05:00:00,2018-01-31T06:00:00,1,3,freezing_rain,3,freezing_rain,1,0,-1.034515381,-1.034515381,-1.034515381,3.167119026,3.167119026,0,0,0,0,0,0,0,0
E01910,39.75,22,2019-01-12T01:00:00,2019-01-12T01:00:00,2019-01-12T02:00:00,1,6,wet_snow,6,wet_snow,0,1,2.713043213,2.713043213,2.713043213,3.166320801,3.166320801,0.3390312195,0.3390312195,0.3390312195,0.28860569,0.28860569,0.28860569,0.01196289062,0.01196289062
E01964,39.75,22.25,2013-12-11T02:00:00,2013-12-11T02:00:00,2013-12-11T03:00:00,1,3,freezing_rain,3,freezing_rain,1,0,1.393951416,1.393951416,1.393951416,3.163210869,3.163210869,0.1944065094,0.1944065094,0.1944065094,0,0,0,0.05880737305,0.05880737305
E00195,40.25,21.75,2017-12-18T16:00:00,2017-12-18T16:00:00,2017-12-18T17:00:00,1,6,wet_snow,6,wet_snow,0,1,1.836334229,1.836334229,1.836334229,3.16231823,3.16231823,0.0283241272,0.0283241272,0.0283241272,0.01072883606,0.01072883606,0.01072883606,0.01550292969,0.01550292969
E01765,39.75,21.75,2018-01-24T18:00:00,2018-01-24T18:00:00,2018-01-24T19:00:00,1,6,wet_snow,6,wet_snow,0,1,3.469390869,3.469390869,3.469390869,3.150380135,3.150380135,0.0004291534424,0.0004291534424,0.0004291534424,0,0,0,0.03717041016,0.03717041016
E00082,40.25,21.75,2014-01-03T07:00:00,2014-01-03T07:00:00,2014-01-03T08:00:00,1,3,freezing_rain,3,freezing_rain,1,0,0.4984436035,0.4984436035,0.4984436035,3.145915985,3.145915985,0.0008583068848,0.0008583068848,0.0008583068848,0,0,0,0.02529907227,0.02529907227
E02972,39.25,22,2019-01-07T13:00:00,2019-01-07T13:00:00,2019-01-07T14:00:00,1,6,wet_snow,6,wet_snow,0,1,1.430328369,1.430328369,1.430328369,3.1358881,3.1358881,0.1085758209,0.1085758209,0.1085758209,0.04591941833,0.04591941833,0.04591941833,0.0008544921875,0.0008544921875
E00355,40.25,22,2013-02-17T22:00:00,2013-02-17T22:00:00,2013-02-17T23:00:00,1,6,wet_snow,6,wet_snow,0,1,2.270294189,2.270294189,2.270294189,3.135533333,3.135533333,0.04463195801,0.04463195801,0.04463195801,0.03358125687,0.03358125687,0.03358125687,0.1596069336,0.1596069336
E02641,39.5,22.75,2017-01-27T07:00:00,2017-01-27T07:00:00,2017-01-27T08:00:00,1,6,wet_snow,6,wet_snow,0,1,1.356109619,1.356109619,1.356109619,3.124699593,3.124699593,0.03476142883,0.03476142883,0.03476142883,0.01802444458,0.01802444458,0.01802444458,0.01821899414,0.01821899414
E02700,39.25,21.75,2013-02-14T05:00:00,2013-02-14T05:00:00,2013-02-14T06:00:00,1,3,freezing_rain,3,freezing_rain,1,0,1.862457275,1.862457275,1.862457275,3.120364189,3.120364189,0,0,0,0,0,0,0.005950927734,0.005950927734
E02922,39.25,22,2016-01-01T17:00:00,2016-01-01T17:00:00,2016-01-01T18:00:00,1,6,wet_snow,6,wet_snow,0,1,-1.53817749,-1.53817749,-1.53817749,3.119833946,3.119833946,0,0,0,0.0001072883606,0.0001072883606,0.0001072883606,0.01724243164,0.01724243164
E01080,40,22,2012-02-20T22:00:00,2012-02-20T22:00:00,2012-02-20T23:00:00,1,3,freezing_rain,3,freezing_rain,1,0,1.328033447,1.328033447,1.328033447,3.108852386,3.108852386,0.001287460327,0.001287460327,0.001287460327,0,0,0,0.001800537109,0.001800537109
E03144,39.25,22.5,2012-02-09T18:00:00,2012-02-09T18:00:00,2012-02-09T19:00:00,1,6,wet_snow,6,wet_snow,0,1,1.36428833,1.36428833,1.36428833,3.104093552,3.104093552,0.06008148193,0.06008148193,0.06008148193,0.0582575798,0.0582575798,0.0582575798,0.03527832031,0.03527832031
E01391,40,22.25,2015-02-08T06:00:00,2015-02-08T06:00:00,2015-02-08T07:00:00,1,6,wet_snow,6,wet_snow,0,1,3.699737549,3.699737549,3.699737549,3.100378036,3.100378036,0.8913516998,0.8913516998,0.8913516998,0.6790280342,0.6790280342,0.6790280342,0.08572387695,0.08572387695
E03091,39.25,22.25,2018-12-21T01:00:00,2018-12-21T01:00:00,2018-12-21T02:00:00,1,3,freezing_rain,3,freezing_rain,1,0,0.04605102539,0.04605102539,0.04605102539,3.093798637,3.093798637,0,0,0,0,0,0,0.008483886719,0.008483886719
E02061,39.75,22.5,2012-01-27T07:00:00,2012-01-27T07:00:00,2012-01-27T08:00:00,1,6,wet_snow,6,wet_snow,0,1,2.950592041,2.950592041,2.950592041,3.087404251,3.087404251,0.004291534424,0.004291534424,0.004291534424,0.003916025162,0.003916025162,0.003916025162,0.01458740234,0.01458740234
E03152,39.25,22.5,2013-12-13T07:00:00,2013-12-13T07:00:00,2013-12-13T08:00:00,1,6,wet_snow,6,wet_snow,0,1,-0.3106384277,-0.3106384277,-0.3106384277,3.087144852,3.087144852,0,0,0,0,0,0,0.003814697266,0.003814697266
E03330,39.25,22.75,2019-01-09T07:00:00,2019-01-09T07:00:00,2019-01-09T08:00:00,1,6,wet_snow,6,wet_snow,0,1,-2.007659912,-2.007659912,-2.007659912,3.084322929,3.084322929,0.0008583068848,0.0008583068848,0.0008583068848,0.001180171967,0.001180171967,0.001180171967,0.05987548828,0.05987548828
E01113,40,22,2013-01-29T07:00:00,2013-01-29T07:00:00,2013-01-29T08:00:00,1,6,wet_snow,6,wet_snow,0,1,-0.1287536621,-0.1287536621,-0.1287536621,3.082691193,3.082691193,0,0,0,0,0,0,0.006683349609,0.006683349609
E03063,39.25,22.25,2016-01-25T08:00:00,2016-01-25T08:00:00,2016-01-25T09:00:00,1,6,wet_snow,6,wet_snow,0,1,3.339752197,3.339752197,3.339752197,3.082422256,3.082422256,0,0,0,0,0,0,0.0009460449219,0.0009460449219
E01847,39.75,22,2015-02-11T20:00:00,2015-02-11T20:00:00,2015-02-11T21:00:00,1,6,wet_snow,6,wet_snow,0,1,0.5921936035,0.5921936035,0.5921936035,3.075139046,3.075139046,0.02574920654,0.02574920654,0.02574920654,0.006437301636,0.006437301636,0.006437301636,0.0006713867188,0.0006713867188
E00670,40.25,22.25,2017-01-22T18:00:00,2017-01-22T18:00:00,2017-01-22T19:00:00,1,6,wet_snow,6,wet_snow,0,1,-0.1858825684,-0.1858825684,-0.1858825684,3.073352814,3.073352814,0,0,0,0,0,0,0.006011962891,0.006011962891
E01988,39.75,22.25,2016-01-21T07:00:00,2016-01-21T07:00:00,2016-01-21T08:00:00,1,6,wet_snow,6,wet_snow,0,1,-0.7413024902,-0.7413024902,-0.7413024902,3.063076019,3.063076019,0.003433227539,0.003433227539,0.003433227539,0.003004074097,0.003004074097,0.003004074097,0.1761779785,0.1761779785
E00673,40.25,22.25,2017-01-24T08:00:00,2017-01-24T08:00:00,2017-01-24T09:00:00,1,6,wet_snow,6,wet_snow,0,1,0.6953430176,0.6953430176,0.6953430176,3.062641144,3.062641144,0.03175735474,0.03175735474,0.03175735474,0.03111362457,0.03111362457,0.03111362457,0.015625,0.015625
E00891,40,21.75,2013-12-24T08:00:00,2013-12-24T08:00:00,2013-12-24T09:00:00,1,6,wet_snow,6,wet_snow,0,1,0.6676330566,0.6676330566,0.6676330566,3.059913635,3.059913635,0,0,0,0,0,0,0.008972167969,0.008972167969
E03067,39.25,22.25,2016-12-17T18:00:00,2016-12-17T18:00:00,2016-12-17T19:00:00,1,3,freezing_rain,3,freezing_rain,1,0,-0.7386169434,-0.7386169434,-0.7386169434,3.058582306,3.058582306,0,0,0,0,0,0,0.005035400391,0.005035400391
E02262,39.5,21.75,2016-12-16T07:00:00,2016-12-16T07:00:00,2016-12-16T08:00:00,1,6,wet_snow,6,wet_snow,0,1,1.640289307,1.640289307,1.640289307,3.056546211,3.056546211,0.1613616943,0.1613616943,0.1613616943,0.1611471176,0.1611471176,0.1611471176,0.303314209,0.303314209
E01890,39.75,22,2017-02-17T02:00:00,2017-02-17T02:00:00,2017-02-17T03:00:00,1,3,freezing_rain,3,freezing_rain,1,0,-1.576507568,-1.576507568,-1.576507568,3.05252552,3.05252552,0.0004291534424,0.0004291534424,0.0004291534424,0,0,0,3.051757812e-05,3.051757812e-05
E02007,39.75,22.25,2016-12-31T16:00:00,2016-12-31T16:00:00,2016-12-31T17:00:00,1,6,wet_snow,6,wet_snow,0,1,3.707305908,3.707305908,3.707305908,3.03832531,3.03832531,0.0008583068848,0.0008583068848,0.0008583068848,0.0001072883606,0.0001072883606,0.0001072883606,0.03082275391,0.03082275391
E02768,39.25,21.75,2017-01-17T19:00:00,2017-01-17T19:00:00,2017-01-17T20:00:00,1,6,wet_snow,6,wet_snow,0,1,0.1461486816,0.1461486816,0.1461486816,3.037603378,3.037603378,0.05664825439,0.05664825439,0.05664825439,0.01802444458,0.01802444458,0.01802444458,0.2651367188,0.2651367188
E00331,40.25,22,2012-12-21T15:00:00,2012-12-21T15:00:00,2012-12-21T16:00:00,1,6,wet_snow,6,wet_snow,0,1,1.39553833,1.39553833,1.39553833,3.0297575,3.0297575,0.0004291534424,0.0004291534424,0.0004291534424,0.0002145767212,0.0002145767212,0.0002145767212,0.002624511719,0.002624511719
E02574,39.5,22.5,2019-12-31T02:00:00,2019-12-31T02:00:00,2019-12-31T03:00:00,1,6,wet_snow,6,wet_snow,0,1,1.744293213,1.744293213,1.744293213,3.026358604,3.026358604,0.0008583068848,0.0008583068848,0.0008583068848,0,0,0,0.002716064453,0.002716064453
E02099,39.75,22.5,2016-01-02T06:00:00,2016-01-02T06:00:00,2016-01-02T07:00:00,1,6,wet_snow,6,wet_snow,0,1,-0.5730895996,-0.5730895996,-0.5730895996,3.01762104,3.01762104,0,0,0,0,0,0,0.01867675781,0.01867675781
E00415,40.25,22,2015-12-10T22:00:00,2015-12-10T22:00:00,2015-12-10T23:00:00,1,6,wet_snow,6,wet_snow,0,1,2.127227783,2.127227783,2.127227783,2.998490334,2.998490334,0.002145767212,0.002145767212,0.002145767212,0.0002145767212,0.0002145767212,0.0002145767212,0.1219177246,0.1219177246
E01879,39.75,22,2016-12-31T16:00:00,2016-12-31T16:00:00,2016-12-31T17:00:00,1,6,wet_snow,6,wet_snow,0,1,3.599884033,3.599884033,3.599884033,2.988520622,2.988520622,0,0,0,0.0001072883606,0.0001072883606,0.0001072883606,0.0207824707,0.0207824707
E02467,39.5,22.25,2019-01-10T04:00:00,2019-01-10T04:00:00,2019-01-10T05:00:00,1,3,freezing_rain,3,freezing_rain,1,0,0.235748291,0.235748291,0.235748291,2.987748146,2.987748146,0.01459121704,0.01459121704,0.01459121704,0,0,0,0.001129150391,0.001129150391
E00316,40.25,22,2012-02-20T22:00:00,2012-02-20T22:00:00,2012-02-20T23:00:00,1,3,freezing_rain,3,freezing_rain,1,0,0.4823303223,0.4823303223,0.4823303223,2.985805511,2.985805511,0.00171661377,0.00171661377,0.00171661377,0,0,0,0.009643554688,0.009643554688
E02287,39.5,21.75,2017-12-21T13:00:00,2017-12-21T13:00:00,2017-12-21T14:00:00,1,6,wet_snow,6,wet_snow,0,1,-0.05819702148,-0.05819702148,-0.05819702148,2.981046677,2.981046677,1.136398315,1.136398315,1.136398315,0.9283661842,0.9283661842,0.9283661842,0.1829833984,0.1829833984
E02457,39.5,22.25,2017-01-15T08:00:00,2017-01-15T08:00:00,2017-01-15T09:00:00,1,3,freezing_rain,3,freezing_rain,1,0,-1.775726318,-1.775726318,-1.775726318,2.974247932,2.974247932,0.0008583068848,0.0008583068848,0.0008583068848,0.0003218650818,0.0003218650818,0.0003218650818,0.008880615234,0.008880615234
E03025,39.25,22.25,2012-12-12T04:00:00,2012-12-12T04:00:00,2012-12-12T05:00:00,1,3,freezing_rain,3,freezing_rain,1,0,-1.033294678,-1.033294678,-1.033294678,2.968412399,2.968412399,0,0,0,0,0,0,0.02328491211,0.02328491211
E03222,39.25,22.5,2019-01-12T20:00:00,2019-01-12T20:00:00,2019-01-12T21:00:00,1,3,freezing_rain,3,freezing_rain,1,0,0.9820861816,0.9820861816,0.9820861816,2.966754913,2.966754913,0.006866455078,0.006866455078,0.006866455078,5.36441803e-05,5.36441803e-05,5.36441803e-05,0.01629638672,0.01629638672
E02363,39.5,22,2016-01-02T08:00:00,2016-01-02T08:00:00,2016-01-02T09:00:00,1,6,wet_snow,6,wet_snow,0,1,2.015167236,2.015167236,2.015167236,2.964166641,2.964166641,0,0,0,0,0,0,0.007507324219,0.007507324219
E00412,40.25,22,2015-02-16T22:00:00,2015-02-16T22:00:00,2015-02-16T23:00:00,1,3,freezing_rain,3,freezing_rain,1,0,1.181671143,1.181671143,1.181671143,2.956735611,2.956735611,0.08840560913,0.08840560913,0.08840560913,0.03175735474,0.03175735474,0.03175735474,0.1606750488,0.1606750488
E01378,40,22.25,2014-02-05T03:00:00,2014-02-05T03:00:00,2014-02-05T04:00:00,1,6,wet_snow,6,wet_snow,0,1,2.431671143,2.431671143,2.431671143,2.955496788,2.955496788,0.008583068848,0.008583068848,0.008583068848,0.007510185242,0.007510185242,0.007510185242,0.1151733398,0.1151733398
E02417,39.5,22.25,2012-02-29T06:00:00,2012-02-29T06:00:00,2012-02-29T07:00:00,1,6,wet_snow,6,wet_snow,0,1,0.06973266602,0.06973266602,0.06973266602,2.952959061,2.952959061,0.006866455078,0.006866455078,0.006866455078,0.007295608521,0.007295608521,0.007295608521,0.001159667969,0.001159667969
E00059,40.25,21.75,2013-02-05T07:00:00,2013-02-05T07:00:00,2013-02-05T08:00:00,1,6,wet_snow,6,wet_snow,0,1,-0.5125427246,-0.5125427246,-0.5125427246,2.945414543,2.945414543,0.0004291534424,0.0004291534424,0.0004291534424,0,0,0,6.103515625e-05,6.103515625e-05
E02517,39.5,22.5,2015-02-11T17:00:00,2015-02-11T17:00:00,2015-02-11T18:00:00,1,6,wet_snow,6,wet_snow,0,1,2.583892822,2.583892822,2.583892822,2.94380188,2.94380188,0,0,0,0,0,0,0.0001831054688,0.0001831054688
E02032,39.75,22.25,2019-01-05T15:00:00,2019-01-05T15:00:00,2019-01-05T16:00:00,1,6,wet_snow,6,wet_snow,0,1,2.015777588,2.015777588,2.015777588,2.938295364,2.938295364,0.00171661377,0.00171661377,0.00171661377,0.001180171967,0.001180171967,0.001180171967,0.00048828125,0.00048828125
E02279,39.5,21.75,2017-01-29T07:00:00,2017-01-29T07:00:00,2017-01-29T08:00:00,1,6,wet_snow,6,wet_snow,0,1,-0.2185974121,-0.2185974121,-0.2185974121,2.927857399,2.927857399,0.03690719604,0.03690719604,0.03690719604,0.03690719604,0.03690719604,0.03690719604,0.2019348145,0.2019348145
E02475,39.5,22.25,2020-01-02T06:00:00,2020-01-02T06:00:00,2020-01-02T07:00:00,1,6,wet_snow,6,wet_snow,0,1,0.6817932129,0.6817932129,0.6817932129,2.926220894,2.926220894,0,0,0,0,0,0,0.006469726562,0.006469726562
E01232,40,22,2018-01-23T17:00:00,2018-01-23T17:00:00,2018-01-23T18:00:00,1,6,wet_snow,6,wet_snow,0,1,2.003448486,2.003448486,2.003448486,2.923391342,2.923391342,0.0004291534424,0.0004291534424,0.0004291534424,0.0003218650818,0.0003218650818,0.0003218650818,0.002319335938,0.002319335938
E02208,39.5,21.75,2012-01-29T02:00:00,2012-01-29T02:00:00,2012-01-29T03:00:00,1,6,wet_snow,6,wet_snow,0,1,0.9792785645,0.9792785645,0.9792785645,2.91962719,2.91962719,0.1587867737,0.1587867737,0.1587867737,0.149667263,0.149667263,0.149667263,0.2221679688,0.2221679688
E02480,39.5,22.5,2012-01-10T07:00:00,2012-01-10T07:00:00,2012-01-10T08:00:00,1,6,wet_snow,6,wet_snow,0,1,1.080963135,1.080963135,1.080963135,2.901489258,2.901489258,0,0,0,0.0001072883606,0.0001072883606,0.0001072883606,0.006500244141,0.006500244141
E00411,40.25,22,2015-02-16T20:00:00,2015-02-16T20:00:00,2015-02-16T21:00:00,1,3,freezing_rain,3,freezing_rain,1,0,1.425811768,1.425811768,1.425811768,2.895161629,2.895161629,0.03089904785,0.03089904785,0.03089904785,0.0006437301636,0.0006437301636,0.0006437301636,0.04284667969,0.04284667969
E02437,39.5,22.25,2016-01-01T15:00:00,2016-01-01T15:00:00,2016-01-01T16:00:00,1,6,wet_snow,6,wet_snow,0,1,2.275543213,2.275543213,2.275543213,2.879365921,2.879365921,0,0,0,0,0,0,0.01419067383,0.01419067383
E00669,40.25,22.25,2017-01-22T09:00:00,2017-01-22T09:00:00,2017-01-22T10:00:00,1,6,wet_snow,6,wet_snow,0,1,0.007965087891,0.007965087891,0.007965087891,2.877625465,2.877625465,0,0,0,0,0,0,0.004760742188,0.004760742188
E02958,39.25,22,2017-12-20T01:00:00,2017-12-20T01:00:00,2017-12-20T02:00:00,1,6,wet_snow,6,wet_snow,0,1,-0.07650756836,-0.07650756836,-0.07650756836,2.86798954,2.86798954,0.008583068848,0.008583068848,0.008583068848,0.008690357208,0.008690357208,0.008690357208,0.05752563477,0.05752563477
E03240,39.25,22.5,2020-01-14T04:00:00,2020-01-14T04:00:00,2020-01-14T05:00:00,1,6,wet_snow,6,wet_snow,0,1,-0.04598999023,-0.04598999023,-0.04598999023,2.858084679,2.858084679,0.0008583068848,0.0008583068848,0.0008583068848,0.0007510185242,0.0007510185242,0.0007510185242,0.03375244141,0.03375244141
E00317,40.25,22,2012-02-21T05:00:00,2012-02-21T05:00:00,2012-02-21T06:00:00,1,3,freezing_rain,3,freezing_rain,1,0,1.749664307,1.749664307,1.749664307,2.857918739,2.857918739,0,0,0,0,0,0,0.021484375,0.021484375
E01334,40,22.25,2012-12-23T10:00:00,2012-12-23T10:00:00,2012-12-23T11:00:00,1,6,wet_snow,6,wet_snow,0,1,2.264190674,2.264190674,2.264190674,2.857860565,2.857860565,0.0004291534424,0.0004291534424,0.0004291534424,0.0001072883606,0.0001072883606,0.0001072883606,0.02938842773,0.02938842773
E02017,39.75,22.25,2017-02-14T21:00:00,2017-02-14T21:00:00,2017-02-14T22:00:00,1,3,freezing_rain,3,freezing_rain,1,0,-0.8973083496,-0.8973083496,-0.8973083496,2.853034973,2.853034973,0.0004291534424,0.0004291534424,0.0004291534424,0,0,0,0.02545166016,0.02545166016
E00864,40,21.75,2012-12-21T18:00:00,2012-12-21T18:00:00,2012-12-21T19:00:00,1,6,wet_snow,6,wet_snow,0,1,0.4606018066,0.4606018066,0.4606018066,2.822008371,2.822008371,0.006008148193,0.006008148193,0.006008148193,0.00536441803,0.00536441803,0.00536441803,0.01342773438,0.01342773438
E03036,39.25,22.25,2015-01-19T04:00:00,2015-01-19T04:00:00,2015-01-19T05:00:00,1,3,freezing_rain,3,freezing_rain,1,0,1.713043213,1.713043213,1.713043213,2.816132545,2.816132545,0.003433227539,0.003433227539,0.003433227539,0,0,0,0.003601074219,0.003601074219
E02410,39.5,22.25,2012-02-02T06:00:00,2012-02-02T06:00:00,2012-02-02T07:00:00,1,6,wet_snow,6,wet_snow,0,1,1.147613525,1.147613525,1.147613525,2.815213203,2.815213203,0.3377437592,0.3377437592,0.3377437592,0.3378510475,0.3378510475,0.3378510475,0.04330444336,0.04330444336
E00993,40,21.75,2018-01-09T06:00:00,2018-01-09T06:00:00,2018-01-09T07:00:00,1,3,freezing_rain,3,freezing_rain,1,0,1.721343994,1.721343994,1.721343994,2.809360504,2.809360504,0.0004291534424,0.0004291534424,0.0004291534424,0,0,0,0.0133972168,0.0133972168
E03037,39.25,22.25,2015-01-19T06:00:00,2015-01-19T06:00:00,2015-01-19T07:00:00,1,3,freezing_rain,3,freezing_rain,1,0,1.266021729,1.266021729,1.266021729,2.808122635,2.808122635,0.004720687866,0.004720687866,0.004720687866,0,0,0,0.033203125,0.033203125
E00603,40.25,22.25,2013-01-27T07:00:00,2013-01-27T07:00:00,2013-01-27T08:00:00,1,6,wet_snow,6,wet_snow,0,1,1.609527588,1.609527588,1.609527588,2.804656029,2.804656029,0.002574920654,0.002574920654,0.002574920654,0.002360343933,0.002360343933,0.002360343933,0.04809570312,0.04809570312
E03128,39.25,22.5,2012-01-27T02:00:00,2012-01-27T02:00:00,2012-01-27T03:00:00,1,6,wet_snow,6,wet_snow,0,1,1.463165283,1.463165283,1.463165283,2.80445385,2.80445385,0,0,0,0.0003218650818,0.0003218650818,0.0003218650818,0.05874633789,0.05874633789
E03083,39.25,22.25,2017-12-20T01:00:00,2017-12-20T01:00:00,2017-12-20T02:00:00,1,6,wet_snow,6,wet_snow,0,1,0.9332580566,0.9332580566,0.9332580566,2.80158329,2.80158329,0,0,0,0,0,0,0.02297973633,0.02297973633
E02782,39.25,21.75,2017-01-28T18:00:00,2017-01-28T18:00:00,2017-01-28T19:00:00,1,6,wet_snow,6,wet_snow,0,1,-0.2403259277,-0.2403259277,-0.2403259277,2.797747612,2.797747612,0,0,0,0,0,0,0.0068359375,0.0068359375
E03175,39.25,22.5,2016-01-18T19:00:00,2016-01-18T19:00:00,2016-01-18T20:00:00,1,6,wet_snow,6,wet_snow,0,1,0.5799865723,0.5799865723,0.5799865723,2.794559479,2.794559479,0.02059936523,0.02059936523,0.02059936523,0.01984834671,0.01984834671,0.01984834671,0.001525878906,0.001525878906
E03026,39.25,22.25,2012-12-12T06:00:00,2012-12-12T06:00:00,2012-12-12T07:00:00,1,3,freezing_rain,3,freezing_rain,1,0,-1.525970459,-1.525970459,-1.525970459,2.794033051,2.794033051,0,0,0,0,0,0,0.108215332,0.108215332
E01748,39.75,21.75,2017-02-01T05:00:00,2017-02-01T05:00:00,2017-02-01T06:00:00,1,3,freezing_rain,3,freezing_rain,1,0,-0.8684997559,-0.8684997559,-0.8684997559,2.778851509,2.778851509,0.0004291534424,0.0004291534424,0.0004291534424,0,0,0,0.03036499023,0.03036499023
E02500,39.5,22.5,2012-02-14T02:00:00,2012-02-14T02:00:00,2012-02-14T03:00:00,1,3,freezing_rain,3,freezing_rain,1,0,-0.315032959,-0.315032959,-0.315032959,2.77655983,2.77655983,0,0,0,0,0,0,0.00634765625,0.00634765625
E02422,39.5,22.25,2014-01-05T06:00:00,2014-01-05T06:00:00,2014-01-05T07:00:00,1,6,wet_snow,6,wet_snow,0,1,1.796051025,1.796051025,1.796051025,2.772924423,2.772924423,0.0004291534424,0.0004291534424,0.0004291534424,0,0,0,0.003448486328,0.003448486328
E01682,39.75,21.75,2013-01-02T00:00:00,2013-01-02T00:00:00,2013-01-02T01:00:00,1,3,freezing_rain,3,freezing_rain,1,0,0.1014709473,0.1014709473,0.1014709473,2.772716522,2.772716522,0.0008583068848,0.0008583068848,0.0008583068848,0,0,0,0.004730224609,0.004730224609
E02361,39.5,22,2016-01-01T15:00:00,2016-01-01T15:00:00,2016-01-01T16:00:00,1,6,wet_snow,6,wet_snow,0,1,2.529449463,2.529449463,2.529449463,2.771944046,2.771944046,0,0,0,0,0,0,0.01333618164,0.01333618164
E00678,40.25,22.25,2017-01-30T00:00:00,2017-01-30T00:00:00,2017-01-30T01:00:00,1,6,wet_snow,6,wet_snow,0,1,1.263824463,1.263824463,1.263824463,2.76162529,2.76162529,0.1699447632,0.1699447632,0.1699447632,0.1682817936,0.1682817936,0.1682817936,0.0588684082,0.0588684082
E01283,40,22,2020-01-24T03:00:00,2020-01-24T03:00:00,2020-01-24T04:00:00,1,3,freezing_rain,3,freezing_rain,1,0,-1.432952881,-1.432952881,-1.432952881,2.749606133,2.749606133,0.002574920654,0.002574920654,0.002574920654,0,0,0,0.08071899414,0.08071899414
E03196,39.25,22.5,2017-01-27T07:00:00,2017-01-27T07:00:00,2017-01-27T08:00:00,1,6,wet_snow,6,wet_snow,0,1,0.8873596191,0.8873596191,0.8873596191,2.74481678,2.74481678,0.01888275146,0.01888275146,0.01888275146,0.01866817474,0.01866817474,0.01866817474,0.01666259766,0.01666259766
E00236,40.25,21.75,2018-12-30T19:00:00,2018-12-30T19:00:00,2018-12-30T20:00:00,1,6,wet_snow,6,wet_snow,0,1,2.494537354,2.494537354,2.494537354,2.743000031,2.743000031,0,0,0,0,0,0,0.01379394531,0.01379394531
E02498,39.5,22.5,2012-02-09T19:00:00,2012-02-09T19:00:00,2012-02-09T20:00:00,1,6,wet_snow,6,wet_snow,0,1,1.569244385,1.569244385,1.569244385,2.741950035,2.741950035,0.01158714294,0.01158714294,0.01158714294,0.01137256622,0.01137256622,0.01137256622,0.04559326172,0.04559326172
E02576,39.5,22.5,2020-01-14T04:00:00,2020-01-14T04:00:00,2020-01-14T05:00:00,1,3,freezing_rain,3,freezing_rain,1,0,-0.3291931152,-0.3291931152,-0.3291931152,2.738944054,2.738944054,0.003433227539,0.003433227539,0.003433227539,0.002360343933,0.002360343933,0.002360343933,0.02310180664,0.02310180664
E01013,40,21.75,2018-12-31T01:00:00,2018-12-31T01:00:00,2018-12-31T02:00:00,1,6,wet_snow,6,wet_snow,0,1,1.730865479,1.730865479,1.730865479,2.734648705,2.734648705,0.003862380981,0.003862380981,0.003862380981,0.0002145767212,0.0002145767212,0.0002145767212,0.04159545898,0.04159545898
E02433,39.5,22.25,2015-12-31T07:00:00,2015-12-31T07:00:00,2015-12-31T08:00:00,1,6,wet_snow,6,wet_snow,0,1,1.441070557,1.441070557,1.441070557,2.733955383,2.733955383,0.08583068848,0.08583068848,0.08583068848,0.08550882339,0.08550882339,0.08550882339,0.04885864258,0.04885864258
E01938,39.75,22.25,2012-01-28T07:00:00,2012-01-28T07:00:00,2012-01-28T08:00:00,1,6,wet_snow,6,wet_snow,0,1,0.5731506348,0.5731506348,0.5731506348,2.728399277,2.728399277,0.0283241272,0.0283241272,0.0283241272,0.003862380981,0.003862380981,0.003862380981,0.1387939453,0.1387939453
E02427,39.5,22.25,2015-01-06T06:00:00,2015-01-06T06:00:00,2015-01-06T07:00:00,1,6,wet_snow,6,wet_snow,0,1,0.02774047852,0.02774047852,0.02774047852,2.720974922,2.720974922,0.0008583068848,0.0008583068848,0.0008583068848,0.0006437301636,0.0006437301636,0.0006437301636,0,0
E00066,40.25,21.75,2013-02-10T23:00:00,2013-02-10T23:00:00,2013-02-11T00:00:00,1,6,wet_snow,6,wet_snow,0,1,1.269439697,1.269439697,1.269439697,2.720462799,2.720462799,0,0,0,0.0001072883606,0.0001072883606,0.0001072883606,0,0
E02540,39.5,22.5,2017-01-05T05:00:00,2017-01-05T05:00:00,2017-01-05T06:00:00,1,3,freezing_rain,3,freezing_rain,1,0,0.1256408691,0.1256408691,0.1256408691,2.711945534,2.711945534,0.0008583068848,0.0008583068848,0.0008583068848,0,0,0,0.01330566406,0.01330566406
E00677,40.25,22.25,2017-01-29T21:00:00,2017-01-29T21:00:00,2017-01-29T22:00:00,1,6,wet_snow,6,wet_snow,0,1,0.5007629395,0.5007629395,0.5007629395,2.707389832,2.707389832,0.1622200012,0.1622200012,0.1622200012,0.1610398293,0.1610398293,0.1610398293,0.1012573242,0.1012573242
E00986,40,21.75,2017-02-21T06:00:00,2017-02-21T06:00:00,2017-02-21T07:00:00,1,6,wet_snow,6,wet_snow,0,1,0.475982666,0.475982666,0.475982666,2.696712971,2.696712971,0,0,0,0,0,0,0.03363037109,0.03363037109
E00594,40.25,22.25,2012-12-21T23:00:00,2012-12-21T23:00:00,2012-12-22T00:00:00,1,6,wet_snow,6,wet_snow,0,1,0.2503967285,0.2503967285,0.2503967285,2.693638802,2.693638802,0,0,0,0.0003218650818,0.0003218650818,0.0003218650818,0.01095581055,0.01095581055
E02833,39.25,21.75,2018-12-30T07:00:00,2018-12-30T07:00:00,2018-12-30T08:00:00,1,6,wet_snow,6,wet_snow,0,1,0.9801330566,0.9801330566,0.9801330566,2.692848206,2.692848206,0.01029968262,0.01029968262,0.01029968262,0.01046061516,0.01046061516,0.01046061516,0.1319885254,0.1319885254
E02403,39.5,22.25,2012-01-28T03:00:00,2012-01-28T03:00:00,2012-01-28T04:00:00,1,6,wet_snow,6,wet_snow,0,1,0.1119689941,0.1119689941,0.1119689941,2.667459488,2.667459488,0.0008583068848,0.0008583068848,0.0008583068848,0.0001609325409,0.0001609325409,0.0001609325409,0.02139282227,0.02139282227
E00516,40.25,22,2019-01-02T17:00:00,2019-01-02T17:00:00,2019-01-02T18:00:00,1,6,wet_snow,6,wet_snow,0,1,0.4627990723,0.4627990723,0.4627990723,2.666068077,2.666068077,0.0008583068848,0.0008583068848,0.0008583068848,0.001072883606,0.001072883606,0.001072883606,0.0005493164062,0.0005493164062
E03090,39.25,22.25,2018-12-20T23:00:00,2018-12-20T23:00:00,2018-12-21T00:00:00,1,3,freezing_rain,3,freezing_rain,1,0,-1.211029053,-1.211029053,-1.211029053,2.657848358,2.657848358,0,0,0,0,0,0,0.004669189453,0.004669189453
E02708,39.25,21.75,2013-12-15T22:00:00,2013-12-15T22:00:00,2013-12-15T23:00:00,1,3,freezing_rain,3,freezing_rain,1,0,0.7501525879,0.7501525879,0.7501525879,2.657238007,2.657238007,0.0008583068848,0.0008583068848,0.0008583068848,0,0,0,0.04373168945,0.04373168945
E00744,40.25,22.5,2012-01-31T23:00:00,2012-01-31T23:00:00,2012-02-01T00:00:00,1,6,wet_snow,6,wet_snow,0,1,-1.231536865,-1.231536865,-1.231536865,2.65628624,2.65628624,0.004720687866,0.004720687866,0.004720687866,0.004881620407,0.004881620407,0.004881620407,0.002075195312,0.002075195312
E02026,39.75,22.25,2018-01-26T07:00:00,2018-01-26T07:00:00,2018-01-26T08:00:00,1,6,wet_snow,6,wet_snow,0,1,-1.294525146,-1.294525146,-1.294525146,2.652015686,2.652015686,0,0,0,0.0001072883606,0.0001072883606,0.0001072883606,0.1328125,0.1328125
E00896,40,21.75,2014-01-05T06:00:00,2014-01-05T06:00:00,2014-01-05T07:00:00,1,3,freezing_rain,3,freezing_rain,1,0,1.436676025,1.436676025,1.436676025,2.643041611,2.643041611,0,0,0,0,0,0,0.01596069336,0.01596069336
E02404,39.5,22.25,2012-01-28T05:00:00,2012-01-28T05:00:00,2012-01-28T06:00:00,1,6,wet_snow,6,wet_snow,0,1,0.08657836914,0.08657836914,0.08657836914,2.634096146,2.634096146,0.003433227539,0.003433227539,0.003433227539,0.0035405159,0.0035405159,0.0035405159,0.05499267578,0.05499267578
E01975,39.75,22.25,2015-02-11T20:00:00,2015-02-11T20:00:00,2015-02-11T21:00:00,1,6,wet_snow,6,wet_snow,0,1,0.9847717285,0.9847717285,0.9847717285,2.631779671,2.631779671,0.03175735474,0.03175735474,0.03175735474,0.007617473602,0.007617473602,0.007617473602,0.001007080078,0.001007080078
E00264,40.25,21.75,2019-12-09T06:00:00,2019-12-09T06:00:00,2019-12-09T07:00:00,1,3,freezing_rain,3,freezing_rain,1,0,-0.6944274902,-0.6944274902,-0.6944274902,2.630810738,2.630810738,0,0,0,0,0,0,0.01223754883,0.01223754883
E00894,40,21.75,2014-01-03T04:00:00,2014-01-03T04:00:00,2014-01-03T05:00:00,1,3,freezing_rain,3,freezing_rain,1,0,0.7594299316,0.7594299316,0.7594299316,2.625858307,2.625858307,0.0004291534424,0.0004291534424,0.0004291534424,0,0,0,0.01910400391,0.01910400391
E00095,40.25,21.75,2014-01-28T22:00:00,2014-01-28T22:00:00,2014-01-28T23:00:00,1,6,wet_snow,6,wet_snow,0,1,0.006011962891,0.006011962891,0.006011962891,2.622088432,2.622088432,0.1167297363,0.1167297363,0.1167297363,0.0863134861,0.0863134861,0.0863134861,0.03424072266,0.03424072266
E01149,40,22,2014-02-06T03:00:00,2014-02-06T03:00:00,2014-02-06T04:00:00,1,3,freezing_rain,3,freezing_rain,1,0,0.6144104004,0.6144104004,0.6144104004,2.610157967,2.610157967,0,0,0,0,0,0,0.006042480469,0.006042480469
E02722,39.25,21.75,2014-02-04T22:00:00,2014-02-04T22:00:00,2014-02-04T23:00:00,1,6,wet_snow,6,wet_snow,0,1,1.646270752,1.646270752,1.646270752,2.607532501,2.607532501,0.05793571472,0.05793571472,0.05793571472,0.05053281784,0.05053281784,0.05053281784,0.1118774414,0.1118774414
E02547,39.5,22.5,2017-12-21T15:00:00,2017-12-21T15:00:00,2017-12-21T16:00:00,1,6,wet_snow,6,wet_snow,0,1,0.9925842285,0.9925842285,0.9925842285,2.602558136,2.602558136,0.9484291077,0.9484291077,0.9484291077,0.7328867912,0.7328867912,0.7328867912,0.0869140625,0.0869140625
E02334,39.5,22,2012-02-02T06:00:00,2012-02-02T06:00:00,2012-02-02T07:00:00,1,6,wet_snow,6,wet_snow,0,1,0.2315979004,0.2315979004,0.2315979004,2.599392891,2.599392891,0.4737854004,0.4737854004,0.4737854004,0.4738926888,0.4738926888,0.4738926888,0.05618286133,0.05618286133
E02362,39.5,22,2016-01-01T18:00:00,2016-01-01T18:00:00,2016-01-01T19:00:00,1,6,wet_snow,6,wet_snow,0,1,-1.739593506,-1.739593506,-1.739593506,2.591958046,2.591958046,0,0,0,0,0,0,0.009338378906,0.009338378906
E03200,39.25,22.5,2017-01-29T07:00:00,2017-01-29T07:00:00,2017-01-29T08:00:00,1,3,freezing_rain,3,freezing_rain,1,0,0.4181213379,0.4181213379,0.4181213379,2.589966774,2.589966774,0.005149841309,0.005149841309,0.005149841309,0,0,0,0.1102905273,0.1102905273
E02429,39.5,22.25,2015-01-19T06:00:00,2015-01-19T06:00:00,2015-01-19T07:00:00,1,3,freezing_rain,3,freezing_rain,1,0,1.961334229,1.961334229,1.961334229,2.566911697,2.566911697,0.01888275146,0.01888275146,0.01888275146,0,0,0,0.02914428711,0.02914428711
E00132,40.25,21.75,2015-12-10T01:00:00,2015-12-10T01:00:00,2015-12-10T02:00:00,1,3,freezing_rain,3,freezing_rain,1,0,-0.9495544434,-0.9495544434,-0.9495544434,2.566182137,2.566182137,0.0004291534424,0.0004291534424,0.0004291534424,0.0001072883606,0.0001072883606,0.0001072883606,0.01095581055,0.01095581055
E03170,39.25,22.5,2016-01-01T18:00:00,2016-01-01T18:00:00,2016-01-01T19:00:00,1,6,wet_snow,6,wet_snow,0,1,-1.165374756,-1.165374756,-1.165374756,2.553872108,2.553872108,0,0,0,0.0001072883606,0.0001072883606,0.0001072883606,0.02020263672,0.02020263672
E02428,39.5,22.25,2015-01-19T04:00:00,2015-01-19T04:00:00,2015-01-19T05:00:00,1,3,freezing_rain,3,freezing_rain,1,0,2.498199463,2.498199463,2.498199463,2.551484108,2.551484108,0.003004074097,0.003004074097,0.003004074097,0,0,0,0.004852294922,0.004852294922
E01868,39.75,22,2016-12-14T14:00:00,2016-12-14T14:00:00,2016-12-14T15:00:00,1,6,wet_snow,6,wet_snow,0,1,3.84085083,3.84085083,3.84085083,2.548288345,2.548288345,0,0,0,0,0,0,0.01699829102,0.01699829102
E00545,40.25,22,2020-01-18T19:00:00,2020-01-18T19:00:00,2020-01-18T20:00:00,1,3,freezing_rain,3,freezing_rain,1,0,1.628570557,1.628570557,1.628570557,2.546289444,2.546289444,0.003862380981,0.003862380981,0.003862380981,0,0,0,0.159576416,0.159576416
E02100,39.75,22.5,2016-01-02T08:00:00,2016-01-02T08:00:00,2016-01-02T09:00:00,1,6,wet_snow,6,wet_snow,0,1,2.798370361,2.798370361,2.798370361,2.541315079,2.541315079,0,0,0,0,0,0,0.007507324219,0.007507324219
E00237,40.25,21.75,2018-12-30T21:00:00,2018-12-30T21:00:00,2018-12-30T22:00:00,1,6,wet_snow,6,wet_snow,0,1,2.566070557,2.566070557,2.566070557,2.525754929,2.525754929,0,0,0,0.0002145767212,0.0002145767212,0.0002145767212,0.01272583008,0.01272583008
E03053,39.25,22.25,2016-01-19T21:00:00,2016-01-19T21:00:00,2016-01-19T22:00:00,1,6,wet_snow,6,wet_snow,0,1,-0.6612243652,-0.6612243652,-0.6612243652,2.523862839,2.523862839,0.002574920654,0.002574920654,0.002574920654,0.002574920654,0.002574920654,0.002574920654,0.01217651367,0.01217651367
E01743,39.75,21.75,2017-01-26T06:00:00,2017-01-26T06:00:00,2017-01-26T07:00:00,1,6,wet_snow,6,wet_snow,0,1,2.707550049,2.707550049,2.707550049,2.521764755,2.521764755,0.1961231232,0.1961231232,0.1961231232,0.154709816,0.154709816,0.154709816,0.1634216309,0.1634216309
E02438,39.5,22.25,2016-01-01T18:00:00,2016-01-01T18:00:00,2016-01-01T19:00:00,1,6,wet_snow,6,wet_snow,0,1,-1.655609131,-1.655609131,-1.655609131,2.521645546,2.521645546,0,0,0,0,0,0,0.01031494141,0.01031494141
E02923,39.25,22,2016-01-02T08:00:00,2016-01-02T08:00:00,2016-01-02T09:00:00,1,6,wet_snow,6,wet_snow,0,1,1.620635986,1.620635986,1.620635986,2.512994766,2.512994766,0.0008583068848,0.0008583068848,0.0008583068848,0.0003218650818,0.0003218650818,0.0003218650818,0.06228637695,0.06228637695
E02564,39.5,22.5,2019-02-15T06:00:00,2019-02-15T06:00:00,2019-02-15T07:00:00,1,6,wet_snow,6,wet_snow,0,1,1.908843994,1.908843994,1.908843994,2.510903358,2.510903358,0,0,0,0,0,0,0.007659912109,0.007659912109
E03031,39.25,22.25,2014-12-15T06:00:00,2014-12-15T06:00:00,2014-12-15T07:00:00,1,3,freezing_rain,3,freezing_rain,1,0,0.03872680664,0.03872680664,0.03872680664,2.510765076,2.510765076,0.0008583068848,0.0008583068848,0.0008583068848,0,0,0,6.103515625e-05,6.103515625e-05
E01278,40,22,2020-01-18T06:00:00,2020-01-18T06:00:00,2020-01-18T07:00:00,1,3,freezing_rain,3,freezing_rain,1,0,0.3631896973,0.3631896973,0.3631896973,2.478593826,2.478593826,0.003433227539,0.003433227539,0.003433227539,0,0,0,0.06597900391,0.06597900391
E01898,39.75,22,2018-01-26T07:00:00,2018-01-26T07:00:00,2018-01-26T08:00:00,1,6,wet_snow,6,wet_snow,0,1,-1.649993896,-1.649993896,-1.649993896,2.469398499,2.469398499,0.0004291534424,0.0004291534424,0.0004291534424,0.0006437301636,0.0006437301636,0.0006437301636,0.1290588379,0.1290588379
E02739,39.25,21.75,2015-02-16T06:00:00,2015-02-16T06:00:00,2015-02-16T07:00:00,1,6,wet_snow,6,wet_snow,0,1,-0.6416931152,-0.6416931152,-0.6416931152,2.459944725,2.459944725,0,0,0,0,0,0,0.001678466797,0.001678466797
E02551,39.5,22.5,2018-01-26T23:00:00,2018-01-26T23:00:00,2018-01-27T00:00:00,1,3,freezing_rain,3,freezing_rain,1,0,-1.267181396,-1.267181396,-1.267181396,2.457081795,2.457081795,0,0,0,0,0,0,0.004699707031,0.004699707031
E03242,39.25,22.5,2020-01-24T07:00:00,2020-01-24T07:00:00,2020-01-24T08:00:00,1,6,wet_snow,6,wet_snow,0,1,-2.673675537,-2.673675537,-2.673675537,2.45640564,2.45640564,0,0,0,0,0,0,0.04806518555,0.04806518555
E01284,40,22,2020-01-24T06:00:00,2020-01-24T06:00:00,2020-01-24T07:00:00,1,3,freezing_rain,3,freezing_rain,1,0,-1.976898193,-1.976898193,-1.976898193,2.438573837,2.438573837,0.00171661377,0.00171661377,0.00171661377,0,0,0,0.01000976562,0.01000976562
E02357,39.5,22,2015-12-31T07:00:00,2015-12-31T07:00:00,2015-12-31T08:00:00,1,6,wet_snow,6,wet_snow,0,1,0.8121643066,0.8121643066,0.8121643066,2.438056946,2.438056946,0.1579284668,0.1579284668,0.1579284668,0.1492381096,0.1492381096,0.1492381096,0.06689453125,0.06689453125
E02328,39.5,22,2012-01-28T05:00:00,2012-01-28T05:00:00,2012-01-28T06:00:00,1,6,wet_snow,6,wet_snow,0,1,0.2877502441,0.2877502441,0.2877502441,2.436830521,2.436830521,0,0,0,0.000536441803,0.000536441803,0.000536441803,0.0475769043,0.0475769043
E03047,39.25,22.25,2016-01-01T17:00:00,2016-01-01T17:00:00,2016-01-01T18:00:00,1,6,wet_snow,6,wet_snow,0,1,-1.071380615,-1.071380615,-1.071380615,2.426474571,2.426474571,0,0,0,0,0,0,0.02026367188,0.02026367188
E02550,39.5,22.5,2017-12-30T06:00:00,2017-12-30T06:00:00,2017-12-30T07:00:00,1,3,freezing_rain,3,freezing_rain,1,0,1.20791626,1.20791626,1.20791626,2.425260544,2.425260544,0.002574920654,0.002574920654,0.002574920654,0,0,0,0.0002136230469,0.0002136230469
E02360,39.5,22,2016-01-01T08:00:00,2016-01-01T08:00:00,2016-01-01T09:00:00,1,6,wet_snow,6,wet_snow,0,1,-0.4258728027,-0.4258728027,-0.4258728027,2.421847343,2.421847343,0.002145767212,0.002145767212,0.002145767212,0.002467632294,0.002467632294,0.002467632294,0.04434204102,0.04434204102
E02436,39.5,22.25,2016-01-01T08:00:00,2016-01-01T08:00:00,2016-01-01T09:00:00,1,6,wet_snow,6,wet_snow,0,1,-0.2891540527,-0.2891540527,-0.2891540527,2.416964531,2.416964531,0.0008583068848,0.0008583068848,0.0008583068848,0.0007510185242,0.0007510185242,0.0007510185242,0.03384399414,0.03384399414
E03048,39.25,22.25,2016-01-02T08:00:00,2016-01-02T08:00:00,2016-01-02T09:00:00,1,6,wet_snow,6,wet_snow,0,1,1.142120361,1.142120361,1.142120361,2.404596329,2.404596329,0.0008583068848,0.0008583068848,0.0008583068848,0.0002145767212,0.0002145767212,0.0002145767212,0.05450439453,0.05450439453
E01019,40,21.75,2019-01-13T18:00:00,2019-01-13T18:00:00,2019-01-13T19:00:00,1,6,wet_snow,6,wet_snow,0,1,-0.9422302246,-0.9422302246,-0.9422302246,2.394693375,2.394693375,0,0,0,5.36441803e-05,5.36441803e-05,5.36441803e-05,3.051757812e-05,3.051757812e-05
E02420,39.5,22.25,2013-12-15T01:00:00,2013-12-15T01:00:00,2013-12-15T02:00:00,1,3,freezing_rain,3,freezing_rain,1,0,-2.6902771,-2.6902771,-2.6902771,2.385912895,2.385912895,0.0004291534424,0.0004291534424,0.0004291534424,0,0,0,0.005096435547,0.005096435547
E02525,39.5,22.5,2016-01-03T06:00:00,2016-01-03T06:00:00,2016-01-03T07:00:00,1,3,freezing_rain,3,freezing_rain,1,0,0.3321838379,0.3321838379,0.3321838379,2.369359016,2.369359016,0.006008148193,0.006008148193,0.006008148193,0,0,0,0.1682128906,0.1682128906
E02879,39.25,22,2012-01-28T07:00:00,2012-01-28T07:00:00,2012-01-28T08:00:00,1,6,wet_snow,6,wet_snow,0,1,-0.7452087402,-0.7452087402,-0.7452087402,2.369024277,2.369024277,0.007724761963,0.007724761963,0.007724761963,0.007832050323,0.007832050323,0.007832050323,0.2426452637,0.2426452637
E02893,39.25,22,2012-02-11T07:00:00,2012-02-11T07:00:00,2012-02-11T08:00:00,1,6,wet_snow,6,wet_snow,0,1,1.410430908,1.410430908,1.410430908,2.361807823,2.361807823,0.9999275208,0.9999275208,0.9999275208,0.9588360786,0.9588360786,0.9588360786,0.02648925781,0.02648925781
E02327,39.5,22,2012-01-28T03:00:00,2012-01-28T03:00:00,2012-01-28T04:00:00,1,6,wet_snow,6,wet_snow,0,1,0.5162658691,0.5162658691,0.5162658691,2.339334488,2.339334488,0,0,0,0.0004291534424,0.0004291534424,0.0004291534424,0.02337646484,0.02337646484
E01747,39.75,21.75,2017-01-29T07:00:00,2017-01-29T07:00:00,2017-01-29T08:00:00,1,6,wet_snow,6,wet_snow,0,1,-0.7420349121,-0.7420349121,-0.7420349121,2.337037086,2.337037086,0.03604888916,0.03604888916,0.03604888916,0.03572702408,0.03572702408,0.03572702408,0.2068481445,0.2068481445
E00086,40.25,21.75,2014-01-14T06:00:00,2014-01-14T06:00:00,2014-01-14T07:00:00,1,3,freezing_rain,3,freezing_rain,1,0,1.558013916,1.558013916,1.558013916,2.336645126,2.336645126,0.004720687866,0.004720687866,0.004720687866,0,0,0,0.0927734375,0.0927734375
E01048,40,21.75,2020-02-17T04:00:00,2020-02-17T04:00:00,2020-02-17T05:00:00,1,3,freezing_rain,3,freezing_rain,1,0,-1.08505249,-1.08505249,-1.08505249,2.333656311,2.333656311,0,0,0,0,0,0,0.007568359375,0.007568359375
E01810,39.75,22,2012-01-28T07:00:00,2012-01-28T07:00:00,2012-01-28T08:00:00,1,6,wet_snow,6,wet_snow,0,1,0.3036193848,0.3036193848,0.3036193848,2.328985214,2.328985214,0.005149841309,0.005149841309,0.005149841309,0.005042552948,0.005042552948,0.005042552948,0.1318054199,0.1318054199
E00081,40.25,21.75,2013-12-30T06:00:00,2013-12-30T06:00:00,2013-12-30T07:00:00,1,3,freezing_rain,3,freezing_rain,1,0,0.8773498535,0.8773498535,0.8773498535,2.326701164,2.326701164,0.00171661377,0.00171661377,0.00171661377,0,0,0,0.01235961914,0.01235961914
E03178,39.25,22.5,2016-01-21T01:00:00,2016-01-21T01:00:00,2016-01-21T02:00:00,1,6,wet_snow,6,wet_snow,0,1,0.8790588379,0.8790588379,0.8790588379,2.31979847,2.31979847,0,0,0,5.36441803e-05,5.36441803e-05,5.36441803e-05,0.0234375,0.0234375
E02232,39.5,21.75,2013-12-24T06:00:00,2013-12-24T06:00:00,2013-12-24T07:00:00,1,6,wet_snow,6,wet_snow,0,1,0.841217041,0.841217041,0.841217041,2.312659264,2.312659264,0.001287460327,0.001287460327,0.001287460327,0.001448392868,0.001448392868,0.001448392868,0.03466796875,0.03466796875
E02993,39.25,22,2020-01-19T06:00:00,2020-01-19T06:00:00,2020-01-19T07:00:00,1,3,freezing_rain,3,freezing_rain,1,0,0.9710998535,0.9710998535,0.9710998535,2.307037354,2.307037354,0.004291534424,0.004291534424,0.004291534424,0.001394748688,0.001394748688,0.001394748688,0.152130127,0.152130127
E03209,39.25,22.5,2018-01-25T04:00:00,2018-01-25T04:00:00,2018-01-25T05:00:00,1,6,wet_snow,6,wet_snow,0,1,-0.5555114746,-0.5555114746,-0.5555114746,2.269934654,2.269934654,0.01802444458,0.01802444458,0.01802444458,0.01802444458,0.01802444458,0.01802444458,0.03546142578,0.03546142578
E03018,39.25,22.25,2012-02-11T07:00:00,2012-02-11T07:00:00,2012-02-11T08:00:00,1,6,wet_snow,6,wet_snow,0,1,2.193634033,2.193634033,2.193634033,2.252432823,2.252432823,1.163864136,1.163864136,1.163864136,0.9603381157,0.9603381157,0.9603381157,0.005279541016,0.005279541016
E03212,39.25,22.5,2018-12-12T23:00:00,2018-12-12T23:00:00,2018-12-13T00:00:00,1,6,wet_snow,6,wet_snow,0,1,-0.5623474121,-0.5623474121,-0.5623474121,2.244387627,2.244387627,0,0,0,0,0,0,3.051757812e-05,3.051757812e-05
E01393,40,22.25,2015-02-16T00:00:00,2015-02-16T00:00:00,2015-02-16T01:00:00,1,3,freezing_rain,3,freezing_rain,1,0,-2.683929443,-2.683929443,-2.683929443,2.240898132,2.240898132,0,0,0,0,0,0,0.007110595703,0.007110595703
E03004,39.25,22.25,2012-01-28T07:00:00,2012-01-28T07:00:00,2012-01-28T08:00:00,1,6,wet_snow,6,wet_snow,0,1,0.03408813477,0.03408813477,0.03408813477,2.234258652,2.234258652,0.01029968262,0.01029968262,0.01029968262,0.009119510651,0.009119510651,0.009119510651,0.2753295898,0.2753295898
E00977,40,21.75,2017-01-31T23:00:00,2017-01-31T23:00:00,2017-02-01T00:00:00,1,6,wet_snow,6,wet_snow,0,1,0.3370666504,0.3370666504,0.3370666504,2.232434273,2.232434273,0.001287460327,0.001287460327,0.001287460327,0,0,0,0.02209472656,0.02209472656
E00927,40,21.75,2015-12-10T01:00:00,2015-12-10T01:00:00,2015-12-10T02:00:00,1,3,freezing_rain,3,freezing_rain,1,0,0.4332580566,0.4332580566,0.4332580566,2.228291512,2.228291512,0.004291534424,0.004291534424,0.004291534424,0,0,0,0.005096435547,0.005096435547
E00546,40.25,22,2020-01-19T00:00:00,2020-01-19T00:00:00,2020-01-19T01:00:00,1,6,wet_snow,6,wet_snow,0,1,2.174224854,2.174224854,2.174224854,2.226195335,2.226195335,0.03175735474,0.03175735474,0.03175735474,0.01105070114,0.01105070114,0.01105070114,0.2413635254,0.2413635254
E01504,40,22.25,2020-01-19T07:00:00,2020-01-19T07:00:00,2020-01-19T08:00:00,1,6,wet_snow,6,wet_snow,0,1,2.284698486,2.284698486,2.284698486,2.216467857,2.216467857,0.0171661377,0.0171661377,0.0171661377,0.01512765884,0.01512765884,0.01512765884,0.1919250488,0.1919250488
E02545,39.5,22.5,2017-01-27T07:00:00,2017-01-27T07:00:00,2017-01-27T08:00:00,1,6,wet_snow,6,wet_snow,0,1,0.7643127441,0.7643127441,0.7643127441,2.215519905,2.215519905,0.00901222229,0.00901222229,0.00901222229,0.00901222229,0.00901222229,0.00901222229,0.01385498047,0.01385498047
E02295,39.5,21.75,2018-01-26T07:00:00,2018-01-26T07:00:00,2018-01-26T08:00:00,1,6,wet_snow,6,wet_snow,0,1,-1.712493896,-1.712493896,-1.712493896,2.206703186,2.206703186,0,0,0,0,0,0,0.04779052734,0.04779052734
E03055,39.25,22.25,2016-01-20T23:00:00,2016-01-20T23:00:00,2016-01-21T00:00:00,1,6,wet_snow,6,wet_snow,0,1,0.321685791,0.321685791,0.321685791,2.195573807,2.195573807,0.0008583068848,0.0008583068848,0.0008583068848,0.001019239426,0.001019239426,0.001019239426,0.05178833008,0.05178833008
E01752,39.75,21.75,2017-02-13T21:00:00,2017-02-13T21:00:00,2017-02-13T22:00:00,1,6,wet_snow,6,wet_snow,0,1,0.2062072754,0.2062072754,0.2062072754,2.190742493,2.190742493,0.1287460327,0.1287460327,0.1287460327,0.09548664093,0.09548664093,0.09548664093,0.2319946289,0.2319946289
E02930,39.25,22,2016-01-20T23:00:00,2016-01-20T23:00:00,2016-01-21T00:00:00,1,6,wet_snow,6,wet_snow,0,1,-0.135345459,-0.135345459,-0.135345459,2.189714432,2.189714432,0.0008583068848,0.0008583068848,0.0008583068848,0.0006973743439,0.0006973743439,0.0006973743439,0.05221557617,0.05221557617
E03118,39.25,22.25,2020-01-19T06:00:00,2020-01-19T06:00:00,2020-01-19T07:00:00,1,3,freezing_rain,3,freezing_rain,1,0,1.336334229,1.336334229,1.336334229,2.182037354,2.182037354,0.003433227539,0.003433227539,0.003433227539,0,0,0,0.1677246094,0.1677246094
E00285,40.25,21.75,2020-02-17T06:00:00,2020-02-17T06:00:00,2020-02-17T07:00:00,1,3,freezing_rain,3,freezing_rain,1,0,-1.478118896,-1.478118896,-1.478118896,2.172662735,2.172662735,0,0,0,0.0001609325409,0.0001609325409,0.0001609325409,0.02716064453,0.02716064453
E03202,39.25,22.5,2017-02-14T06:00:00,2017-02-14T06:00:00,2017-02-14T07:00:00,1,6,wet_snow,6,wet_snow,0,1,0.4352111816,0.4352111816,0.4352111816,2.164186478,2.164186478,0.02617835999,0.02617835999,0.02617835999,0.02403259277,0.02403259277,0.02403259277,0.08734130859,0.08734130859
E02460,39.5,22.25,2018-01-31T05:00:00,2018-01-31T05:00:00,2018-01-31T06:00:00,1,3,freezing_rain,3,freezing_rain,1,0,-1.300140381,-1.300140381,-1.300140381,2.148564339,2.148564339,0,0,0,0,0,0,0,0
E02276,39.5,21.75,2017-01-27T02:00:00,2017-01-27T02:00:00,2017-01-27T03:00:00,1,6,wet_snow,6,wet_snow,0,1,0.3033752441,0.3033752441,0.3033752441,2.135994911,2.135994911,0.1489162445,0.1489162445,0.1489162445,0.1455366611,0.1455366611,0.1455366611,0.1322937012,0.1322937012
E02102,39.75,22.5,2016-01-18T19:00:00,2016-01-18T19:00:00,2016-01-18T20:00:00,1,6,wet_snow,6,wet_snow,0,1,0.8436584473,0.8436584473,0.8436584473,2.124637604,2.124637604,0.002574920654,0.002574920654,0.002574920654,0.002521276474,0.002521276474,0.002521276474,0.001525878906,0.001525878906
E02560,39.5,22.5,2019-01-11T06:00:00,2019-01-11T06:00:00,2019-01-11T07:00:00,1,3,freezing_rain,3,freezing_rain,1,0,0.931060791,0.931060791,0.931060791,2.106773376,2.106773376,0.004291534424,0.004291534424,0.004291534424,0,0,0,3.051757812e-05,3.051757812e-05
E00971,40,21.75,2017-01-25T18:00:00,2017-01-25T18:00:00,2017-01-25T19:00:00,1,6,wet_snow,6,wet_snow,0,1,2.361968994,2.361968994,2.361968994,2.105834961,2.105834961,0.008583068848,0.008583068848,0.008583068848,0.006115436554,0.006115436554,0.006115436554,0.05682373047,0.05682373047
E03208,39.25,22.5,2018-01-25T01:00:00,2018-01-25T01:00:00,2018-01-25T02:00:00,1,6,wet_snow,6,wet_snow,0,1,0.5494689941,0.5494689941,0.5494689941,2.100209236,2.100209236,0.0424861908,0.0424861908,0.0424861908,0.005686283112,0.005686283112,0.005686283112,0.01272583008,0.01272583008
E02552,39.5,22.5,2018-01-28T02:00:00,2018-01-28T02:00:00,2018-01-28T03:00:00,1,3,freezing_rain,3,freezing_rain,1,0,-0.8636169434,-0.8636169434,-0.8636169434,2.081357956,2.081357956,0,0,0,0,0,0,0.005126953125,0.005126953125
E00871,40,21.75,2013-01-01T23:00:00,2013-01-01T23:00:00,2013-01-02T00:00:00,1,6,wet_snow,6,wet_snow,0,1,0.2992248535,0.2992248535,0.2992248535,2.080729485,2.080729485,0,0,0,0,0,0,0.003601074219,0.003601074219
E02732,39.25,21.75,2015-01-27T23:00:00,2015-01-27T23:00:00,2015-01-28T00:00:00,1,3,freezing_rain,3,freezing_rain,1,0,1.785797119,1.785797119,1.785797119,2.063122749,2.063122749,0.00171661377,0.00171661377,0.00171661377,0,0,0,0.01010131836,0.01010131836
E02532,39.5,22.5,2016-12-21T01:00:00,2016-12-21T01:00:00,2016-12-21T02:00:00,1,3,freezing_rain,3,freezing_rain,1,0,-2.297454834,-2.297454834,-2.297454834,2.056705475,2.056705475,0.02403259277,0.02403259277,0.02403259277,0,0,0,0.07470703125,0.07470703125
E02060,39.75,22.5,2012-01-26T07:00:00,2012-01-26T07:00:00,2012-01-26T08:00:00,1,6,wet_snow,6,wet_snow,0,1,1.704498291,1.704498291,1.704498291,2.04761982,2.04761982,0,0,0,0.0001072883606,0.0001072883606,0.0001072883606,0.005889892578,0.005889892578
E01753,39.75,21.75,2017-02-14T06:00:00,2017-02-14T06:00:00,2017-02-14T07:00:00,1,6,wet_snow,6,wet_snow,0,1,-0.01986694336,-0.01986694336,-0.01986694336,2.031373978,2.031373978,0.07338523865,0.07338523865,0.07338523865,0.05536079407,0.05536079407,0.05536079407,0.1849365234,0.1849365234
E02401,39.5,22,2020-01-24T06:00:00,2020-01-24T06:00:00,2020-01-24T07:00:00,1,3,freezing_rain,3,freezing_rain,1,0,-2.062835693,-2.062835693,-2.062835693,2.031347275,2.031347275,0.00171661377,0.00171661377,0.00171661377,0,0,0,0.005096435547,0.005096435547
E02928,39.25,22,2016-01-19T21:00:00,2016-01-19T21:00:00,2016-01-19T22:00:00,1,6,wet_snow,6,wet_snow,0,1,-0.7959899902,-0.7959899902,-0.7959899902,2.007261276,2.007261276,0.009441375732,0.009441375732,0.009441375732,0.009226799011,0.009226799011,0.009226799011,0.009399414062,0.009399414062
E03050,39.25,22.25,2016-01-03T06:00:00,2016-01-03T06:00:00,2016-01-03T07:00:00,1,3,freezing_rain,3,freezing_rain,1,0,0.6896057129,0.6896057129,0.6896057129,1.994359016,1.994359016,0.003433227539,0.003433227539,0.003433227539,0,0,0,0.08233642578,0.08233642578
E02994,39.25,22,2020-01-24T01:00:00,2020-01-24T01:00:00,2020-01-24T02:00:00,1,3,freezing_rain,3,freezing_rain,1,0,0.5377502441,0.5377502441,0.5377502441,1.977525711,1.977525711,0.0008583068848,0.0008583068848,0.0008583068848,0,0,0,0.01300048828,0.01300048828
E03199,39.25,22.5,2017-01-29T05:00:00,2017-01-29T05:00:00,2017-01-29T06:00:00,1,3,freezing_rain,3,freezing_rain,1,0,-0.8672790527,-0.8672790527,-0.8672790527,1.971963882,1.971963882,0.01029968262,0.01029968262,0.01029968262,0.0001072883606,0.0001072883606,0.0001072883606,0.1213989258,0.1213989258
E03119,39.25,22.25,2020-01-24T01:00:00,2020-01-24T01:00:00,2020-01-24T02:00:00,1,3,freezing_rain,3,freezing_rain,1,0,-0.2181091309,-0.2181091309,-0.2181091309,1.945299149,1.945299149,0.0008583068848,0.0008583068848,0.0008583068848,0,0,0,0.01992797852,0.01992797852
E03211,39.25,22.5,2018-12-08T00:00:00,2018-12-08T00:00:00,2018-12-08T01:00:00,1,6,wet_snow,6,wet_snow,0,1,-2.167327881,-2.167327881,-2.167327881,1.929922104,1.929922104,0,0,0,0,0,0,0.001770019531,0.001770019531
E03130,39.25,22.5,2012-01-28T05:00:00,2012-01-28T05:00:00,2012-01-28T06:00:00,1,6,wet_snow,6,wet_snow,0,1,0.1764221191,0.1764221191,0.1764221191,1.896791458,1.896791458,0.03604888916,0.03604888916,0.03604888916,0.03626346588,0.03626346588,0.03626346588,0.2288818359,0.2288818359
E00630,40.25,22.25,2015-02-16T01:00:00,2015-02-16T01:00:00,2015-02-16T02:00:00,1,3,freezing_rain,3,freezing_rain,1,0,-1.822357178,-1.822357178,-1.822357178,1.876998901,1.876998901,0.007724761963,0.007724761963,0.007724761963,0.0001072883606,0.0001072883606,0.0001072883606,0.02645874023,0.02645874023
E02556,39.5,22.5,2019-01-04T11:00:00,2019-01-04T11:00:00,2019-01-04T12:00:00,1,6,wet_snow,6,wet_snow,0,1,0.5608215332,0.5608215332,0.5608215332,1.841095924,1.841095924,0.6566047668,0.6566047668,0.6566047668,0.6569266319,0.6569266319,0.6569266319,0.08901977539,0.08901977539
E03197,39.25,22.5,2017-01-29T00:00:00,2017-01-29T00:00:00,2017-01-29T01:00:00,1,3,freezing_rain,3,freezing_rain,1,0,-0.8721618652,-0.8721618652,-0.8721618652,1.834798813,1.834798813,0.0008583068848,0.0008583068848,0.0008583068848,0,0,0,0.072265625,0.072265625
E03241,39.25,22.5,2020-01-24T01:00:00,2020-01-24T01:00:00,2020-01-24T02:00:00,1,3,freezing_rain,3,freezing_rain,1,0,0.09829711914,0.09829711914,0.09829711914,1.831041336,1.831041336,0.0008583068848,0.0008583068848,0.0008583068848,0,0,0,0.01455688477,0.01455688477
E01825,39.75,22,2012-02-14T18:00:00,2012-02-14T18:00:00,2012-02-14T19:00:00,1,6,wet_snow,6,wet_snow,0,1,1.088043213,1.088043213,1.088043213,1.808897018,1.808897018,0.1514911652,0.1514911652,0.1514911652,0.03545880318,0.03545880318,0.03545880318,0.003234863281,0.003234863281
E02477,39.5,22.25,2020-01-24T06:00:00,2020-01-24T06:00:00,2020-01-24T07:00:00,1,3,freezing_rain,3,freezing_rain,1,0,-2.349945068,-2.349945068,-2.349945068,1.75595665,1.75595665,0.0008583068848,0.0008583068848,0.0008583068848,5.36441803e-05,5.36441803e-05,5.36441803e-05,0.01956176758,0.01956176758
E02735,39.25,21.75,2015-02-09T00:00:00,2015-02-09T00:00:00,2015-02-09T01:00:00,1,6,wet_snow,6,wet_snow,0,1,1.632232666,1.632232666,1.632232666,1.711489677,1.711489677,0.4574775696,0.4574775696,0.4574775696,0.1249909401,0.1249909401,0.1249909401,0.1025390625,0.1025390625
E01117,40,22,2013-02-10T23:00:00,2013-02-10T23:00:00,2013-02-11T00:00:00,1,6,wet_snow,6,wet_snow,0,1,0.6795959473,0.6795959473,0.6795959473,1.708744049,1.708744049,0,0,0,0,0,0,0,0
E02277,39.5,21.75,2017-01-27T04:00:00,2017-01-27T04:00:00,2017-01-27T05:00:00,1,6,wet_snow,6,wet_snow,0,1,0.6742248535,0.6742248535,0.6742248535,1.696884871,1.696884871,0.07810592651,0.07810592651,0.07810592651,0.07799863815,0.07799863815,0.07799863815,0.1286010742,0.1286010742
E00893,40,21.75,2014-01-03T02:00:00,2014-01-03T02:00:00,2014-01-03T03:00:00,1,3,freezing_rain,3,freezing_rain,1,0,0.8854064941,0.8854064941,0.8854064941,1.657834053,1.657834053,0,0,0,0,0,0,0.008087158203,0.008087158203
E03201,39.25,22.5,2017-02-01T04:00:00,2017-02-01T04:00:00,2017-02-01T05:00:00,1,6,wet_snow,6,wet_snow,0,1,0.6847229004,0.6847229004,0.6847229004,1.600147247,1.600147247,0,0,0,0,0,0,0.01516723633,0.01516723633
E03210,39.25,22.5,2018-01-27T23:00:00,2018-01-27T23:00:00,2018-01-28T00:00:00,1,6,wet_snow,6,wet_snow,0,1,-0.1573181152,-0.1573181152,-0.1573181152,1.589557648,1.589557648,0,0,0,0,0,0,0.01559448242,0.01559448242
E01768,39.75,21.75,2018-01-27T05:00:00,2018-01-27T05:00:00,2018-01-27T06:00:00,1,3,freezing_rain,3,freezing_rain,1,0,-1.282562256,-1.282562256,-1.282562256,1.546977043,1.546977043,0.0008583068848,0.0008583068848,0.0008583068848,0,0,0,0,0
E00931,40,21.75,2015-12-16T03:00:00,2015-12-16T03:00:00,2015-12-16T04:00:00,1,3,freezing_rain,3,freezing_rain,1,0,-1.056732178,-1.056732178,-1.056732178,1.537219048,1.537219048,0.0111579895,0.0111579895,0.0111579895,0,0,0,0.0005798339844,0.0005798339844
E00045,40.25,21.75,2013-01-01T06:00:00,2013-01-01T06:00:00,2013-01-01T07:00:00,1,3,freezing_rain,3,freezing_rain,1,0,-1.012298584,-1.012298584,-1.012298584,1.533381462,1.533381462,0,0,0,0,0,0,0.01397705078,0.01397705078
E02486,39.5,22.5,2012-01-28T06:00:00,2012-01-28T06:00:00,2012-01-28T07:00:00,1,6,wet_snow,6,wet_snow,0,1,0.413848877,0.413848877,0.413848877,1.434166908,1.434166908,0.01974105835,0.01974105835,0.01974105835,0.01888275146,0.01888275146,0.01888275146,0.1462402344,0.1462402344
E00131,40.25,21.75,2015-12-09T02:00:00,2015-12-09T02:00:00,2015-12-09T03:00:00,1,6,wet_snow,6,wet_snow,0,1,-0.4080505371,-0.4080505371,-0.4080505371,1.418038368,1.418038368,0,0,0,0,0,0,0.004638671875,0.004638671875
E00964,40,21.75,2017-01-22T01:00:00,2017-01-22T01:00:00,2017-01-22T02:00:00,1,3,freezing_rain,3,freezing_rain,1,0,-0.6116638184,-0.6116638184,-0.6116638184,1.378876686,1.378876686,0.002145767212,0.002145767212,0.002145767212,0,0,0,0.129486084,0.129486084
E01953,39.75,22.25,2012-02-14T18:00:00,2012-02-14T18:00:00,2012-02-14T19:00:00,1,6,wet_snow,6,wet_snow,0,1,1.675933838,1.675933838,1.675933838,1.304014206,1.304014206,0.09741783142,0.09741783142,0.09741783142,0.02279877663,0.02279877663,0.02279877663,0.001861572266,0.001861572266
E02241,39.5,21.75,2015-01-08T20:00:00,2015-01-08T20:00:00,2015-01-08T21:00:00,1,6,wet_snow,6,wet_snow,0,1,-0.207611084,-0.207611084,-0.207611084,1.294146538,1.294146538,0.001287460327,0.001287460327,0.001287460327,0.0009655952454,0.0009655952454,0.0009655952454,0.00048828125,0.00048828125
